date,product,region,customer_id,customer_type,salesperson,quantity,price,discount,revenue
2023-01-01,Product A,North,CUST3477,new,Robert Wilson,2,108.20556582282252,0.05797261570972248,203.8652122754459
2023-01-01,Product D,North,CUST3836,returning,Mike Brown,1,76.33892613321407,0.017187651213592427,75.02683929681619
2023-01-01,Product C,North,CUST1727,returning,Sarah Johnson,1,505.047951504032,0.06692002629380785,471.2501293097484
2023-01-01,Product C,West,CUST3172,returning,Emily Davis,1,585.761592137577,0.07055627116496911,544.4324384046942
2023-01-01,Product A,North,CUST1779,returning,Robert Wilson,2,96.27887638537057,0.0254391580841847,187.65924565767088
2023-01-01,Product B,North,CUST2191,returning,John Smith,1,254.5616789315935,0.06259396701015728,238.62765359849908
2023-01-01,Product A,North,CUST4350,returning,John Smith,1,95.97474993578764,0.012300329512374565,94.7942288867097
2023-01-01,Product C,South,CUST2326,new,Mike Brown,3,439.76281218748056,0.05702869387313905,1244.05114018335
2023-01-01,Product C,North,CUST1823,returning,John Smith,1,447.501294258494,0.03748705795237041,430.7257873068651
2023-01-01,Product B,Central,CUST1273,returning,Emily Davis,2,235.1542260049698,0.06439565794476136,440.0226298057773
2023-01-01,Product A,North,CUST1843,returning,Robert Wilson,2,111.43701104835652,0.0022066148682290845,222.38222496581244
2023-01-01,Product A,North,CUST4747,returning,John Smith,4,80.2266325811827,0.07689227821076411,296.2312961153506
2023-01-01,Product D,South,CUST2709,returning,Sarah Johnson,1,62.475256033212645,0.007857849715502074,61.98433486036615
2023-01-01,Product B,Central,CUST4384,returning,Mike Brown,1,221.9273961923876,0.06034930960433787,208.53423104988866
2023-01-01,Product A,Central,CUST2460,returning,Mike Brown,4,83.0143624140985,0.08129010091300776,305.0644660649097
2023-01-01,Product C,West,CUST4996,new,Mike Brown,1,458.2288495570358,0.03980052929545028,439.9910988062205
2023-01-01,Product D,Central,CUST2423,new,Mike Brown,2,78.43457332534895,0.029582409749653607,152.22857927739844
2023-01-01,Product A,West,CUST4517,new,Mike Brown,2,89.01331190850114,0.024595772838450814,173.64792141840294
2023-01-01,Product A,East,CUST2064,new,Mike Brown,4,116.72956346701748,0.0027519185140415293,465.63333288070646
2023-01-01,Product A,South,CUST1145,new,Emily Davis,2,84.41896452525579,0.029700287645488224,163.82339399224284
2023-01-01,Product C,East,CUST2252,new,John Smith,4,514.8946226359824,0.0781514481751415,1898.6194488775495
2023-01-01,Product A,Central,CUST4110,new,Mike Brown,3,115.98298293098273,0.0531857479688174,329.44302369643145
2023-01-01,Product C,South,CUST4269,returning,Mike Brown,1,434.4178458590519,0.09329248625696722,393.889924944465
2023-01-01,Product A,East,CUST3606,returning,Sarah Johnson,3,97.3106751839705,0.0677540945503534,272.1524354903911
2023-01-01,Product C,East,CUST1759,returning,Robert Wilson,3,534.2958297334413,0.011619095652544598,1584.2633861430386
2023-01-01,Product B,Central,CUST1607,new,Robert Wilson,3,203.11490927933912,0.02640043499594659,593.257761960607
2023-01-01,Product B,Central,CUST3915,returning,Mike Brown,1,282.591770731603,0.06946409588937279,262.96178887195526
2023-01-01,Product A,Central,CUST1081,returning,Emily Davis,1,81.06128815495279,0.0876444075875294,73.95671957632995
2023-01-01,Product A,South,CUST2098,returning,Sarah Johnson,1,85.67887959043976,0.07396713007267637,79.34145875929252
2023-01-01,Product A,West,CUST3079,returning,John Smith,2,89.49933220677536,0.056439538033898964,168.896062485365
2023-01-01,Product B,South,CUST2948,returning,John Smith,2,254.0905003838081,0.041186474041749604,487.25081717099044
2023-01-01,Product A,East,CUST1648,returning,Mike Brown,4,97.08431154505026,0.035256885633416904,374.6456843044296
2023-01-01,Product A,South,CUST1405,returning,Mike Brown,3,95.87926068297133,0.09423870191022332,260.53117084828864
2023-01-01,Product A,East,CUST2886,returning,Emily Davis,2,93.82508148144636,0.08733108732577283,171.26247019448482
2023-01-01,Product B,East,CUST3470,returning,John Smith,2,211.47688718692177,0.04039778763265483,405.86737761825924
2023-01-01,Product A,East,CUST3901,returning,Emily Davis,2,110.02393826976507,0.026084924596208894,214.3079442724406
2023-01-01,Product A,East,CUST4829,new,Sarah Johnson,4,94.19189158625555,0.09539452124937761,340.8260047312457
2023-01-01,Product A,North,CUST2136,new,Emily Davis,3,93.50460685614512,0.016829104217293056,275.7930242476981
2023-01-01,Product D,West,CUST1789,returning,Emily Davis,1,71.64175422782871,0.0893509971393318,65.24049205076128
2023-01-01,Product B,West,CUST2019,new,Robert Wilson,3,273.82955104783076,0.025781087402333758,800.3097823767744
2023-01-02,Product B,Central,CUST1303,returning,Sarah Johnson,2,202.5642065806436,0.010891834184673144,400.7158216616347
2023-01-02,Product A,North,CUST3204,new,Robert Wilson,1,119.88498000630842,0.010219361969371898,118.65983200093305
2023-01-02,Product C,North,CUST4511,returning,Emily Davis,3,446.0107366062868,0.027325952699820934,1301.4692049425132
2023-01-02,Product D,Central,CUST4831,new,Emily Davis,2,86.39465741855085,0.01737615931357438,169.78690017480886
2023-01-02,Product B,West,CUST1939,returning,Emily Davis,4,293.080729731649,0.07385974581323307,1085.7354461236503
2023-01-02,Product A,East,CUST1197,returning,John Smith,3,111.55729887104029,0.09429838168160426,303.11287836819037
2023-01-02,Product B,North,CUST3760,new,Mike Brown,2,209.24495170370665,0.026248500790059106,407.50517084719206
2023-01-02,Product C,South,CUST3231,new,Robert Wilson,4,541.4172954533396,0.01451965128846603,2134.2244204872513
2023-01-02,Product D,Central,CUST1048,returning,Robert Wilson,3,78.85220872922969,0.06439079570677647,221.3245567977533
2023-01-02,Product C,South,CUST2625,returning,Emily Davis,4,494.68017629898253,0.047380982839794666,1884.9669734182953
2023-01-02,Product C,Central,CUST3845,returning,Emily Davis,1,437.6999705591123,0.0558953240270377,413.23458887808584
2023-01-02,Product B,North,CUST3621,returning,Mike Brown,3,291.73956130855316,0.081707207094928,803.7070096647952
2023-01-02,Product A,East,CUST1705,returning,Robert Wilson,2,101.48333822360414,0.022566458305205508,198.3864374058162
2023-01-02,Product E,North,CUST2553,returning,Mike Brown,2,1451.7764296840862,0.021369814157032842,2841.5044743683534
2023-01-02,Product A,East,CUST4677,new,Mike Brown,1,85.55299093768082,0.07602278598896867,79.04901421690934
2023-01-02,Product D,South,CUST3541,new,Robert Wilson,1,64.39308769808449,0.0008059103342119789,64.34119264325679
2023-01-02,Product C,Central,CUST2900,new,Emily Davis,1,575.3531273523499,0.010291603074414502,569.4318213380166
2023-01-02,Product A,Central,CUST4904,new,John Smith,4,82.11061031438412,0.05235864852214529,311.24563891597774
2023-01-02,Product C,West,CUST2625,returning,Emily Davis,2,406.48868920943744,0.08634657303414633,742.7795678381207
2023-01-02,Product C,Central,CUST2571,new,Sarah Johnson,2,581.1513581272895,0.05201154145023945,1101.8495603503782
2023-01-02,Product E,West,CUST3177,returning,John Smith,4,1604.165899198017,0.08484822099337397,5872.221105891317
2023-01-02,Product A,South,CUST2985,new,John Smith,2,88.94457737985245,0.09756102008599149,160.53410735911328
2023-01-02,Product A,Central,CUST2639,returning,Mike Brown,1,83.00551126943235,0.04127935506067523,79.57909729774856
2023-01-02,Product B,North,CUST1637,new,John Smith,2,278.9432194195191,0.01613628010553837,548.8842269948502
2023-01-02,Product C,North,CUST3361,returning,Sarah Johnson,1,509.6838325987125,0.05810150933751095,480.07043263980006
2023-01-02,Product C,South,CUST4402,returning,Mike Brown,3,502.32771650380283,0.012595519637935827,1488.0019136576993
2023-01-02,Product A,East,CUST1981,returning,John Smith,2,89.42263738378006,0.09357492615245505,162.10984138847016
2023-01-02,Product C,West,CUST1165,returning,John Smith,3,510.96312170844516,0.09041586944937485,1394.291840407828
2023-01-02,Product A,Central,CUST4343,returning,John Smith,1,83.75493160325166,0.06601973767177313,78.22545299008769
2023-01-02,Product A,Central,CUST2520,returning,Robert Wilson,3,118.66233757522176,0.03929093356048933,341.9999506602641
2023-01-02,Product C,Central,CUST1308,new,Emily Davis,1,572.159787383099,0.05709070537521448,539.4947815340652
2023-01-02,Product A,Central,CUST2395,returning,John Smith,3,95.1610850487639,0.018741194409758223,280.1329579608644
2023-01-02,Product E,East,CUST4170,returning,Sarah Johnson,4,1456.9103639203038,0.020681789313339628,5707.115402901132
2023-01-02,Product A,South,CUST3160,returning,Robert Wilson,4,87.5950131638368,0.06246639742837168,328.4930730352045
2023-01-02,Product D,North,CUST4567,returning,Mike Brown,1,60.56836210123065,0.07201574609309402,56.20648631487384
2023-01-02,Product A,West,CUST2181,returning,Emily Davis,1,103.73985663287407,0.04991086581076065,98.56211056924315
2023-01-02,Product C,South,CUST4216,returning,Sarah Johnson,3,595.7262574801061,0.06832480282896458,1665.0701351932228
2023-01-02,Product A,West,CUST3163,returning,Emily Davis,4,115.09401812531354,0.01817232932281565,452.0099668994169
2023-01-02,Product B,South,CUST4735,returning,John Smith,1,240.17788006543242,0.07345779231214132,222.5349432336155
2023-01-02,Product B,North,CUST1116,returning,John Smith,4,224.5550625944491,0.030767908947794853,870.5838914991069
2023-01-03,Product B,Central,CUST3140,new,Sarah Johnson,3,201.34094538721232,0.06231724245321873,566.3817986332715
2023-01-03,Product C,East,CUST4985,returning,Sarah Johnson,4,548.404490375952,0.004486055762771702,2183.7772690062843
2023-01-03,Product A,West,CUST2772,returning,John Smith,3,112.58298880925528,0.06337585637201773,316.3438364416423
2023-01-03,Product D,South,CUST2091,returning,John Smith,3,69.62173573379873,0.07545693612057366,193.10487860379004
2023-01-03,Product D,South,CUST4893,new,Emily Davis,4,67.76339944800051,0.07553614103176526,250.57925500201802
2023-01-03,Product C,North,CUST2372,returning,Emily Davis,3,467.9749927536132,0.04044854496818508,1347.1382556456979
2023-01-03,Product A,North,CUST1421,returning,Mike Brown,1,88.46983448209679,0.07480160766994025,81.85214863254242
2023-01-03,Product B,South,CUST1185,returning,Sarah Johnson,2,283.4899428364391,0.04917379430189894,539.099333401486
2023-01-03,Product B,North,CUST3661,new,Sarah Johnson,3,280.2354329159264,0.04225484283119446,805.1823862269968
2023-01-03,Product B,West,CUST4767,returning,John Smith,1,290.9548473012139,0.02992320043010606,282.2485470893087
2023-01-03,Product B,South,CUST2705,returning,Emily Davis,2,277.4302682944595,0.057880675451194054,522.7448339499404
2023-01-03,Product A,East,CUST4865,returning,Robert Wilson,2,105.70303875788758,0.04634940438005724,201.6075317405948
2023-01-03,Product C,Central,CUST1699,returning,Mike Brown,1,590.6143694047906,0.04281841483173143,565.3251983300348
2023-01-03,Product B,South,CUST3537,returning,Mike Brown,4,209.71764937707687,0.06711435168240507,782.5703412111056
2023-01-03,Product E,Central,CUST2785,new,John Smith,4,1437.9896238312326,0.09368297393247581,5213.097917546722
2023-01-03,Product D,South,CUST1276,returning,John Smith,4,60.23893214236354,0.024995694639762124,234.93287275643067
2023-01-03,Product A,North,CUST3073,returning,Sarah Johnson,2,107.16796604804676,0.06838664518353432,199.67821675775588
2023-01-03,Product A,Central,CUST4940,returning,Emily Davis,1,111.56643386354925,0.05214456890435895,105.7488502655378
2023-01-03,Product A,Central,CUST2459,new,Emily Davis,3,86.18083319962076,0.035775476329371426,249.29301852432664
2023-01-03,Product C,Central,CUST1414,new,Robert Wilson,4,421.0802754792925,0.046878988050679096,1605.3618331068883
2023-01-03,Product D,West,CUST1372,new,Emily Davis,4,61.363391410243736,0.09587024074078462,221.92187321229068
2023-01-03,Product D,Central,CUST1987,new,Mike Brown,1,74.18675896899546,0.009571455552016174,73.47668370297558
2023-01-03,Product B,West,CUST1443,returning,Mike Brown,2,267.5761292895223,0.051961167580300754,507.34512239004243
2023-01-03,Product A,North,CUST2875,returning,Emily Davis,2,98.48389163062643,0.011730818896239448,194.65718986742135
2023-01-03,Product A,East,CUST3855,returning,John Smith,4,84.70007360849495,0.07691077435072992,312.7429014388071
2023-01-03,Product B,East,CUST3448,new,John Smith,2,285.218150031854,0.09679737654398231,515.2195627320851
2023-01-03,Product D,North,CUST1705,returning,John Smith,3,73.9144274918304,0.03269410243366753,214.4935848842598
2023-01-03,Product C,North,CUST3182,returning,Emily Davis,2,521.1919949562023,0.035846572854427265,1005.018096275721
2023-01-03,Product B,North,CUST2213,returning,John Smith,1,247.42884204312605,0.05165726284459791,234.6473453143698
2023-01-03,Product A,West,CUST1894,returning,Robert Wilson,2,96.20808347125669,0.005630327568183735,191.3328008932127
2023-01-03,Product A,South,CUST3125,returning,Emily Davis,3,88.37397293346841,0.09240417591074332,240.62354637777878
2023-01-03,Product A,South,CUST3824,returning,Robert Wilson,2,83.88072872948358,0.0701499101465166,155.99300629217194
2023-01-03,Product A,East,CUST3756,returning,Mike Brown,1,106.27120418897175,0.03973813904853166,102.0481843000555
2023-01-03,Product A,West,CUST4792,returning,John Smith,4,97.82166554967564,0.08976746726779566,356.1618495574555
2023-01-03,Product B,South,CUST2296,new,John Smith,3,210.4869166532481,0.03772841631046227,607.6367359015463
2023-01-04,Product B,Central,CUST3606,returning,Sarah Johnson,2,208.70389625876587,0.05502265421562618,394.44090788293175
2023-01-04,Product A,South,CUST2797,returning,Emily Davis,4,95.82060679396061,0.08734232380816606,349.8056493114702
2023-01-04,Product A,North,CUST2428,returning,Sarah Johnson,2,96.05977263445153,0.06575603127780232,179.4865264411239
2023-01-04,Product A,North,CUST2861,new,Emily Davis,3,116.15653321041499,0.04368507026151796,333.24668068735104
2023-01-04,Product A,South,CUST2841,returning,Mike Brown,3,88.3545628282296,0.03879867599468695,254.77956831721468
2023-01-04,Product E,South,CUST4843,returning,Robert Wilson,2,1344.0909576132085,0.06078628240809805,2524.7773301631223
2023-01-04,Product B,North,CUST2169,returning,John Smith,4,244.01989979554907,0.012237675732517795,964.1346535582786
2023-01-04,Product E,West,CUST4635,returning,Robert Wilson,2,1410.9736123437808,0.016633160774314214,2775.0093228027035
2023-01-04,Product E,South,CUST2801,returning,Robert Wilson,3,1472.2737248301835,0.08837096696607527,4026.502416384584
2023-01-04,Product E,North,CUST4821,new,Mike Brown,2,1526.5523796682185,0.03974481568990917,2931.7596733946257
2023-01-04,Product E,East,CUST1559,new,Mike Brown,2,1263.5434826422545,0.061225815076184464,2372.3640060665634
2023-01-04,Product A,West,CUST3608,returning,Robert Wilson,3,92.93486248462082,0.034356047477570394,269.22596381033316
2023-01-04,Product E,North,CUST1804,new,Robert Wilson,3,1385.0112730057192,0.008674863550138157,4118.9894675909745
2023-01-04,Product C,Central,CUST4697,returning,Mike Brown,2,463.309933053574,0.0672702994208898,864.2858702647753
2023-01-04,Product A,North,CUST1885,returning,Sarah Johnson,1,92.03854267787264,0.07709842925321356,84.9425156066538
2023-01-04,Product B,Central,CUST2787,new,Sarah Johnson,2,292.61940684317824,0.08047531219896949,538.1415374439924
2023-01-04,Product C,Central,CUST2135,returning,John Smith,3,569.6850758181049,0.060963101165690196,1604.8659207252658
2023-01-04,Product A,South,CUST4680,returning,Sarah Johnson,1,95.6887117373416,0.07059562365800072,88.93350745521332
2023-01-04,Product A,North,CUST3177,new,Emily Davis,3,80.88343381204719,0.024235369513676233,236.76958171823173
2023-01-04,Product A,South,CUST1673,returning,Sarah Johnson,4,106.86802737623427,0.004689646779121992,425.46741630343274
2023-01-04,Product D,East,CUST2573,new,Mike Brown,4,86.87069832799848,0.012211151592428793,343.23962824710054
2023-01-04,Product C,East,CUST2527,returning,Emily Davis,3,422.40234261364117,0.08018258998755151,1165.599086298211
2023-01-04,Product C,South,CUST4364,returning,John Smith,2,560.6341023265462,0.05201946077238856,1062.9404372658144
2023-01-04,Product C,South,CUST3646,returning,Sarah Johnson,3,455.4138499426799,0.06784911686505812,1273.543267247859
2023-01-04,Product A,North,CUST2557,new,Sarah Johnson,1,116.94925583507106,0.016493402685273106,115.0203646648402
2023-01-04,Product A,West,CUST4052,returning,John Smith,3,85.11098611159962,0.0016243443209453701,254.91820969397753
2023-01-04,Product B,North,CUST2396,returning,John Smith,2,296.93025356190986,0.016621543190925292,583.9896290552763
2023-01-04,Product A,North,CUST1515,returning,Robert Wilson,2,94.98450458505884,0.0933436308079483,172.2366121131905
2023-01-04,Product C,Central,CUST2961,returning,Sarah Johnson,3,445.4522107119325,0.01037563435358564,1322.4910843547673
2023-01-04,Product A,Central,CUST3126,returning,Emily Davis,1,93.31123475843182,0.08861712940559931,85.04226099284762
2023-01-04,Product C,South,CUST1784,returning,Robert Wilson,3,525.7468030119986,0.01027682426497818,1561.0313865287108
2023-01-05,Product A,East,CUST2939,returning,Emily Davis,3,94.66550800385825,0.06704466652825093,264.9560717640363
2023-01-05,Product B,Central,CUST1654,new,Sarah Johnson,4,219.19554389957258,0.062350531124733724,822.1143412690374
2023-01-05,Product B,East,CUST2462,new,John Smith,2,200.84955786072095,0.002589607024948515,400.65887286945406
2023-01-05,Product A,North,CUST3280,returning,Robert Wilson,2,93.90476857930734,0.008870253375705562,186.1436189776438
2023-01-05,Product C,East,CUST1454,returning,Robert Wilson,4,571.6240788502207,0.032302734575409386,2212.6362318168362
2023-01-05,Product C,East,CUST4157,new,Robert Wilson,4,483.920012485558,0.05660372104940763,1826.1133563543985
2023-01-05,Product C,West,CUST3046,returning,Mike Brown,1,429.59682947316696,0.04755460374868267,409.1675224758801
2023-01-05,Product A,South,CUST3994,returning,John Smith,4,94.84155051938411,0.050484488189301784,360.2140935293328
2023-01-05,Product C,West,CUST2008,returning,Sarah Johnson,1,561.3669478534528,0.07316477552996402,520.2946611238139
2023-01-05,Product B,West,CUST2390,returning,Emily Davis,1,253.35119252996958,0.08441704489691972,231.964033535479
2023-01-05,Product D,South,CUST1913,returning,Emily Davis,4,70.37632382213572,0.03397688271511179,271.94062288684114
2023-01-05,Product A,East,CUST4390,returning,Mike Brown,4,111.62054430134592,0.017721505687879203,438.56984076250177
2023-01-05,Product E,North,CUST4730,returning,Mike Brown,4,1249.6292769146123,0.010189238806601353,4947.586023169635
2023-01-05,Product B,East,CUST2989,returning,Robert Wilson,2,264.59172413316014,0.024435315546465455,516.252683725966
2023-01-05,Product D,South,CUST3719,returning,Sarah Johnson,3,86.15530583235696,0.08790714802281317,235.74491582880367
2023-01-05,Product C,East,CUST1852,returning,John Smith,4,439.619526551948,0.03382631053323484,1698.9952797213125
2023-01-05,Product C,Central,CUST4896,new,Mike Brown,3,565.9483607414403,0.010657873012867436,1679.7496649424525
2023-01-05,Product B,East,CUST2057,new,Emily Davis,4,296.88146905778046,0.04309878726571906,1136.3449511189
2023-01-05,Product D,South,CUST1380,returning,Robert Wilson,1,82.37201201044077,0.05960639311005951,77.46211348127989
2023-01-05,Product D,Central,CUST3730,returning,Mike Brown,1,77.60809519676722,0.006932833038776476,77.07005123031057
2023-01-05,Product C,South,CUST3170,returning,Mike Brown,1,557.4774053504665,0.04113394664991439,534.5461595002477
2023-01-05,Product E,South,CUST4749,returning,Emily Davis,4,1788.6707447207614,0.08610452995033119,6538.632364042686
2023-01-05,Product B,East,CUST4183,new,Emily Davis,4,278.05560268872136,0.014407878601319958,1096.1976452830615
2023-01-05,Product D,East,CUST4029,returning,Emily Davis,1,73.49353946463968,0.03542362404447746,70.89013195294632
2023-01-05,Product B,East,CUST3293,returning,Robert Wilson,3,296.38222754823505,0.041615399817976156,852.1444879496186
2023-01-05,Product C,West,CUST2246,returning,John Smith,4,552.8745324443471,0.04242968858848881,2117.664952816908
2023-01-05,Product E,Central,CUST3745,returning,Mike Brown,1,1236.9102157435411,0.0480586577326648,1177.4659710390856
2023-01-05,Product A,East,CUST2222,returning,Sarah Johnson,2,101.41859798627817,0.04522151001017181,193.6645916844482
2023-01-05,Product B,West,CUST3165,new,Robert Wilson,1,262.129244904961,0.043054020950719,250.84352690302669
2023-01-05,Product A,North,CUST1017,new,Mike Brown,1,114.68046427642402,0.05412382144338301,108.47351930488259
2023-01-05,Product C,West,CUST3965,new,Sarah Johnson,4,430.77998093875476,0.07339053770018694,1596.6592260287332
2023-01-05,Product A,Central,CUST2218,returning,John Smith,3,115.09843450521522,0.027295937485631496,335.87014449680044
2023-01-05,Product C,East,CUST1617,new,Robert Wilson,3,496.8782371201699,0.052994058693023295,1411.639927976813
2023-01-05,Product A,Central,CUST3267,returning,Mike Brown,4,85.99637012988559,0.0964928601501826,310.79333765407677
2023-01-05,Product D,East,CUST3635,returning,John Smith,2,88.95080731999539,0.09329380670999547,161.3044957903714
2023-01-05,Product A,West,CUST2174,returning,Robert Wilson,4,110.32161684044866,0.05122147076770516,418.6831254736386
2023-01-05,Product A,East,CUST2151,returning,Robert Wilson,4,111.31394471946629,0.0030457808070496807,443.899627372331
2023-01-06,Product A,North,CUST4320,returning,John Smith,2,102.91081106747784,0.09983187565709567,185.27406354643705
2023-01-06,Product B,South,CUST3826,returning,Emily Davis,4,254.08270639715397,0.09726887432610853,917.4734702406867
2023-01-06,Product C,West,CUST3504,returning,Emily Davis,3,462.8700226367497,0.09012960107746489,1263.455196437347
2023-01-06,Product B,East,CUST1545,returning,Robert Wilson,2,277.5234538899056,0.07679699780618315,512.4209716207164
2023-01-06,Product C,East,CUST2884,new,John Smith,4,516.137324287291,0.010147154286603212,2043.5999968986932
2023-01-06,Product B,Central,CUST3104,new,Robert Wilson,4,274.06635810666256,0.03246091685101615,1060.6796513780055
2023-01-06,Product B,South,CUST4799,new,Mike Brown,1,266.27857327436635,0.03712709205053938,256.3924241733227
2023-01-06,Product A,Central,CUST4350,returning,John Smith,2,106.70373542254339,0.09013756495884444,194.17144107908507
2023-01-06,Product A,East,CUST2540,returning,Mike Brown,2,80.70751238453029,0.06502010923981534,150.91980222562876
2023-01-06,Product B,West,CUST3841,returning,Mike Brown,2,203.9811439445754,0.020989762958623072,399.39925617029996
2023-01-06,Product A,North,CUST4045,new,John Smith,3,116.38257709521204,0.017735136165974285,342.95554872924436
2023-01-06,Product C,Central,CUST2221,returning,Sarah Johnson,1,482.2408134423708,0.015577326058017017,474.72879105289564
2023-01-06,Product D,Central,CUST2013,returning,Mike Brown,4,86.31361402986865,0.04461492564571695,329.8509542308518
2023-01-06,Product C,South,CUST2565,returning,Robert Wilson,2,408.0571037555997,0.046951866534563375,777.7961221631726
2023-01-06,Product B,South,CUST3589,returning,Sarah Johnson,1,206.7376871521926,0.008157492561136593,205.051226007142
2023-01-06,Product A,East,CUST2675,returning,Emily Davis,1,109.92018945485613,0.05767023988577563,103.58106576070467
2023-01-06,Product B,West,CUST2574,returning,Emily Davis,2,257.9314466661938,0.08696060824747776,471.0031423558994
2023-01-06,Product B,North,CUST1226,returning,John Smith,1,231.80495725509186,0.08268585609727531,212.6379659168623
2023-01-06,Product A,West,CUST3188,new,Sarah Johnson,2,96.94387449681932,0.09472833396118154,175.5210855559875
2023-01-06,Product A,North,CUST2903,returning,Emily Davis,3,119.14101873556562,0.0118874391177072,353.1742113867749
2023-01-06,Product A,Central,CUST3035,returning,John Smith,2,109.22196547237206,0.013927207266338726,215.40161704240288
2023-01-06,Product A,Central,CUST2711,returning,Emily Davis,2,108.9368045475434,0.05326025194007621,206.2696057835888
2023-01-06,Product A,East,CUST2202,new,Robert Wilson,4,89.07034469602064,0.03860991888374843,342.5253836494391
2023-01-06,Product D,Central,CUST3021,returning,John Smith,2,80.77478480007674,0.04038978641701238,155.024616988243
2023-01-06,Product A,North,CUST2015,returning,Robert Wilson,2,80.7354456860639,0.06923543061544142,150.29138467611935
2023-01-06,Product C,Central,CUST1439,returning,Emily Davis,2,458.670684288202,0.0784769681824988,845.3511991821435
2023-01-06,Product A,West,CUST4150,returning,John Smith,4,94.70137689166125,0.04782340230480723,360.68973938300866
2023-01-06,Product B,South,CUST1174,returning,Emily Davis,1,285.48057787992616,0.04832942849663252,271.68346470410097
2023-01-06,Product A,Central,CUST2367,returning,Sarah Johnson,2,86.4330187631276,0.05819714019143988,162.80572850600103
2023-01-06,Product D,North,CUST3936,returning,Emily Davis,3,81.72855924379235,0.010493017841817488,242.6129400403836
2023-01-06,Product B,North,CUST2243,returning,Sarah Johnson,2,227.17865160801293,0.02523119270696871,442.89332654076367
2023-01-06,Product C,South,CUST4389,returning,Emily Davis,1,522.5888349731212,0.07090605194509164,485.5341238945921
2023-01-06,Product C,East,CUST2936,returning,Emily Davis,1,565.3414719482975,0.00882017037898707,560.3550638434061
2023-01-06,Product B,East,CUST2498,new,Robert Wilson,1,269.46537728101754,0.06323962564655086,252.42448769705942
2023-01-07,Product A,West,CUST4844,new,Sarah Johnson,1,112.53737929297057,0.08315183331122236,103.17968988871968
2023-01-07,Product C,South,CUST2075,returning,John Smith,1,511.45036666368213,0.026610795616929916,497.840265488191
2023-01-07,Product D,West,CUST4770,returning,Robert Wilson,4,64.63247272617639,0.009355940691233555,256.11110057849004
2023-01-07,Product D,East,CUST4280,returning,Sarah Johnson,1,75.1656237517047,0.04158613394079476,72.03977605462292
2023-01-07,Product A,Central,CUST1423,returning,Robert Wilson,4,110.91085678660315,0.055645620582545643,418.9566133254831
2023-01-07,Product D,North,CUST2511,returning,Robert Wilson,4,67.78809851125436,0.034501683992456615,261.79717983187817
2023-01-07,Product C,West,CUST3645,returning,Emily Davis,4,537.576821975983,0.07837917844853973,1981.767969266114
2023-01-07,Product B,West,CUST2065,new,Robert Wilson,2,292.00400525459037,0.026266973533048455,568.6678875540479
2023-01-07,Product A,South,CUST4522,new,John Smith,3,107.68294588097476,0.011428576999797947,319.35684912722684
2023-01-07,Product D,South,CUST2422,returning,Emily Davis,2,72.0282528741914,0.07803655030068818,132.81483299140774
2023-01-07,Product A,West,CUST1140,returning,Emily Davis,3,82.47542806721901,0.07094388646339748,229.87290198719438
2023-01-07,Product A,Central,CUST4009,new,Robert Wilson,4,119.94243226342513,0.07354635285976832,444.48441526928167
2023-01-07,Product B,East,CUST4430,returning,John Smith,1,239.245818622948,0.0032617948341566506,238.4654478476701
2023-01-07,Product C,West,CUST3757,returning,Robert Wilson,3,535.2796737820012,0.06254780604246614,1505.39731370343
2023-01-07,Product D,East,CUST1865,returning,Sarah Johnson,2,86.32356379809507,0.08660356750457565,157.6952704269424
2023-01-07,Product C,North,CUST4200,new,Emily Davis,3,472.62014732680205,0.027690448737780895,1378.5992500944203
2023-01-07,Product D,Central,CUST4364,new,Robert Wilson,4,65.45452958512017,0.08276751947812719,240.14808213100832
2023-01-07,Product B,South,CUST1331,new,Sarah Johnson,2,206.93940859041834,0.08398203522034885,379.1204317793993
2023-01-07,Product A,West,CUST4709,returning,John Smith,1,91.73234443122259,0.07390265577879587,84.95308055694001
2023-01-07,Product A,West,CUST1843,new,Emily Davis,3,92.1577004902011,0.08827343806734221,252.06787027065198
2023-01-07,Product A,North,CUST2212,returning,Robert Wilson,3,86.76247113758866,0.06594229620819976,243.1234636982352
2023-01-07,Product C,South,CUST2238,new,Mike Brown,4,436.6869579732328,0.05986584841970366,1642.1772909613828
2023-01-07,Product A,South,CUST4234,returning,Robert Wilson,3,99.77681218810326,0.09959312420303292,269.51918321781244
2023-01-07,Product C,North,CUST1923,new,Robert Wilson,3,541.8254382971875,0.0865645036372732,1484.7677645188303
2023-01-07,Product A,North,CUST3520,new,Mike Brown,4,107.63750952409863,0.051775135052748014,408.2582517269879
2023-01-07,Product C,Central,CUST3104,returning,Mike Brown,3,407.7598909457775,0.03919980438891485,1175.3273489491735
2023-01-07,Product B,Central,CUST1277,returning,Robert Wilson,3,296.29920038589944,0.039215121144519666,854.0393740432263
2023-01-07,Product A,West,CUST2247,new,Sarah Johnson,2,112.7186809647625,0.07566358037849347,208.37996397485486
2023-01-07,Product B,Central,CUST1540,new,Mike Brown,4,256.3275571976384,0.0907566473926093,932.2565098881737
2023-01-07,Product A,South,CUST1726,returning,Mike Brown,1,107.8968106898736,0.019259902778563043,105.81872860586962
2023-01-07,Product A,South,CUST3322,returning,Emily Davis,4,83.1106137631583,0.06946964708544268,309.34779502390865
2023-01-07,Product A,East,CUST3703,returning,Emily Davis,4,82.06726884674431,0.04113539050566786,314.76559877999944
2023-01-07,Product D,South,CUST4406,new,Emily Davis,1,60.2749665055145,0.09982340258287203,54.258114258365396
2023-01-07,Product A,North,CUST3693,returning,Robert Wilson,2,86.44885149016018,0.06243540481337933,162.10276490344066
2023-01-07,Product C,West,CUST3134,returning,John Smith,3,454.4603709440599,0.06439995432390158,1275.5794314397174
2023-01-07,Product A,East,CUST1762,new,Emily Davis,1,109.50004992438993,0.058706822413656726,103.07164993919221
2023-01-08,Product B,West,CUST3641,returning,Emily Davis,4,251.474219375678,0.09062335194351387,914.739130753902
2023-01-08,Product D,South,CUST1904,returning,Mike Brown,3,83.49480087083708,0.00952489339728695,248.09856537994398
2023-01-08,Product A,East,CUST2481,returning,Mike Brown,3,112.00013927054727,0.09524671166878468,303.9974828957451
2023-01-08,Product B,East,CUST4384,returning,Robert Wilson,1,257.9175255374722,0.028740959646557974,250.50472834385963
2023-01-08,Product D,East,CUST2547,returning,John Smith,3,79.62877656974885,0.03131619948172824,231.4053177546139
2023-01-08,Product A,West,CUST1873,new,Robert Wilson,2,118.08382606611696,0.07690611331597243,218.00491591578518
2023-01-08,Product A,North,CUST3004,new,Sarah Johnson,2,117.53262914605264,0.04235479159918964,225.10911826493347
2023-01-08,Product A,East,CUST2697,new,John Smith,2,114.2851823942513,0.0016947664889580994,228.18299139389012
2023-01-08,Product A,Central,CUST1485,returning,Sarah Johnson,4,94.66887634375196,0.004722487649475482,376.8872149777155
2023-01-08,Product B,East,CUST4395,new,Robert Wilson,3,213.56883177922793,0.036482247020779866,617.3320827069563
2023-01-08,Product A,East,CUST4258,returning,John Smith,4,84.94265949606306,0.09437663822120144,307.7042274050257
2023-01-08,Product B,North,CUST3073,new,Mike Brown,4,243.04274103209903,0.09106765794351396,883.6376313045353
2023-01-08,Product C,East,CUST3400,new,Emily Davis,1,513.1463927991582,0.07339099189537017,475.4860700440968
2023-01-08,Product A,East,CUST3101,returning,Robert Wilson,3,92.59673778355582,0.008103861046505678,275.53904006159456
2023-01-08,Product C,South,CUST1912,new,Robert Wilson,2,448.0438866416771,0.08844787275967592,816.8307159304868
2023-01-08,Product D,West,CUST1421,returning,Emily Davis,4,78.45658314693031,0.017375259566229453,308.37351860029173
2023-01-08,Product C,North,CUST4758,returning,John Smith,4,477.63314122539913,0.06428189148001744,1787.7199178955527
2023-01-08,Product B,East,CUST4655,new,Mike Brown,2,272.31494864646294,0.040754303103243086,522.4338853795618
2023-01-08,Product A,North,CUST4091,returning,Mike Brown,1,92.65875136245995,0.00997635577028424,91.73435469363774
2023-01-08,Product D,East,CUST3490,new,Mike Brown,1,73.17449449901245,0.02984349123618767,70.99071211371871
2023-01-08,Product A,Central,CUST4560,new,John Smith,1,117.97092424982468,0.043405217608095674,112.85037061133286
2023-01-08,Product B,West,CUST1922,new,Emily Davis,4,298.4845743967094,0.03725089315534659,1149.4630296293537
2023-01-08,Product B,Central,CUST4608,new,Robert Wilson,3,296.3159027065067,0.039314712949401524,853.9989841477727
2023-01-08,Product B,South,CUST3418,returning,Emily Davis,1,273.1486359703116,0.03130501450631469,264.5977139588809
2023-01-08,Product B,East,CUST3581,returning,John Smith,4,218.0594598175301,0.017742876946970687,856.761830619459
2023-01-08,Product B,East,CUST4251,returning,Robert Wilson,1,276.24445219391004,0.02862798621119409,268.3361298255839
2023-01-08,Product D,Central,CUST3444,new,Sarah Johnson,1,78.42243933554208,0.045944676840598664,74.81934570321914
2023-01-08,Product C,West,CUST2613,new,Emily Davis,2,476.38792793057917,0.0010427699397403069,951.782329839356
2023-01-08,Product E,Central,CUST1136,new,Emily Davis,2,1264.8267356258443,0.029807565052482277,2454.2506608471163
2023-01-09,Product A,Central,CUST1375,returning,Emily Davis,1,80.03717667479845,0.013812529314024725,78.93166082576602
2023-01-09,Product B,South,CUST1344,returning,Sarah Johnson,2,218.07851505623796,0.01811718508500201,428.2550924718034
2023-01-09,Product D,Central,CUST4018,returning,John Smith,1,89.80010812075885,0.07823854840582735,82.77427801470434
2023-01-09,Product A,West,CUST4140,new,Emily Davis,4,89.70177106331883,0.022833125236861086,350.6143971626473
2023-01-09,Product B,West,CUST4525,returning,Emily Davis,4,291.5090068407043,0.05201905232515545,1105.3799382424143
2023-01-09,Product C,Central,CUST2888,returning,Emily Davis,2,490.55086754174806,0.059086626739511455,923.1317430691305
2023-01-09,Product D,West,CUST4577,returning,Mike Brown,4,70.64715571388162,0.0950061967050805,255.74095256589652
2023-01-09,Product A,West,CUST3971,new,John Smith,3,104.91013612959364,0.04198486976863176,301.51649318034964
2023-01-09,Product D,Central,CUST4388,new,Emily Davis,3,69.09624581279024,0.004028130673398034,206.45375131684528
2023-01-09,Product A,North,CUST3197,returning,Emily Davis,4,114.28766628238354,0.08054300430459792,420.33037714015626
2023-01-09,Product C,West,CUST2878,returning,Robert Wilson,4,494.4563608325964,0.06477131710629215,1849.7190843595404
2023-01-09,Product A,West,CUST4446,new,Sarah Johnson,2,109.48529655826556,0.0862489621898301,200.08460671013876
2023-01-09,Product B,West,CUST2598,returning,Robert Wilson,2,286.34300145217674,0.026496706155544305,557.5117101660036
2023-01-09,Product B,South,CUST3598,returning,Robert Wilson,4,228.17916475092662,0.06381399025162693,854.4725670235464
2023-01-09,Product B,West,CUST3761,returning,John Smith,4,229.44657595419176,0.097454726519887,828.3436905746062
2023-01-09,Product D,North,CUST3482,new,Sarah Johnson,1,73.9892926842051,0.04097392364429391,70.95766105526717
2023-01-09,Product C,East,CUST2388,returning,Mike Brown,1,496.83460643268154,0.051386652571327164,471.3039391265133
2023-01-09,Product B,North,CUST2307,new,Emily Davis,3,224.871427258763,0.09485833548514339,610.6214939124848
2023-01-09,Product A,South,CUST1802,returning,Sarah Johnson,1,96.2532892385507,0.09335804560066895,87.26727027260371
2023-01-09,Product A,North,CUST1129,new,Emily Davis,3,114.82999605090045,0.05929183998317819,324.0645428993444
2023-01-09,Product D,East,CUST1182,returning,Mike Brown,1,68.53686905288693,0.011383839347660142,67.75665634619725
2023-01-09,Product C,West,CUST4331,returning,John Smith,3,453.0774818376389,0.06921613416941319,1265.151630196875
2023-01-09,Product C,North,CUST2613,new,Emily Davis,4,521.3432403940009,0.01875272229121666,2046.2665415539566
2023-01-09,Product D,East,CUST4072,returning,John Smith,4,86.62406820638647,0.06965614021440462,322.36067986184105
2023-01-09,Product B,Central,CUST1507,new,Robert Wilson,3,281.2258120990342,0.037997907896539465,811.6194587782968
2023-01-09,Product A,North,CUST1920,new,Sarah Johnson,4,84.81789359986263,0.05797311661341921,319.60294385317286
2023-01-09,Product A,East,CUST4183,new,John Smith,2,104.80005333909634,0.03286043394798427,202.71255621720346
2023-01-09,Product D,East,CUST3827,new,John Smith,3,63.04139527409591,0.03027751282719672,183.39797586012028
2023-01-09,Product A,South,CUST2658,returning,Emily Davis,4,84.65911398693349,0.08030118815263206,311.4435461833345
2023-01-09,Product A,Central,CUST3479,new,John Smith,4,93.6162337339826,0.018533017952871444,367.52496957404196
2023-01-09,Product A,Central,CUST3668,returning,Robert Wilson,2,104.25544467932211,0.020934839938409878,204.14574726450553
2023-01-09,Product A,West,CUST2560,returning,Robert Wilson,2,97.54428865958154,0.00603520839905638,193.9111770987665
2023-01-10,Product A,West,CUST3560,new,John Smith,2,101.01033675126334,0.040146177908904325,193.91031560281758
2023-01-10,Product C,West,CUST4940,returning,Sarah Johnson,4,562.9879457081079,0.04615229275886068,2148.019044872311
2023-01-10,Product C,East,CUST4805,new,John Smith,4,528.8940554242067,0.0804437207679505,1945.3913988553318
2023-01-10,Product E,South,CUST2567,new,Sarah Johnson,2,1662.1372593899239,0.02152690457858343,3252.713178421058
2023-01-10,Product A,West,CUST1880,new,Emily Davis,2,106.39936184136715,0.09821683433294356,191.89830669252535
2023-01-10,Product A,West,CUST4865,returning,Robert Wilson,1,94.21278993895551,0.03024790291679266,91.3630506153618
2023-01-10,Product B,East,CUST2231,returning,Robert Wilson,1,282.3552226611819,0.007643986103944767,280.1969032627836
2023-01-10,Product C,Central,CUST1204,new,Sarah Johnson,1,413.2471955703732,0.09800325752854772,372.7476242399398
2023-01-10,Product A,South,CUST1018,returning,Robert Wilson,2,95.18949619286595,0.08983552751676654,173.27619517664917
2023-01-10,Product B,West,CUST3555,new,Mike Brown,2,267.20560387522534,0.03129073942136482,517.6890859048744
2023-01-10,Product D,Central,CUST4051,returning,Emily Davis,4,70.80571924233789,0.03266512417960409,273.97136652264294
2023-01-10,Product B,North,CUST3156,returning,Robert Wilson,3,204.33152732543118,0.026116243251086024,596.985466361803
2023-01-10,Product A,North,CUST3156,returning,Mike Brown,1,89.27134361157401,0.01025679625835898,88.35570562844015
2023-01-10,Product D,West,CUST2736,new,Sarah Johnson,3,63.64486173263296,0.01053454844813332,188.92317555970737
2023-01-10,Product A,South,CUST2445,returning,Robert Wilson,4,80.00908152873023,0.051297934982090745,303.6191234659705
2023-01-10,Product A,North,CUST1880,new,Emily Davis,4,94.07539337388026,0.0050175350319974004,374.4134671679115
2023-01-10,Product D,East,CUST4743,returning,John Smith,3,64.61421073924824,0.09195310246560498,176.01820079522386
2023-01-10,Product B,South,CUST1667,new,John Smith,1,230.33642822141704,0.03149520619187595,223.08193492108327
2023-01-10,Product D,Central,CUST4382,returning,Emily Davis,3,63.8040539738028,0.04178839966176097,183.41335399891489
2023-01-10,Product A,West,CUST2506,returning,Mike Brown,1,100.36541651686397,0.03909174268411623,96.44195748000259
2023-01-10,Product A,North,CUST3208,new,Sarah Johnson,3,113.3213705576428,0.0915289940379274,308.84753852250765
2023-01-10,Product B,Central,CUST4397,returning,Sarah Johnson,1,234.3300969195741,0.08128509715367578,215.28255222543623
2023-01-10,Product B,North,CUST3970,returning,Robert Wilson,2,212.61101416786252,0.030581351128366397,412.2181641796741
2023-01-10,Product A,East,CUST4638,returning,Emily Davis,3,118.95022075365836,0.0456069984217036,340.5757746704549
2023-01-10,Product C,South,CUST4442,returning,Sarah Johnson,3,443.5561603535137,0.028354801090964766,1292.9376409620534
2023-01-10,Product A,West,CUST3410,new,Sarah Johnson,1,106.01700995295458,0.06059969672710255,99.59241130189132
2023-01-10,Product D,East,CUST4921,returning,Emily Davis,1,68.0441706028654,0.04875711936733843,64.72653285452996
2023-01-10,Product A,North,CUST4681,returning,Mike Brown,4,97.2804223572145,0.07950115369284705,358.1860661923541
2023-01-10,Product E,East,CUST4281,returning,Mike Brown,4,1599.8443828169513,0.06311170278922348,5995.501918478397
2023-01-10,Product A,West,CUST4388,returning,Emily Davis,3,94.20061064544987,0.055232149737427794,266.9931252387698
2023-01-10,Product D,West,CUST3711,returning,Sarah Johnson,2,70.60264137908155,0.02556449978092723,137.59544033802626
2023-01-10,Product A,North,CUST4976,new,Mike Brown,2,99.38406348075459,0.005778056099636664,197.6196335731059
2023-01-10,Product B,Central,CUST4815,new,John Smith,4,218.65900968731677,0.018944343316740275,858.0666333540073
2023-01-11,Product A,North,CUST2558,returning,Robert Wilson,4,106.33598381508168,0.07714733448596064,392.5297844152235
2023-01-11,Product C,North,CUST1667,returning,Mike Brown,2,428.2487396053115,0.08421937308731146,784.3637984606419
2023-01-11,Product C,Central,CUST3959,new,Emily Davis,4,566.5874784637322,0.07939351334518513,2086.4164317244285
2023-01-11,Product A,West,CUST3048,returning,John Smith,4,90.67088254495695,0.07364731746190728,335.97286109446884
2023-01-11,Product C,North,CUST4347,returning,Mike Brown,4,464.00322261747834,0.08819755551406075,1692.317090527881
2023-01-11,Product B,East,CUST4594,returning,Sarah Johnson,2,275.21286995435713,0.04425773459328154,526.0651435985238
2023-01-11,Product A,Central,CUST1053,returning,Robert Wilson,1,88.81944836280702,0.09572702629833257,80.3170266935772
2023-01-11,Product E,East,CUST4740,new,Mike Brown,3,1205.4589087684658,0.09252881947931552,3281.7576570278875
2023-01-11,Product A,North,CUST2343,new,Sarah Johnson,1,95.63623983622058,0.005845461410855391,95.07720188677864
2023-01-11,Product C,Central,CUST1136,returning,Emily Davis,4,432.5399487617132,0.07635790688665726,1598.0484145176274
2023-01-11,Product B,South,CUST1494,new,Emily Davis,3,297.7307907991503,0.03927937758093434,858.108331949641
2023-01-11,Product B,West,CUST1083,new,Sarah Johnson,2,275.6310096980294,0.019499673752101977,540.5125898659107
2023-01-11,Product C,South,CUST1530,returning,John Smith,3,598.4149529182712,0.06338894618324419,1681.446179017459
2023-01-11,Product C,East,CUST2831,returning,Emily Davis,4,432.723297748511,0.04431273453229145,1654.192580517774
2023-01-11,Product B,Central,CUST1603,returning,Emily Davis,3,289.4747570831301,0.04975293160274528,825.2176178797555
2023-01-11,Product B,East,CUST2538,returning,Robert Wilson,2,275.2847475091384,0.007069660818436619,546.6771554315196
2023-01-11,Product A,East,CUST1359,returning,Emily Davis,1,83.03453312434657,0.04601191589835721,79.21395516956977
2023-01-11,Product B,East,CUST1527,new,John Smith,1,231.6077683843264,0.08101610899597025,212.84380817658837
2023-01-11,Product D,East,CUST4641,returning,John Smith,3,84.75745999956543,0.027366638492145767,247.31379969673443
2023-01-11,Product B,Central,CUST1925,returning,Sarah Johnson,2,235.492466087701,0.07026402058582289,437.8916372054171
2023-01-11,Product E,South,CUST3324,returning,Mike Brown,3,1699.6991411214453,0.06775316138836847,4753.617452704118
2023-01-11,Product B,South,CUST4780,returning,Emily Davis,3,256.94844841722534,0.09281820981139516,699.2968602639686
2023-01-11,Product B,West,CUST3850,new,Robert Wilson,3,278.3738251075236,0.0013698550408914546,833.9774799598435
2023-01-11,Product B,West,CUST4536,returning,John Smith,1,245.42783967898225,0.007718753022646796,243.53344279961843
2023-01-11,Product C,West,CUST4324,returning,John Smith,1,593.730388794827,0.07615106317174723,548.517188450726
2023-01-11,Product A,Central,CUST3433,returning,Mike Brown,3,88.0901672209814,0.01853727790825115,259.37164593066524
2023-01-11,Product C,Central,CUST3324,returning,Emily Davis,3,560.4261116255175,0.0012108475234887451,1679.2425631684719
2023-01-11,Product A,East,CUST1132,returning,Emily Davis,1,99.63241205072171,0.07746526197930176,91.91436114958282
2023-01-11,Product C,West,CUST4653,new,Emily Davis,2,542.2001923899622,0.011060359887316086,1072.4065262623144
2023-01-11,Product A,West,CUST2532,returning,Mike Brown,2,82.3092863690047,0.026760079886170754,160.21336658079284
2023-01-11,Product A,North,CUST2270,returning,Emily Davis,2,98.22476625749006,0.07160499732421445,182.3827642649018
2023-01-11,Product B,Central,CUST1821,new,Mike Brown,2,220.10987274426674,0.05026312426301305,418.0929257180113
2023-01-11,Product B,West,CUST3986,new,Robert Wilson,2,252.9572680712675,0.03726571298941472,487.0612702414744
2023-01-11,Product A,West,CUST2681,new,Emily Davis,1,114.98974598626263,0.06241134200456544,107.81308162249589
2023-01-11,Product C,Central,CUST2008,returning,Robert Wilson,3,588.8417676692214,0.03261702541282535,1708.9065023070643
2023-01-11,Product C,East,CUST2419,returning,Sarah Johnson,1,547.7092106793928,0.039912610044496616,525.8487065357671
2023-01-11,Product B,North,CUST1710,returning,Emily Davis,3,229.6869274560281,0.0005758660498121571,688.6639756572614
2023-01-11,Product B,Central,CUST3696,new,Sarah Johnson,1,267.1270825229132,0.09897564134093347,240.6880082106754
2023-01-11,Product B,South,CUST3945,returning,Emily Davis,4,236.92304815098962,0.013441467693897424,934.9538186133135
2023-01-11,Product B,North,CUST3160,returning,Sarah Johnson,1,278.0189268482995,0.0603528806501121,261.2396837377518
2023-01-11,Product A,North,CUST4626,returning,Robert Wilson,1,111.34006010351636,0.011193457813478925,110.09377983779744
2023-01-11,Product B,North,CUST2633,new,Robert Wilson,2,238.08908566310217,0.08291642207065145,436.6951810916898
2023-01-11,Product B,Central,CUST4759,new,Sarah Johnson,3,279.17202592613467,0.03112174950633936,811.4511121982526
2023-01-11,Product B,West,CUST3785,new,John Smith,2,229.64448877441532,0.018176359776119422,450.9407758516971
2023-01-11,Product E,North,CUST1767,returning,Robert Wilson,1,1365.3400657855072,0.021515562162405556,1335.9640067272762
2023-01-11,Product D,West,CUST3831,returning,Emily Davis,2,61.24970455148048,0.06775422674589532,114.19955636236075
2023-01-11,Product A,South,CUST4604,returning,Robert Wilson,1,80.56058070104228,0.0014372951777777644,80.4447913668817
2023-01-12,Product A,East,CUST2507,returning,Emily Davis,4,99.3429834281547,0.014424002111810353,391.6402401015738
2023-01-12,Product B,South,CUST2157,new,Mike Brown,2,209.20952532329022,0.026740202785754133,407.23044038286815
2023-01-12,Product B,West,CUST4488,returning,Mike Brown,3,286.3547522514545,0.03024474782893799,833.0820749399736
2023-01-12,Product A,South,CUST4863,returning,Emily Davis,2,104.21930676857617,0.048303969755889,198.37020105289432
2023-01-12,Product B,South,CUST4155,new,Robert Wilson,3,241.71642789757018,0.08740136713087157,661.7702449239955
2023-01-12,Product B,North,CUST3550,returning,Sarah Johnson,1,275.6927659341442,0.00832230662080723,273.3983662029018
2023-01-12,Product B,North,CUST2129,returning,Sarah Johnson,4,221.7748704834022,0.031037088910812007,859.5664964401001
2023-01-12,Product B,North,CUST1585,returning,Emily Davis,2,248.28512744101047,0.05117804565694807,471.15675970578656
2023-01-12,Product A,North,CUST4205,returning,John Smith,3,106.89447431728777,0.037734847723031165,308.5824828194744
2023-01-12,Product A,East,CUST3082,returning,Sarah Johnson,2,88.58356478833497,0.0018221825651549728,176.84429872203677
2023-01-12,Product C,South,CUST3443,returning,Sarah Johnson,4,549.1506758152251,0.007697166938087408,2179.6950855572472
2023-01-12,Product B,East,CUST1020,returning,John Smith,2,205.03229329346638,0.05053536682378262,389.34182228231936
2023-01-12,Product B,North,CUST3675,returning,Mike Brown,1,250.5772833869211,0.015061095306851914,246.80331504009862
2023-01-12,Product E,East,CUST3042,new,Emily Davis,2,1344.960765861458,0.00027081498204520885,2689.1930606715996
2023-01-12,Product A,West,CUST4302,returning,John Smith,3,115.70235993959912,0.032434502100527396,335.84883450930664
2023-01-12,Product B,Central,CUST4650,returning,Mike Brown,1,210.52591851970126,0.014055296757836079,207.56691425969083
2023-01-12,Product A,North,CUST3623,returning,Emily Davis,2,82.1739239339463,0.007006869572118946,163.19628393342384
2023-01-12,Product E,West,CUST3497,returning,Sarah Johnson,2,1626.6960525166598,0.030946954908860094,3152.709526258012
2023-01-12,Product D,East,CUST2969,returning,Sarah Johnson,2,85.57642263737912,0.030605146352278803,165.91468739651535
2023-01-12,Product A,North,CUST4406,new,John Smith,3,114.07383703355552,0.017046251158164206,336.38791727071816
2023-01-12,Product D,North,CUST3649,returning,Robert Wilson,1,80.12829014227523,0.060790521409070375,75.25724960490905
2023-01-12,Product D,West,CUST3352,new,Mike Brown,1,85.38372631590694,0.06577161472759535,79.76790076465068
2023-01-12,Product B,Central,CUST1281,new,Emily Davis,2,203.41877659391582,0.005708685608931486,404.51504550277537
2023-01-12,Product A,West,CUST3530,new,Robert Wilson,4,113.22754042080308,0.03472770390305076,437.18163169359485
2023-01-12,Product B,East,CUST3336,returning,Emily Davis,4,280.3859886248823,0.07621875111940822,1036.0612749620527
2023-01-12,Product E,Central,CUST3567,returning,Emily Davis,2,1373.9548575798171,0.008900973489600884,2723.4506436331817
2023-01-12,Product B,West,CUST3997,returning,Robert Wilson,1,230.18093696626937,0.008670656759564022,228.18511706924002
2023-01-12,Product B,Central,CUST1258,new,Mike Brown,1,245.79632144895356,0.07517981635869331,227.3173991407789
2023-01-12,Product A,East,CUST1983,new,Sarah Johnson,1,93.16205461479484,0.055085737060913936,88.03015417022975
2023-01-12,Product A,Central,CUST3731,returning,Mike Brown,3,82.54233401144096,0.06688412526636073,231.06468661092583
2023-01-12,Product C,North,CUST3010,returning,Emily Davis,3,423.2045362696339,0.04938140404569287,1206.918306210399
2023-01-12,Product A,South,CUST3741,returning,Emily Davis,2,115.58306473321969,0.0603150120122947,217.22334159083542
2023-01-12,Product C,Central,CUST3314,returning,Mike Brown,1,579.2150223589147,0.0781321855747305,533.9596867442963
2023-01-12,Product A,Central,CUST3078,returning,Emily Davis,1,114.35826741682517,0.0416504431903879,109.5951948964295
2023-01-12,Product A,West,CUST4919,returning,Sarah Johnson,3,81.4515049045401,0.024697879907199984,238.31947625444118
2023-01-12,Product B,South,CUST1890,returning,Emily Davis,3,239.436532381835,0.08129857387160935,659.9120512992852
2023-01-13,Product A,Central,CUST4728,returning,Mike Brown,1,98.695493417917,0.02546616864324468,96.18209733820808
2023-01-13,Product B,West,CUST1474,new,John Smith,3,218.6135897753348,0.059380248080961553,616.8967817418176
2023-01-13,Product A,West,CUST2146,returning,John Smith,3,108.69859962447647,0.021771251297815153,318.9962852889942
2023-01-13,Product B,East,CUST2518,returning,John Smith,4,262.7863826002101,0.04643502498821417,1002.3355614304278
2023-01-13,Product B,East,CUST2676,returning,John Smith,2,264.7720054420612,0.06850060866631788,493.26992382295674
2023-01-13,Product B,East,CUST2721,returning,Sarah Johnson,1,245.93036882130735,0.08693523009923475,224.55035561943734
2023-01-13,Product A,South,CUST2430,returning,Mike Brown,3,85.26915093818248,0.00918708877100447,253.45732703725565
2023-01-13,Product B,East,CUST2053,returning,Robert Wilson,1,275.81850110765373,0.050836054691627997,261.7969767003822
2023-01-13,Product B,Central,CUST2769,returning,Mike Brown,2,251.33682102249156,0.043347223275563444,480.88413544851863
2023-01-13,Product A,South,CUST2224,returning,Mike Brown,2,89.52499373015995,0.014284590759192374,176.4923316640107
2023-01-13,Product D,North,CUST3199,new,John Smith,1,86.01456453003367,0.00047124255222411596,85.9740308071161
2023-01-13,Product A,West,CUST1438,new,John Smith,4,87.53210099668426,0.0818307817675303,321.4771229694847
2023-01-13,Product C,Central,CUST4239,returning,John Smith,3,408.97071360471375,0.013148911989798163,1210.7795810553614
2023-01-13,Product A,South,CUST2551,new,John Smith,4,101.36144452818627,0.058392653919774135,381.770723108174
2023-01-13,Product C,Central,CUST4483,returning,Mike Brown,2,428.2447086746299,0.08547034500931976,783.2849713515874
2023-01-13,Product A,Central,CUST3258,new,Mike Brown,4,91.38165542707736,0.04920544893824006,347.54072018827384
2023-01-13,Product C,South,CUST4241,returning,Mike Brown,2,577.1955496472374,0.08766653778624495,1053.189628368071
2023-01-13,Product A,East,CUST3466,new,Emily Davis,3,89.56570181738093,0.06127958355365104,252.231458727964
2023-01-13,Product A,East,CUST1728,returning,Robert Wilson,2,98.58394386543242,0.03924935564066848,189.42917518439674
2023-01-13,Product B,Central,CUST4863,returning,Emily Davis,3,210.67118191023542,0.04356720661222904,604.4784810021291
2023-01-13,Product B,West,CUST2275,returning,Mike Brown,4,239.1858296409079,0.09606269755131998,864.8359745182073
2023-01-13,Product B,Central,CUST4775,returning,Mike Brown,4,267.7473414823473,0.0140324518193515,1055.9607592529471
2023-01-13,Product A,East,CUST4345,returning,Emily Davis,3,85.90956367624906,0.07133495858845525,239.34362552715476
2023-01-13,Product A,North,CUST3226,returning,Emily Davis,3,91.4360213508481,0.00041874436279578655,274.19319909705285
2023-01-13,Product A,East,CUST4735,new,John Smith,3,84.18703882142134,0.01744092671114995,248.15621654192458
2023-01-13,Product E,South,CUST2052,returning,Emily Davis,2,1298.2373747275026,0.05217334188532457,2461.007984655077
2023-01-13,Product C,East,CUST2026,returning,Emily Davis,4,594.6733132304574,0.0752727137825976,2199.642556518049
2023-01-13,Product D,South,CUST4197,returning,Robert Wilson,2,85.71692812109374,0.0273698457678371,166.74173803745327
2023-01-14,Product A,Central,CUST4398,new,Emily Davis,4,97.18491455587377,0.08232732126800302,356.7357634913157
2023-01-14,Product B,West,CUST4762,new,Robert Wilson,3,252.2732829381994,0.011089082081183133,748.4274113904246
2023-01-14,Product D,East,CUST4426,returning,Sarah Johnson,4,81.18475506357161,0.0038938016687665613,323.47455091530674
2023-01-14,Product A,Central,CUST3010,new,Sarah Johnson,1,89.09429200384396,0.03601364074715191,85.88568217899568
2023-01-14,Product B,South,CUST4936,returning,Sarah Johnson,3,220.4719453949999,0.005592635012822567,657.7167788215161
2023-01-14,Product C,East,CUST3371,returning,Sarah Johnson,1,598.4884578749558,0.056407402883351776,564.7292783105672
2023-01-14,Product B,Central,CUST3462,returning,John Smith,2,280.8405738893691,0.07618836118624439,518.8875816202674
2023-01-14,Product A,West,CUST4452,returning,Sarah Johnson,2,97.71804042991731,0.04981892991739792,185.6996644441476
2023-01-14,Product D,South,CUST3263,returning,Emily Davis,2,82.49861045407224,0.055817118389044074,155.7875514948513
2023-01-14,Product B,East,CUST2811,new,Mike Brown,2,208.42553774179714,0.066231373873072,389.24245605384823
2023-01-14,Product A,West,CUST2269,returning,Mike Brown,2,115.89589273286344,0.010815501457335674,229.28484107222388
2023-01-14,Product E,West,CUST4562,returning,Mike Brown,3,1782.4499746024019,0.06613706110704144,4993.691915135635
2023-01-14,Product A,North,CUST1009,returning,Sarah Johnson,3,117.62127308541532,0.072571950838836,327.2558035123777
2023-01-14,Product A,Central,CUST3475,returning,Sarah Johnson,3,108.2782527397369,0.013945023620516018,320.3049298430792
2023-01-14,Product A,Central,CUST1743,returning,Emily Davis,2,108.97355268514963,0.09055247923296739,198.21145463736988
2023-01-14,Product D,South,CUST1298,returning,John Smith,3,79.05794962077242,0.041112727825937924,227.42298496661067
2023-01-14,Product C,East,CUST1844,returning,Emily Davis,1,580.721568869359,0.07660647765353026,536.2345349808454
2023-01-14,Product A,East,CUST4102,returning,Mike Brown,1,86.88344129810505,0.014346945701802005,85.63692928341544
2023-01-14,Product B,Central,CUST4096,new,Mike Brown,1,224.58474424934002,0.0059105820875654524,223.2573176828394
2023-01-14,Product A,West,CUST3475,new,John Smith,4,91.91437593560845,0.09732608830304917,331.8748370679191
2023-01-14,Product D,North,CUST2872,returning,Mike Brown,1,70.79026683669203,0.01828645267548724,69.49576397229775
2023-01-14,Product A,Central,CUST2991,returning,Robert Wilson,3,93.47858902869825,0.08066935196947393,257.8131954861972
2023-01-14,Product B,North,CUST3843,returning,Emily Davis,2,292.0766608463357,0.07997187639648612,537.4374844536683
2023-01-14,Product B,South,CUST2104,returning,Robert Wilson,3,215.98797633664415,0.07009353650179993,602.5458457000251
2023-01-14,Product C,South,CUST2823,returning,Sarah Johnson,3,578.0010683635132,0.0027616771873704704,1729.214447996214
2023-01-14,Product B,South,CUST3094,returning,John Smith,1,250.3417270854857,0.0321582764680029,242.29116861439334
2023-01-14,Product B,Central,CUST4751,returning,Sarah Johnson,3,208.98221294256047,0.014562864670542342,617.8164997707826
2023-01-14,Product C,North,CUST3772,new,Emily Davis,3,427.0708164555371,0.09226230580877898,1163.0048345571342
2023-01-14,Product E,Central,CUST4417,returning,Robert Wilson,3,1755.341107744066,0.01228107818457338,5201.350879077797
2023-01-14,Product D,West,CUST4523,returning,Robert Wilson,1,87.89765289436994,0.024454044298429935,85.748199796763
2023-01-14,Product A,West,CUST2227,new,Robert Wilson,2,83.76627953074241,0.08554605840110073,153.20080897992517
2023-01-14,Product B,West,CUST2603,new,John Smith,4,269.1895197692693,0.09944574626108207,969.679068360608
2023-01-14,Product C,South,CUST3076,new,Robert Wilson,2,414.55260127283873,0.08918969087767767,755.1575658255541
2023-01-14,Product C,East,CUST1397,new,Emily Davis,3,460.9502190772267,0.0532675886761555,1309.1895372217116
2023-01-14,Product A,North,CUST1146,returning,Mike Brown,4,99.48330177294312,0.08294288704339799,364.9274780451425
2023-01-15,Product A,North,CUST2610,new,Emily Davis,2,104.06746434481859,0.06426279352109317,194.75959674272755
2023-01-15,Product C,South,CUST1915,returning,Robert Wilson,4,428.2215188042702,0.08243504472493496,1571.6842349978426
2023-01-15,Product B,Central,CUST1328,returning,Mike Brown,4,200.02410046851347,0.06758926228302108,746.018476316087
2023-01-15,Product D,West,CUST2848,returning,John Smith,3,75.29562028651374,0.012340081520559643,223.09939858211118
2023-01-15,Product A,North,CUST3821,returning,Robert Wilson,1,102.29242301257233,0.008468834187530683,101.42612544343811
2023-01-15,Product B,South,CUST2280,new,Emily Davis,4,215.69776827161937,0.006107795985486376,857.5213212339664
2023-01-15,Product E,Central,CUST3937,returning,John Smith,3,1282.253674847254,0.043384392285524424,3679.8716352243764
2023-01-15,Product D,Central,CUST2824,returning,John Smith,3,70.85304935767697,0.04838499700332233,202.27447433048854
2023-01-15,Product B,North,CUST3031,returning,Sarah Johnson,4,265.2972921907939,0.03353716062174624,1025.5998971603076
2023-01-15,Product B,South,CUST2810,new,Emily Davis,1,247.66194841264118,0.0769492933191937,228.60453650023382
2023-01-15,Product B,East,CUST3785,returning,Emily Davis,2,278.46682639443094,0.07040797680992236,517.7210810786383
2023-01-15,Product A,East,CUST4593,new,John Smith,1,119.37287915256165,0.0002911717833788741,119.33812113845173
2023-01-15,Product B,West,CUST3691,returning,Robert Wilson,1,222.36025483236713,0.04166360374137506,213.09592528720023
2023-01-15,Product B,Central,CUST1137,returning,Emily Davis,3,262.2086700227874,0.06976418714934633,731.7476858854094
2023-01-15,Product B,South,CUST3636,returning,Sarah Johnson,2,258.09320532627976,0.06103337833109184,484.68181016183354
2023-01-15,Product B,West,CUST4072,new,John Smith,4,203.03870596968372,0.07955103716964032,747.547065296855
2023-01-15,Product B,South,CUST4940,returning,Emily Davis,2,213.0047782511139,0.011613896020052562,421.0619258094622
2023-01-15,Product A,East,CUST4048,returning,Robert Wilson,2,115.11320312608161,0.016161981128587143,226.50549141901334
2023-01-15,Product A,West,CUST2522,returning,Mike Brown,1,80.62545626964777,0.07722447692966575,74.39919758200858
2023-01-15,Product D,West,CUST1599,returning,John Smith,3,72.92824009554981,0.08649949762077763,199.8599518947519
2023-01-15,Product C,Central,CUST4906,returning,Mike Brown,4,585.2765213460174,0.07625963946941754,2162.574179353021
2023-01-15,Product D,South,CUST1894,returning,Sarah Johnson,4,62.40344539154026,0.05530014525919585,235.81010318685517
2023-01-15,Product A,Central,CUST1634,new,Mike Brown,1,86.69930329036279,0.0951549974355327,78.44943130810584
2023-01-15,Product B,South,CUST4936,returning,Emily Davis,4,261.8155734318119,0.03460165676448396,1011.0252832973111
2023-01-15,Product A,North,CUST2799,new,Sarah Johnson,1,87.56158098910127,0.0046851908527603126,87.15133827079791
2023-01-15,Product B,North,CUST4380,new,Robert Wilson,4,254.32328057899585,0.018552551570312114,998.4197392020923
2023-01-15,Product E,East,CUST2354,returning,Sarah Johnson,1,1324.1231252533728,0.08419835280582263,1212.6341391949409
2023-01-15,Product A,North,CUST3121,returning,Mike Brown,4,96.49465949098725,0.06900468884094496,359.3443021519949
2023-01-15,Product A,South,CUST2092,new,Robert Wilson,4,113.44315603181123,0.09231739886192648,411.881515793067
2023-01-15,Product D,Central,CUST1993,returning,Emily Davis,3,73.80007186742397,0.08108785810079185,203.44734633603014
2023-01-15,Product B,South,CUST3143,returning,Mike Brown,4,288.7460482513503,0.023818278104672654,1127.4744582898977
2023-01-15,Product A,West,CUST2577,returning,Mike Brown,2,112.49562896744602,0.03169426217672814,217.86032601843172
2023-01-15,Product A,East,CUST4605,returning,Robert Wilson,1,97.1262069212048,0.02913610728377445,94.2963273362825
2023-01-15,Product C,Central,CUST4318,new,John Smith,2,435.8506511478561,0.03848036172211033,838.1579208697386
2023-01-15,Product D,West,CUST3883,returning,Emily Davis,3,85.98069572041874,0.021027617790186137,252.51817954042644
2023-01-15,Product B,East,CUST4969,new,Sarah Johnson,2,267.7093784783644,0.0633796975992729,501.48407805183274
2023-01-15,Product C,West,CUST4814,returning,Emily Davis,3,523.7983129397177,0.08473879305713738,1438.2368282875238
2023-01-15,Product E,South,CUST2353,returning,Emily Davis,2,1498.0460568035905,0.048313464556549945,2851.340523468262
2023-01-15,Product C,West,CUST3308,returning,Emily Davis,3,467.173171429967,0.037969240816726695,1348.304882342486
2023-01-15,Product A,South,CUST1675,new,Robert Wilson,4,104.54732750914974,0.0968326960099255,377.6949117032245
2023-01-15,Product D,North,CUST2284,returning,Emily Davis,4,73.01401536764315,0.04615574744197899,278.57599565843776
2023-01-16,Product A,North,CUST2881,new,Emily Davis,2,99.1411347967809,0.04113745714125894,190.12544122628512
2023-01-16,Product D,North,CUST1958,returning,Emily Davis,2,76.78216277182071,0.0006379043406590679,153.46636619380675
2023-01-16,Product C,North,CUST2802,returning,Sarah Johnson,3,450.6758797658669,0.01567604286516393,1330.833196069085
2023-01-16,Product E,North,CUST4588,new,Emily Davis,4,1505.3754242532284,0.05473047441146844,5691.9420524659345
2023-01-16,Product A,North,CUST1098,returning,Mike Brown,1,84.24982833878244,0.053005233921238085,79.78414647986112
2023-01-16,Product C,South,CUST4925,new,Robert Wilson,1,596.0217984827534,0.05537114853580112,563.0193869483895
2023-01-16,Product A,North,CUST4717,returning,Emily Davis,2,90.15939013505015,0.012564349241231398,178.05319214003387
2023-01-16,Product D,West,CUST2009,returning,Sarah Johnson,1,80.0091455097272,0.010659303030799074,79.15630378250373
2023-01-16,Product C,North,CUST1979,returning,Emily Davis,3,594.5552645784171,0.0753961903596784,1649.1841880127415
2023-01-16,Product B,West,CUST1378,returning,Robert Wilson,3,298.1421424922025,0.03409478016426098,863.9311550586872
2023-01-16,Product C,North,CUST3634,returning,John Smith,2,450.64023267399534,0.0043433357235637465,897.3659017058947
2023-01-16,Product C,North,CUST1047,returning,Mike Brown,2,511.9157708930684,0.08382304210818006,938.0108673473145
2023-01-16,Product B,East,CUST3350,returning,Robert Wilson,4,278.6522382390847,0.06642193849889683,1040.574465632753
2023-01-16,Product C,North,CUST2602,new,Sarah Johnson,3,454.5899989462976,0.09680763814507336,1231.7466444718057
2023-01-16,Product A,Central,CUST4696,returning,Mike Brown,2,102.62199859685761,0.033451128874193214,198.3783537929337
2023-01-16,Product C,East,CUST4578,new,Emily Davis,3,499.6080786113738,0.04335827926326144,1433.837796050281
2023-01-16,Product A,North,CUST1727,returning,John Smith,1,95.4722896820752,0.05454903404948357,90.26436850142552
2023-01-16,Product A,North,CUST1734,new,Robert Wilson,1,103.97491971487945,0.0372082254962896,100.10619745616961
2023-01-16,Product B,South,CUST1537,new,John Smith,2,266.1703845481347,0.054569596881302584,503.29114792320337
2023-01-16,Product D,West,CUST2648,new,Mike Brown,4,86.61259272795351,0.08877700987609599,315.6935429117988
2023-01-16,Product C,West,CUST1379,new,Emily Davis,4,507.93842647781594,0.035675332669358926,1959.2702165506764
2023-01-16,Product E,North,CUST4170,returning,John Smith,4,1534.9760721642588,0.0633101457273268,5751.186053390319
2023-01-16,Product C,West,CUST3469,new,Mike Brown,1,567.4026656727344,0.09300903505097387,514.6290912531631
2023-01-16,Product A,South,CUST2534,new,Mike Brown,3,103.63571772752967,0.022024104756554832,304.0597014713334
2023-01-16,Product A,East,CUST3207,returning,John Smith,3,105.85834966551721,0.08792551148463847,289.6521003787707
2023-01-16,Product C,West,CUST3737,returning,Emily Davis,4,405.3022621083244,0.06364035974460112,1518.0347213698
2023-01-16,Product E,North,CUST3361,returning,Robert Wilson,4,1231.3547275716144,0.07877130155277087,4537.437252030562
2023-01-16,Product A,North,CUST1123,returning,Emily Davis,4,92.5967835445187,0.006964114816240575,367.80771564920036
2023-01-16,Product B,East,CUST1288,new,Mike Brown,4,273.8069123338517,0.04712871673981646,1043.6109756842634
2023-01-17,Product E,South,CUST4303,new,Mike Brown,2,1404.9422322189407,0.02688569129041717,2734.3387781652655
2023-01-17,Product E,Central,CUST4301,returning,Sarah Johnson,2,1597.0864371446548,0.06825117301162002,2976.1668288171663
2023-01-17,Product B,East,CUST3224,new,Mike Brown,1,249.65611906830776,0.03200496010306118,241.66588493804147
2023-01-17,Product A,North,CUST1422,returning,Robert Wilson,2,101.36558784542788,0.06929089110247677,188.68375187298358
2023-01-17,Product C,South,CUST1314,returning,Sarah Johnson,4,587.5279559915804,0.009132573433355707,2328.6492551573515
2023-01-17,Product E,North,CUST4474,returning,John Smith,3,1446.6222079909387,0.027864646423661144,4218.937774969966
2023-01-17,Product B,West,CUST2089,returning,Mike Brown,4,231.91234898204627,0.05866239182836627,873.2312635848986
2023-01-17,Product C,East,CUST4535,returning,Emily Davis,3,516.4140262248446,0.07173627530363669,1438.1052224067591
2023-01-17,Product A,North,CUST3246,new,Emily Davis,4,111.82640922645768,0.070109758736427,415.9451466209191
2023-01-17,Product C,North,CUST3888,returning,Emily Davis,1,436.75693302158027,0.06666856518925131,407.63897496057353
2023-01-17,Product D,Central,CUST3806,returning,Sarah Johnson,2,64.09863994326088,0.03594911512197552,123.58870111355706
2023-01-17,Product D,West,CUST3861,returning,Sarah Johnson,4,86.64574048983913,0.06059261954142473,325.58259240581316
2023-01-17,Product A,Central,CUST1861,returning,Sarah Johnson,3,91.07479877968049,0.07521143326969748,252.67479788613431
2023-01-17,Product A,East,CUST1611,returning,Emily Davis,2,113.45758949504491,0.08855594435856315,206.82049102533003
2023-01-17,Product C,South,CUST1898,new,Emily Davis,3,446.2559856631911,0.011995294173096983,1322.7090415159673
2023-01-17,Product C,East,CUST4068,returning,John Smith,2,436.5502331974872,0.0006464357789710551,872.5360630148604
2023-01-17,Product B,West,CUST3476,returning,John Smith,3,212.53753492338734,0.08965746584690103,580.4458744344277
2023-01-17,Product D,West,CUST4779,returning,John Smith,4,87.2504163072903,0.04864827657324229,332.0233356945708
2023-01-17,Product C,East,CUST4681,returning,Mike Brown,3,532.2685357889449,0.05079486919064083,1515.6960754177544
2023-01-17,Product A,South,CUST1738,returning,Robert Wilson,3,88.71634833008054,0.0658661354939767,248.61883593132183
2023-01-17,Product C,Central,CUST2537,returning,Robert Wilson,2,445.2294103179882,0.0484696287130047,847.2986122155306
2023-01-17,Product C,North,CUST3194,returning,Mike Brown,2,493.3564154462376,0.0944042093825398,893.5629862044633
2023-01-17,Product C,South,CUST4357,returning,John Smith,3,540.4976683176938,0.04872653541000508,1542.4832686301595
2023-01-17,Product A,Central,CUST1519,returning,Emily Davis,4,108.27214384842021,0.00600081925890118,430.4896891296484
2023-01-17,Product C,West,CUST1159,returning,Emily Davis,2,573.3866936703768,0.058586478845351925,1079.5879725429018
2023-01-17,Product C,East,CUST2675,returning,Mike Brown,1,588.7964610726419,0.010536492225085648,582.5926117383921
2023-01-17,Product B,East,CUST4839,returning,Sarah Johnson,4,295.6799815484286,0.08658201652223552,1080.317650002833
2023-01-17,Product A,Central,CUST3376,returning,John Smith,2,112.6333249996247,0.06229373829351187,211.23394825794006
2023-01-17,Product B,Central,CUST2447,returning,John Smith,2,296.94123223352875,0.08579862539227058,542.92816537121
2023-01-17,Product B,South,CUST3737,returning,Mike Brown,1,259.7274072430341,0.01738952492194873,255.21087102186826
2023-01-17,Product A,North,CUST4747,returning,John Smith,3,82.63192871180956,0.04108163955674278,237.7118208017776
2023-01-17,Product B,Central,CUST3448,returning,John Smith,3,273.566311423919,0.07336158300423125,760.4911612836954
2023-01-17,Product A,North,CUST4246,returning,Mike Brown,4,98.88267780439996,0.05874536042340744,372.29511702859526
2023-01-17,Product A,Central,CUST4789,returning,Sarah Johnson,2,108.68725788187031,0.026725868514706177,211.56499303699096
2023-01-17,Product A,Central,CUST1719,new,Sarah Johnson,4,92.70218319478008,0.08173053122132368,340.50233806757694
2023-01-17,Product E,West,CUST4032,new,Sarah Johnson,1,1334.7693671063112,0.03759928899413115,1284.5829879319674
2023-01-17,Product A,Central,CUST4748,new,Emily Davis,1,112.04656268700634,0.048306624519330266,106.63397145460354
2023-01-17,Product B,North,CUST1150,new,Robert Wilson,2,267.0675525382326,0.07140527233781267,495.995042433294
2023-01-17,Product E,North,CUST2788,returning,Mike Brown,2,1665.8935815906107,0.07927581135728129,3067.6570325502553
2023-01-17,Product C,Central,CUST4081,returning,John Smith,2,588.5662282826522,0.043760312405539195,1125.6207725233069
2023-01-17,Product B,Central,CUST3975,returning,Sarah Johnson,2,293.96515112935083,0.03990353176424347,564.4698067673603
2023-01-18,Product A,North,CUST2410,returning,Robert Wilson,3,118.08575668305406,0.04049685873761885,339.91096342720675
2023-01-18,Product B,Central,CUST4119,returning,Mike Brown,3,260.2116985354779,0.05735289514555733,735.8634128211759
2023-01-18,Product B,Central,CUST3983,new,John Smith,1,282.7553052274047,0.06743996518139815,263.6862972880129
2023-01-18,Product E,South,CUST1780,returning,Mike Brown,4,1766.799439302657,0.020754093620570346,6920.5244733223935
2023-01-18,Product D,West,CUST1266,returning,Sarah Johnson,2,70.69826738623158,0.09340329911306394,128.18963194156004
2023-01-18,Product C,West,CUST4130,returning,Robert Wilson,4,564.5069588768393,0.028997011894360904,2192.5517755033525
2023-01-18,Product A,West,CUST4010,returning,Robert Wilson,3,93.55252086419392,0.037720178245763875,270.071109305568
2023-01-18,Product A,West,CUST3668,returning,John Smith,1,96.01251344691977,0.06048394293625812,90.20529806242956
2023-01-18,Product C,South,CUST2573,returning,Sarah Johnson,3,521.3463449434873,0.059480321467778964,1471.0094902505914
2023-01-18,Product D,West,CUST1019,returning,Robert Wilson,2,87.39721657669415,0.0005184862773986776,174.7038046384326
2023-01-18,Product B,North,CUST1791,returning,Emily Davis,3,248.20173397769324,0.026520853699682913,724.8576363085896
2023-01-18,Product A,West,CUST3133,new,Sarah Johnson,1,116.58778241348229,0.06589018065748573,108.9057923678023
2023-01-18,Product D,East,CUST1327,new,Robert Wilson,1,72.23953486094534,0.022197216193294945,70.63601828793387
2023-01-18,Product B,South,CUST1943,returning,Emily Davis,3,240.58120922002715,0.01948404916553641,707.6811393338398
2023-01-18,Product A,South,CUST3011,returning,Mike Brown,3,114.58635687432559,0.027136596353901057,334.4306194804889
2023-01-18,Product B,North,CUST2705,returning,Emily Davis,3,235.67704903492512,0.05035135112979966,671.4311735571977
2023-01-18,Product B,South,CUST3920,returning,Mike Brown,2,215.8624144526378,0.013382836299969315,425.9471261934041
2023-01-18,Product B,East,CUST4806,returning,Emily Davis,2,250.31791670513448,0.09113418162164089,455.01079644195596
2023-01-18,Product C,East,CUST2737,returning,Emily Davis,4,466.4629250710218,0.09747931621467831,1683.9697523823995
2023-01-18,Product B,North,CUST1223,returning,Sarah Johnson,4,216.48342611370012,0.03764633668780496,833.3344726675768
2023-01-18,Product C,West,CUST4773,returning,John Smith,2,587.8997883128378,0.09266588657937942,1066.8430664179984
2023-01-18,Product B,West,CUST3556,returning,Emily Davis,2,201.59662522202143,0.0684233026512157,375.60543664198275
2023-01-18,Product C,West,CUST2137,returning,Robert Wilson,3,535.5091610367551,0.011236448194898564,1588.4758202726161
2023-01-18,Product D,Central,CUST2046,returning,John Smith,2,73.17404725710655,0.08996674452921732,133.18163288271512
2023-01-18,Product A,Central,CUST1807,new,Emily Davis,1,94.19590733946215,0.0531661023764483,89.18787808640987
2023-01-18,Product D,North,CUST4114,returning,John Smith,3,75.42681033797933,0.06501871664456534,211.56796778763265
2023-01-18,Product C,Central,CUST4496,returning,Sarah Johnson,4,482.4035477903313,0.0549326365186015,1823.615396177125
2023-01-18,Product A,West,CUST1999,returning,John Smith,2,91.87582697072172,0.08561536219946603,168.01968953449583
2023-01-18,Product C,North,CUST1213,returning,Robert Wilson,2,471.21345982382894,0.06967548149354044,876.7628702487332
2023-01-18,Product A,East,CUST1138,returning,Emily Davis,1,100.36631862250411,0.024828747963084596,97.8743485934433
2023-01-18,Product A,South,CUST4498,returning,Robert Wilson,1,81.38690816904266,0.03375324658838189,78.63983578854697
2023-01-18,Product A,West,CUST4096,returning,Sarah Johnson,4,100.14187926047543,0.05546870247883672,378.34855661641814
2023-01-18,Product C,West,CUST4055,returning,Emily Davis,4,403.6220367641681,0.05929629052588216,1518.7549888382068
2023-01-18,Product B,North,CUST2951,returning,John Smith,3,284.67850018697453,0.05541876510047912,806.7059077678675
2023-01-18,Product A,North,CUST3642,returning,Emily Davis,2,101.48426167274192,0.05577422659504375,191.64811093275142
2023-01-18,Product B,West,CUST2808,returning,Sarah Johnson,3,271.8699265972796,0.07193006090251136,756.9429186587279
2023-01-18,Product B,South,CUST2602,new,Mike Brown,3,230.96688704012925,0.013377814499396802,683.6311646094098
2023-01-18,Product B,East,CUST3673,returning,Mike Brown,3,209.55591039583354,0.023503129881191867,613.8920718492866
2023-01-18,Product A,Central,CUST2774,returning,Mike Brown,3,95.35355532179918,0.06626645130593554,267.10444077365804
2023-01-18,Product A,North,CUST2204,returning,Emily Davis,3,98.83800235090058,0.09919627472386433,267.1009221496281
2023-01-18,Product A,Central,CUST4680,new,Mike Brown,1,96.90746478629703,0.014551730038742494,95.49729351998788
2023-01-18,Product A,Central,CUST4527,new,Robert Wilson,4,111.55780495739707,0.04965154222306049,424.0751515769717
2023-01-19,Product D,East,CUST2122,new,John Smith,1,89.74873028883682,0.018342364349795606,88.10252637794744
2023-01-19,Product A,West,CUST1186,new,John Smith,4,95.57182456167907,0.04371933963572436,365.5739500162446
2023-01-19,Product D,West,CUST2155,returning,Robert Wilson,3,74.10957162305357,0.09963343376272474,200.17734158269246
2023-01-19,Product B,West,CUST1997,new,Sarah Johnson,2,207.70582791343313,0.06954156483280532,386.52327923087927
2023-01-19,Product C,North,CUST2112,returning,Sarah Johnson,3,561.3122295722899,0.07241033292731386,1562.0022724583628
2023-01-19,Product A,South,CUST3458,new,John Smith,3,106.15976885680993,0.028300063542907775,309.4663219573854
2023-01-19,Product C,North,CUST4197,returning,Emily Davis,4,449.5020146280824,0.005183579911972902,1788.6879400586597
2023-01-19,Product C,Central,CUST3485,returning,Mike Brown,2,450.09236372111684,0.09730105547524456,812.5958033394089
2023-01-19,Product C,North,CUST3330,returning,Robert Wilson,4,506.8581103787352,0.005166872165796111,2016.9569572648452
2023-01-19,Product B,South,CUST3403,new,Robert Wilson,4,246.17328136123822,0.08026433097957104,905.6573905109309
2023-01-19,Product A,East,CUST3666,new,Robert Wilson,3,102.21989120678525,0.03400043860598922,296.23311021449416
2023-01-19,Product C,South,CUST2901,returning,Emily Davis,3,440.27275642719485,0.08721357000224766,1205.6249926933474
2023-01-19,Product B,East,CUST3149,new,Emily Davis,1,244.86936226225305,0.054568688849547346,231.50716222417708
2023-01-19,Product A,East,CUST4363,returning,John Smith,4,119.78594566239991,0.02946193963461932,465.027277448874
2023-01-19,Product D,South,CUST1500,returning,Emily Davis,3,80.12196935717502,0.01690810703559925,236.3017755701427
2023-01-19,Product E,West,CUST4483,returning,John Smith,4,1348.5789858428632,0.0690123117682008,5022.041729711326
2023-01-19,Product B,North,CUST4622,returning,John Smith,2,201.01311840277435,0.013887132639651701,396.44324513041005
2023-01-19,Product B,South,CUST3958,new,Robert Wilson,4,291.2363345616691,0.03838471518677963,1120.229243229911
2023-01-19,Product A,South,CUST1272,returning,Sarah Johnson,3,84.27202816009455,0.03393228356557111,244.23745741176128
2023-01-19,Product B,West,CUST2069,returning,Robert Wilson,4,276.85540143063093,0.017711067940704896,1087.8079864245676
2023-01-19,Product A,North,CUST4440,new,John Smith,3,116.16541410312762,5.9793883479530854e-05,348.47540436567715
2023-01-19,Product B,East,CUST3074,returning,Sarah Johnson,4,276.2361213707173,0.06897912473128662,1028.726381997599
2023-01-19,Product A,North,CUST1719,new,Mike Brown,3,86.64210085926146,0.0658102218056492,242.8204949520181
2023-01-19,Product C,West,CUST4325,returning,Mike Brown,3,508.5448886695192,0.05990293647773265,1434.2446695224203
2023-01-19,Product A,Central,CUST1144,returning,Robert Wilson,2,107.25412052965395,0.08336440104751724,196.62589002364226
2023-01-19,Product A,West,CUST2961,returning,John Smith,4,93.59887455172992,0.03131632018297771,362.6708089100063
2023-01-19,Product C,South,CUST1438,new,Emily Davis,4,522.4551531387744,0.0799157971104782,1922.8109324848492
2023-01-19,Product B,North,CUST2155,returning,Robert Wilson,2,286.31385219890035,0.08127995672575027,526.0845493643817
2023-01-19,Product A,West,CUST4643,returning,Mike Brown,4,109.16938971654572,0.006871367772396098,433.6769867612612
2023-01-19,Product A,Central,CUST4849,returning,Sarah Johnson,1,97.82767160986985,0.03172591743568676,94.72399897744964
2023-01-19,Product B,Central,CUST1244,new,John Smith,1,257.54093872861483,0.053250406641598184,243.82677901445717
2023-01-19,Product D,East,CUST2065,returning,Sarah Johnson,3,89.26419084942066,0.05443448876343211,253.21542076695303
2023-01-19,Product D,West,CUST4218,returning,Mike Brown,3,68.61494295391672,0.0018081092205685435,205.4726389286789
2023-01-20,Product C,East,CUST1569,new,Mike Brown,3,404.9173832917603,0.0821512947407441,1114.958687973924
2023-01-20,Product C,Central,CUST4991,returning,John Smith,1,430.40971348489836,0.05543374743403449,406.55049013442135
2023-01-20,Product C,East,CUST2989,new,Emily Davis,1,415.3244803984405,0.0021149823349416287,414.446076459129
2023-01-20,Product B,East,CUST2330,returning,John Smith,1,254.07656313005427,0.029281286673716878,246.63687444797043
2023-01-20,Product C,East,CUST3062,returning,Sarah Johnson,2,489.5346850820836,0.04156421866859057,938.3751167709445
2023-01-20,Product C,South,CUST1267,new,John Smith,1,548.1962500549157,0.006644384435577489,544.5538234234089
2023-01-20,Product E,Central,CUST4907,returning,John Smith,2,1721.1342169496766,0.08650710993753939,3144.4877400535
2023-01-20,Product D,South,CUST1104,returning,Robert Wilson,3,72.12719188932627,0.035477129183598424,208.70497855505533
2023-01-20,Product A,South,CUST4893,returning,Mike Brown,1,93.55442597355005,0.04385384885374355,89.45170431730725
2023-01-20,Product E,North,CUST4868,returning,Sarah Johnson,3,1779.0712178616272,0.001737979018547964,5327.937688237444
2023-01-20,Product A,West,CUST3317,new,John Smith,3,106.24005418612437,0.04202496018075419,305.32596041805397
2023-01-20,Product D,East,CUST4369,new,Emily Davis,2,68.01225022368997,0.03455795858708131,131.32377139409095
2023-01-20,Product B,West,CUST2560,returning,Sarah Johnson,3,245.95629775055218,0.08181455811278014,677.5004758051061
2023-01-20,Product C,North,CUST3122,returning,Sarah Johnson,3,520.7443063460278,0.039816869359094335,1500.0296949922674
2023-01-20,Product C,Central,CUST4281,returning,Robert Wilson,3,490.4628070102671,0.03567231693089064,1418.9005869473476
2023-01-20,Product A,Central,CUST3950,new,Robert Wilson,3,83.07229764277125,0.0023707753644518384,248.62605565815406
2023-01-20,Product B,Central,CUST2088,returning,Mike Brown,2,225.11920046044673,0.006557907264663632,447.28577924066377
2023-01-20,Product C,West,CUST4942,returning,Mike Brown,2,423.6672381846775,0.09911264318213037,763.3529167570418
2023-01-20,Product B,South,CUST2582,returning,Mike Brown,4,211.51461783952013,0.09858053208502059,762.6535770765618
2023-01-20,Product A,Central,CUST4582,returning,Mike Brown,2,84.59347298956814,0.07677795014428389,156.19711907568652
2023-01-20,Product E,Central,CUST4162,new,John Smith,1,1778.6929350143125,0.07175613826485358,1651.0607988387073
2023-01-20,Product A,Central,CUST1310,returning,John Smith,4,102.4918726351164,0.09616657359548132,370.5423216896511
2023-01-20,Product A,North,CUST3169,returning,Robert Wilson,4,84.86005505203673,0.04960478386798866,322.6023614486193
2023-01-20,Product C,East,CUST3732,returning,Mike Brown,4,550.6944221319193,0.04259377084669395,2108.953080436319
2023-01-20,Product C,Central,CUST4621,new,Emily Davis,3,417.8248864232034,0.08646861920335402,1145.0884362761724
2023-01-20,Product A,North,CUST2703,returning,Robert Wilson,2,109.60071200632851,0.0959592147609234,198.16702748992623
2023-01-20,Product A,Central,CUST4564,new,Mike Brown,1,96.0632094570195,0.06496466489923684,89.82249524549903
2023-01-20,Product A,Central,CUST3775,returning,Emily Davis,1,111.90189442148797,0.0970257109726057,101.04453355606164
2023-01-20,Product C,West,CUST3173,new,Robert Wilson,3,471.1915546941281,0.08248069479798308,1296.9820436400437
2023-01-20,Product D,Central,CUST2262,returning,Mike Brown,2,86.48744449556168,0.05967764199616896,162.652155491584
2023-01-20,Product D,East,CUST3235,returning,Emily Davis,2,69.57301419729767,0.06445466506258223,130.17741773963314
2023-01-20,Product A,South,CUST4357,new,Emily Davis,1,118.6908476148119,0.03957776796604308,113.9933287882199
2023-01-20,Product B,Central,CUST1966,returning,John Smith,3,202.58389722200113,0.052431493834012105,575.8863625918068
2023-01-20,Product B,North,CUST4169,new,Robert Wilson,2,297.57788185489323,0.025563909379536155,579.9412556996009
2023-01-20,Product C,North,CUST4358,returning,Robert Wilson,2,457.65031543347374,0.01182186222910886,904.480072910622
2023-01-20,Product A,East,CUST3343,returning,Sarah Johnson,1,89.935050414792,0.0015813196232962068,89.79283435474896
2023-01-20,Product A,Central,CUST1481,returning,Mike Brown,1,113.66118641240173,0.04963662472012364,108.01942875720533
2023-01-20,Product C,West,CUST4293,returning,Emily Davis,3,404.9932444240115,0.06996395696221218,1129.97494350343
2023-01-20,Product A,West,CUST3731,returning,Mike Brown,3,91.674687081456,0.07550604148161828,254.2580830676076
2023-01-20,Product A,East,CUST2890,returning,Sarah Johnson,4,90.609140900107,0.08831930529236086,330.4264180906876
2023-01-21,Product A,West,CUST3679,returning,John Smith,4,108.58565099634896,0.0009978776658449374,433.9091832015539
2023-01-21,Product C,Central,CUST3009,new,Robert Wilson,3,427.42194114579985,0.061894819300772154,1202.900212000186
2023-01-21,Product A,East,CUST1699,returning,John Smith,4,82.58466719376345,0.04878540439263625,314.2229632323377
2023-01-21,Product D,South,CUST1623,returning,Emily Davis,2,62.942477423527336,0.01271997626874496,124.2837012088081
2023-01-21,Product B,South,CUST4430,returning,John Smith,4,258.0757207227328,0.09840834691992952,930.7156626649571
2023-01-21,Product A,East,CUST1987,returning,Emily Davis,2,91.9967644602794,0.05988082963834915,172.97584376070813
2023-01-21,Product B,North,CUST3136,returning,Emily Davis,2,209.65344701954407,0.0046123564335733835,417.3729011887253
2023-01-21,Product A,North,CUST3381,returning,Emily Davis,4,102.13162558491999,0.0566018424887821,385.4031496017563
2023-01-21,Product B,South,CUST1091,new,Robert Wilson,4,290.8083687059854,0.03268932630556065,1125.2081561958705
2023-01-21,Product A,North,CUST1714,returning,Emily Davis,3,80.30251499912569,0.0071280270055163915,239.19034951080312
2023-01-21,Product E,Central,CUST1202,returning,Robert Wilson,4,1207.29268481389,0.05560050386425846,4560.6664129064175
2023-01-21,Product A,North,CUST2758,returning,Sarah Johnson,3,90.73899427560627,0.016949274668609248,267.603102415427
2023-01-21,Product C,North,CUST4503,returning,Mike Brown,1,480.3586270218849,0.051111363848950056,455.80684245818725
2023-01-21,Product C,West,CUST2887,returning,John Smith,2,486.8722996282435,0.0427486454090268,932.1183366639166
2023-01-21,Product C,North,CUST4516,returning,Emily Davis,1,415.8426300016742,0.0774485603119791,383.6362169916975
2023-01-21,Product C,North,CUST1998,returning,Mike Brown,1,488.54339335590544,0.07175977656581763,453.4856286059793
2023-01-21,Product C,East,CUST1104,returning,Robert Wilson,4,598.1497618786437,0.012048182243846794,2363.772578153665
2023-01-21,Product E,North,CUST1050,new,John Smith,1,1709.7884344064466,0.024108483232963187,1668.5680286036443
2023-01-21,Product B,West,CUST2654,returning,Mike Brown,2,295.79458599261375,0.016462842825866877,581.84993242935
2023-01-21,Product C,Central,CUST2673,new,John Smith,1,400.00232695107326,0.006133095564328262,397.54907445392865
2023-01-21,Product B,Central,CUST2510,new,Mike Brown,3,235.34607405467824,0.0869969159647685,644.6150742825157
2023-01-21,Product A,South,CUST2997,returning,John Smith,3,117.90744708257117,0.06535867700444199,330.60351699684924
2023-01-21,Product A,West,CUST4222,returning,Robert Wilson,4,104.09763703604476,0.06725184560770385,388.3875152878795
2023-01-21,Product A,Central,CUST3808,returning,Robert Wilson,4,117.46592607422829,0.07350710438038859,435.32538394060396
2023-01-21,Product C,West,CUST4829,returning,Robert Wilson,1,522.0215844072469,0.04405391598729948,499.0244893842131
2023-01-21,Product D,North,CUST2410,returning,Robert Wilson,4,85.72080276277495,0.03975943979627943,329.25036666415866
2023-01-21,Product A,West,CUST1395,returning,Mike Brown,3,95.33551454527995,0.08022736971474778,263.0609909187302
2023-01-21,Product B,East,CUST1400,returning,Mike Brown,4,298.56504541106005,0.05926967238793936,1123.4767719322251
2023-01-21,Product A,North,CUST3735,new,John Smith,4,94.6587513833144,0.0849223410494178,346.4804344601141
2023-01-21,Product D,Central,CUST4697,new,Sarah Johnson,2,67.4900685822069,0.07516761720229193,124.8340018841263
2023-01-22,Product C,West,CUST1328,returning,Emily Davis,3,402.110224490038,0.0932566708705961,1093.8322908932068
2023-01-22,Product A,South,CUST4413,new,Sarah Johnson,2,86.20166466910976,0.02865412521282844,167.46326275225368
2023-01-22,Product A,North,CUST3570,returning,Sarah Johnson,4,118.66190066208328,0.039593722619594984,455.8545371270193
2023-01-22,Product A,West,CUST3600,new,Mike Brown,3,103.81438645034416,0.007558361385406698,309.08915940164457
2023-01-22,Product B,Central,CUST4173,returning,Robert Wilson,1,226.75926767279717,0.06880444438360138,211.15722225173803
2023-01-22,Product D,Central,CUST4549,returning,Robert Wilson,2,67.55420298152644,0.06389630219732846,126.47547842623833
2023-01-22,Product C,North,CUST3626,returning,Sarah Johnson,4,431.92655135468806,0.057973711493977204,1627.5446643194514
2023-01-22,Product C,North,CUST4253,new,Emily Davis,3,589.769191166226,0.04928645844474466,1682.1046693014637
2023-01-22,Product B,West,CUST1522,new,Sarah Johnson,4,292.0297181219408,0.08117697880901376,1073.2945115294149
2023-01-22,Product C,North,CUST4056,new,Sarah Johnson,3,412.28925802615754,0.04149604360796805,1185.542654988022
2023-01-22,Product A,East,CUST1783,returning,Robert Wilson,3,85.21805639774472,0.04151071768549326,245.0417811507345
2023-01-22,Product A,East,CUST4425,returning,Robert Wilson,4,80.5676019758307,0.07925951162883833,296.7274127604789
2023-01-22,Product A,Central,CUST2759,new,Sarah Johnson,3,112.83676854452,0.03192252977861885,327.7042003216033
2023-01-22,Product A,East,CUST3371,returning,John Smith,2,105.44273681408902,0.04053253606469534,202.33775056282354
2023-01-22,Product A,East,CUST1546,returning,Sarah Johnson,1,100.72315064955262,0.0782581939851338,92.84073878722607
2023-01-22,Product B,West,CUST4335,returning,John Smith,2,240.0763060875326,0.07653562810662407,443.40383041521034
2023-01-22,Product A,South,CUST4251,returning,Robert Wilson,2,114.82753821829756,0.027974596776907102,223.23056827551162
2023-01-22,Product C,East,CUST2846,returning,Emily Davis,4,526.2615106183978,0.07888022639053596,1938.9995340807725
2023-01-22,Product D,South,CUST2711,returning,Mike Brown,4,86.43752045045669,0.06720525405053619,322.5138597163413
2023-01-22,Product B,South,CUST2452,returning,Sarah Johnson,4,239.10427630581742,0.09305952146439163,867.4133870908335
2023-01-22,Product E,North,CUST2504,returning,Emily Davis,3,1677.6044414563698,0.04490387679301259,4806.820494929408
2023-01-22,Product B,North,CUST2721,returning,Sarah Johnson,2,288.783792259288,0.02469654124670625,563.3036628447525
2023-01-22,Product B,East,CUST3942,returning,John Smith,3,279.44856336484906,0.08379083748518036,768.1000026194337
2023-01-22,Product D,North,CUST3953,returning,Mike Brown,1,68.57122702982672,0.05766140071297178,64.61731403067972
2023-01-22,Product A,East,CUST3916,new,Robert Wilson,4,104.06215517199296,0.06321594991864575,389.93506872885564
2023-01-22,Product A,Central,CUST1956,returning,Sarah Johnson,4,90.30731554044856,0.017419333657825366,354.93688911722785
2023-01-22,Product B,West,CUST4780,new,John Smith,4,253.3323547859605,0.00969787625160954,1003.5022758348696
2023-01-22,Product D,Central,CUST2332,returning,John Smith,2,69.96439237964817,0.051883805712607214,132.6687468772438
2023-01-22,Product B,South,CUST1486,returning,Robert Wilson,2,205.12634591759982,0.006250694151041081,407.68832773389653
2023-01-22,Product C,South,CUST2890,returning,Emily Davis,1,453.117519661472,0.0009779380305761866,452.6743988066747
2023-01-22,Product C,East,CUST1151,returning,Mike Brown,4,550.2354273908086,0.027304061932780677,2140.8470608148796
2023-01-22,Product D,West,CUST1378,returning,Mike Brown,1,63.95060710308621,0.0597839986845685,60.127384092157946
2023-01-22,Product A,Central,CUST3946,returning,Emily Davis,1,104.25483777733501,0.06062529377509775,97.93435760960892
2023-01-22,Product C,North,CUST2294,new,Sarah Johnson,3,514.8575150180422,0.09917728809792495,1391.3860287651485
2023-01-23,Product B,North,CUST2524,returning,Sarah Johnson,1,214.94362585182944,0.062295404418338175,201.55362575224575
2023-01-23,Product C,South,CUST2924,new,Emily Davis,1,593.0897269201243,0.00839625634467267,588.1099935375111
2023-01-23,Product B,West,CUST4012,returning,Robert Wilson,4,217.78840587344996,0.023672047585383296,850.5316334642755
2023-01-23,Product A,East,CUST3524,new,John Smith,1,114.01886459043351,0.027407158934219102,110.8939314471043
2023-01-23,Product D,Central,CUST4709,returning,Robert Wilson,3,67.75294860875454,0.02522410201733616,198.13182396321594
2023-01-23,Product B,West,CUST4704,returning,John Smith,1,215.24160133304176,0.07371802250072432,199.37441612288063
2023-01-23,Product B,West,CUST1368,new,Sarah Johnson,2,231.19840203264187,0.0163035336931591,454.8581021905963
2023-01-23,Product A,East,CUST2505,returning,John Smith,2,111.3264572369479,0.07179326909401018,206.66793387050578
2023-01-23,Product A,South,CUST3231,returning,Robert Wilson,3,98.38336228854492,0.039570796357379256,283.4707628834119
2023-01-23,Product C,Central,CUST4947,returning,Mike Brown,1,419.0798554626422,0.024580743930615302,408.7785608490357
2023-01-23,Product A,South,CUST3734,returning,Sarah Johnson,4,81.80605457649168,0.09437781113683691,296.34151283128705
2023-01-23,Product B,Central,CUST4271,new,Robert Wilson,4,215.0169000817042,0.09882752710001314,775.069246247675
2023-01-23,Product D,East,CUST1581,new,Emily Davis,1,73.95616299365014,0.028045506476005535,71.8820249454712
2023-01-23,Product A,Central,CUST4729,returning,Mike Brown,3,109.2351849328883,0.04183895333783336,313.9946973828948
2023-01-23,Product C,North,CUST3725,returning,Mike Brown,4,559.2482901082737,0.05493426449027577,2114.105586494926
2023-01-23,Product B,North,CUST2972,returning,Mike Brown,1,251.12754622007512,0.036226808709859115,242.02999664138414
2023-01-23,Product C,West,CUST3981,new,John Smith,4,564.5167751823348,0.011775108289014114,2231.478116094391
2023-01-23,Product C,Central,CUST2751,returning,Emily Davis,1,598.5029240323943,0.06872955625825176,557.3680836443817
2023-01-23,Product B,South,CUST1340,returning,John Smith,4,230.23332493514937,0.07090137242870319,855.6378648736949
2023-01-23,Product C,East,CUST4135,returning,John Smith,1,539.4271611783619,0.006980065461462893,535.6619242816458
2023-01-23,Product D,North,CUST2601,new,John Smith,3,86.86688544395516,0.02950723492643094,252.91105154349904
2023-01-23,Product C,North,CUST1572,returning,Mike Brown,2,482.1714183680993,0.03267947058577774,932.8286233684726
2023-01-23,Product A,North,CUST2229,returning,Mike Brown,3,87.20041749890895,0.03161561049767505,253.3305691920864
2023-01-23,Product C,West,CUST3385,returning,John Smith,1,583.841606210745,0.06914160575131521,543.4738600529071
2023-01-23,Product A,South,CUST4854,new,Emily Davis,1,99.68368041400392,0.07395811772217427,92.31126304296541
2023-01-23,Product A,Central,CUST4607,returning,John Smith,1,86.67812354988796,0.08755112265526162,79.0893565234438
2023-01-23,Product A,Central,CUST2336,returning,Mike Brown,4,105.71527640234831,0.08663865142513422,386.2249896792541
2023-01-23,Product D,South,CUST4028,returning,Mike Brown,1,89.68353392895169,0.0940419207300747,81.24952214041225
2023-01-23,Product B,Central,CUST2144,new,Sarah Johnson,2,220.49792328259107,0.05834262151440911,415.26699279960326
2023-01-23,Product E,Central,CUST2283,returning,Sarah Johnson,3,1450.65658756506,0.012243389835894104,4298.686900336479
2023-01-23,Product E,Central,CUST4765,new,Sarah Johnson,4,1683.0560260797158,0.05642835017334319,6352.335805114937
2023-01-23,Product A,South,CUST2951,returning,Robert Wilson,3,89.95167154956708,0.08634846083691154,246.55344948466367
2023-01-23,Product C,North,CUST1983,returning,Sarah Johnson,4,503.03503406674633,0.022807977194893247,1966.2472899260786
2023-01-23,Product B,North,CUST2225,returning,Robert Wilson,3,243.37705660180177,0.04840205725094041,694.791319123788
2023-01-23,Product C,West,CUST2552,new,John Smith,2,598.265580312844,0.06445911747423437,1119.4038179813347
2023-01-23,Product C,Central,CUST1848,returning,Robert Wilson,4,483.2290735281213,0.01260020278639943,1908.5611568375323
2023-01-23,Product A,West,CUST2563,returning,Emily Davis,3,84.63040184985299,0.09471529360063548,229.8438254733132
2023-01-24,Product B,North,CUST3803,returning,Sarah Johnson,2,215.69026241461202,0.0387246048203475,414.67548447801823
2023-01-24,Product B,West,CUST4301,new,Sarah Johnson,1,260.96890612495685,0.008540248429087382,258.74016683438253
2023-01-24,Product E,North,CUST2017,new,Mike Brown,2,1383.059812091716,0.01705380488982259,2718.9467598106985
2023-01-24,Product C,West,CUST3166,new,Emily Davis,3,461.25357740092295,0.0719245200575832,1284.2344056645547
2023-01-24,Product A,Central,CUST3085,new,Sarah Johnson,2,85.51291596636942,0.041262184084862374,163.96893257226344
2023-01-24,Product B,Central,CUST3246,returning,Emily Davis,2,251.66983852262675,0.08396596557087904,461.07627505201435
2023-01-24,Product A,West,CUST4668,returning,Robert Wilson,4,83.76144417737066,0.07928544190338394,308.48152424520885
2023-01-24,Product B,West,CUST3330,new,Sarah Johnson,4,278.30002313472016,0.010616035354746723,1101.3823209995805
2023-01-24,Product C,Central,CUST1278,returning,Emily Davis,1,430.3190149600199,0.04632936532727969,410.382608108662
2023-01-24,Product A,Central,CUST3064,new,Sarah Johnson,1,97.28075710378023,0.0011480659749377841,97.1690723765332
2023-01-24,Product B,South,CUST2048,returning,John Smith,2,275.72829782755,0.07242325476119492,511.51831413822947
2023-01-24,Product B,North,CUST1300,returning,John Smith,1,270.1139594417474,0.005048894441240792,268.75018257342043
2023-01-24,Product B,West,CUST1398,returning,John Smith,3,272.14220673287315,0.07900304363070615,751.9264323017981
2023-01-24,Product B,Central,CUST2359,returning,Emily Davis,4,248.884658025692,0.053224498882629916,942.5515872907994
2023-01-24,Product D,Central,CUST3054,returning,Sarah Johnson,4,88.87947955664625,0.06680851365706462,331.766294531413
2023-01-24,Product B,North,CUST1062,new,Robert Wilson,1,216.5513317427974,0.09148459010681001,196.74022192122376
2023-01-24,Product A,West,CUST1272,returning,Mike Brown,3,118.45969298296448,0.004149916718307944,353.90428536782656
2023-01-24,Product B,West,CUST1129,new,Robert Wilson,1,253.9860637112837,0.02292513952326415,248.16339776373786
2023-01-24,Product B,West,CUST2507,returning,John Smith,2,279.63907226197085,0.08910216829672116,509.44524916589154
2023-01-24,Product A,South,CUST4485,new,Emily Davis,3,85.71467271687764,0.0020584494295802446,256.6147001931508
2023-01-24,Product B,North,CUST2147,returning,John Smith,2,298.3423140894843,0.05357746840747585,564.7157763634834
2023-01-24,Product D,Central,CUST3914,new,John Smith,4,76.85600076431321,0.04289940273750184,294.2356969389248
2023-01-24,Product A,West,CUST4797,new,Emily Davis,3,113.92436940062521,0.05996275684599214,321.2794504182676
2023-01-24,Product D,Central,CUST1919,new,Emily Davis,3,62.40701236984927,0.0018242481428361046,186.87949948030086
2023-01-24,Product A,South,CUST2013,new,John Smith,1,106.05468843952983,0.05762883601668132,99.94288019064793
2023-01-24,Product C,South,CUST2776,returning,Sarah Johnson,3,507.7626018079238,0.07077213502675275,1415.4814751737142
2023-01-24,Product E,West,CUST4460,returning,Robert Wilson,1,1464.4434246505582,0.06256499129414532,1372.8205345365277
2023-01-24,Product A,Central,CUST4342,returning,John Smith,3,113.7491517084103,0.06318801592468852,319.6847054965184
2023-01-25,Product D,North,CUST1338,returning,Robert Wilson,4,66.10309425408273,0.03336283958368657,255.59082929799382
2023-01-25,Product C,East,CUST4234,returning,Emily Davis,2,559.4673611299925,0.09883705667215711,1008.3425077035304
2023-01-25,Product E,East,CUST1861,new,Robert Wilson,4,1463.8442919047452,0.01555714368693023,5764.284223681162
2023-01-25,Product C,East,CUST4773,new,Sarah Johnson,2,456.2099500333778,0.06956246523540581,848.9497224882696
2023-01-25,Product A,Central,CUST3780,returning,Robert Wilson,2,83.65496419441637,0.053129401835093196,158.42085197246178
2023-01-25,Product C,West,CUST1480,returning,Mike Brown,2,534.3952275854102,0.01444364841550776,1053.3532216064827
2023-01-25,Product B,East,CUST3962,returning,Sarah Johnson,1,225.8711642155441,0.0512726394261776,214.29015345594956
2023-01-25,Product B,East,CUST4083,returning,Mike Brown,1,244.23354580502155,0.09507447132126717,221.01317055869063
2023-01-25,Product A,West,CUST4762,new,John Smith,2,83.70114217466877,0.09813833342412802,150.97370315190156
2023-01-25,Product E,South,CUST3410,returning,Sarah Johnson,1,1327.3665091713087,0.052328624930024985,1257.9072449682067
2023-01-25,Product C,West,CUST1570,returning,Emily Davis,4,492.45911220012147,0.04601622644884397,1879.192008705296
2023-01-25,Product A,South,CUST3374,returning,John Smith,1,80.88140641190017,0.02253169299512351,79.05901139361343
2023-01-25,Product A,South,CUST2171,new,Mike Brown,3,92.60758084389435,0.03473433262588427,268.1727549815522
2023-01-25,Product B,West,CUST2882,returning,Emily Davis,2,204.19512234316363,0.032221550344462835,395.23127785697926
2023-01-25,Product D,West,CUST1440,returning,Mike Brown,2,82.12118916092014,0.06791716995379929,153.08750079973964
2023-01-25,Product B,Central,CUST1444,new,John Smith,4,212.3222654172166,0.018143834769562696,833.8797012623496
2023-01-25,Product C,East,CUST3806,returning,Sarah Johnson,2,549.0482972344882,0.09094436640366312,998.2308954349752
2023-01-25,Product A,North,CUST4415,new,John Smith,3,116.41356408230136,0.042777313373586236,334.30111371185006
2023-01-25,Product A,East,CUST2259,new,Mike Brown,4,87.98286463583756,0.06288731444133053,329.7994342481385
2023-01-25,Product A,South,CUST3076,new,Sarah Johnson,3,85.57424296291298,0.042170393455328185,245.89663040257525
2023-01-25,Product B,West,CUST4911,returning,John Smith,3,213.24689540178548,0.019412877044597224,627.3214789236256
2023-01-25,Product D,Central,CUST4122,new,Sarah Johnson,1,74.21884920788617,0.09731103492701043,66.99653618037503
2023-01-25,Product A,South,CUST1600,returning,Emily Davis,1,104.30179407605753,0.045049925196954305,99.60300605502302
2023-01-25,Product C,South,CUST4162,returning,John Smith,2,582.519869118278,0.008661976085469402,1154.9481918853296
2023-01-25,Product A,East,CUST4747,new,Emily Davis,4,81.11408963284298,0.07774554671823856,299.2313215511416
2023-01-25,Product D,West,CUST2679,returning,Mike Brown,4,60.037100392782285,0.06649117244872181,224.1806527889783
2023-01-25,Product A,Central,CUST3734,new,John Smith,2,105.72243974160118,0.007289845187165501,209.90347904615095
2023-01-25,Product C,South,CUST1179,returning,John Smith,2,412.3893037157976,0.04662532815278354,786.3230342067013
2023-01-25,Product B,Central,CUST2820,new,Mike Brown,1,291.2800800407862,0.016459927369957474,286.4856310789994
2023-01-25,Product A,South,CUST3382,returning,Robert Wilson,1,86.50244823725662,0.025715235110909587,84.27801744316628
2023-01-25,Product B,East,CUST4855,returning,Robert Wilson,1,241.51456539927457,0.04107092453916662,231.59533890865134
2023-01-25,Product B,East,CUST4430,returning,Robert Wilson,1,235.87270195460988,0.0394190494599908,226.57482424999947
2023-01-25,Product B,Central,CUST1749,returning,Mike Brown,1,229.79549313168653,0.0867702097919239,209.8560899834115
2023-01-25,Product C,South,CUST3486,returning,Mike Brown,4,445.1679264446784,0.06933775385188524,1657.2039293524126
2023-01-25,Product A,West,CUST4367,new,John Smith,3,108.66425195840124,0.026679454943383085,317.29544683296194
2023-01-25,Product D,North,CUST2451,new,Robert Wilson,2,83.33433733375352,0.018527685033354002,163.58068995834094
2023-01-26,Product B,East,CUST2395,returning,Robert Wilson,3,210.72223942084875,0.013032043317233588,623.9282942064353
2023-01-26,Product A,Central,CUST4594,new,Emily Davis,3,119.90689053058637,0.07890961116487567,331.3352532684855
2023-01-26,Product B,South,CUST3206,new,Mike Brown,2,256.0660094416171,0.04865976622437532,487.21179456835864
2023-01-26,Product B,East,CUST3243,returning,John Smith,3,216.22334057824793,0.06868609976750291,604.1154079056829
2023-01-26,Product A,East,CUST4974,new,John Smith,2,113.79501243877819,0.034062456946424007,219.83774945372906
2023-01-26,Product C,Central,CUST2710,returning,John Smith,2,572.5761005824825,0.005113538144210073,1139.2964217033816
2023-01-26,Product B,Central,CUST3569,returning,Sarah Johnson,1,247.34717707805657,0.04646738129396114,235.8536014887856
2023-01-26,Product D,West,CUST4981,returning,Mike Brown,2,70.06220440489041,0.048682821194123684,133.30275727076196
2023-01-26,Product C,South,CUST3349,returning,Sarah Johnson,2,415.2478435947129,0.0928660287014883,753.3708508664303
2023-01-26,Product E,Central,CUST1708,returning,Emily Davis,4,1288.9067569379674,0.02824787439770267,5009.991523030533
2023-01-26,Product A,South,CUST2556,returning,Mike Brown,1,100.38625803215042,0.08939335106699905,91.41239402558004
2023-01-26,Product C,North,CUST4860,returning,John Smith,2,551.7736268835899,0.05813210197250534,1039.395732279708
2023-01-26,Product B,West,CUST4650,new,Sarah Johnson,4,288.9000610814666,0.054688117378743295,1092.4026425212692
2023-01-26,Product B,West,CUST4464,returning,Mike Brown,4,230.45231891513833,0.07453977391415395,853.0978206608456
2023-01-26,Product C,Central,CUST2292,returning,John Smith,3,467.46056729349726,0.09113391900786308,1274.577161443206
2023-01-26,Product A,South,CUST4235,returning,Mike Brown,3,88.92039294134932,0.09744393106384754,240.76692090420676
2023-01-26,Product C,Central,CUST3597,returning,Mike Brown,3,443.9723912737954,0.013566146716037775,1313.8481900277147
2023-01-26,Product B,Central,CUST3962,returning,Robert Wilson,1,214.93816362264323,0.053652560839344825,203.4061807221823
2023-01-26,Product A,Central,CUST4747,returning,Emily Davis,2,114.0965863679459,0.0973488969177397,205.9788190858935
2023-01-26,Product D,North,CUST1791,returning,John Smith,1,66.89863817673259,0.020035914354871266,65.55826279176605
2023-01-26,Product A,Central,CUST4091,returning,John Smith,2,109.82935130924929,0.07495454844688883,203.19428375129957
2023-01-26,Product A,Central,CUST4883,returning,Mike Brown,1,98.8073037078666,0.01821179156886993,97.00784568725689
2023-01-26,Product A,Central,CUST1947,returning,Mike Brown,3,85.01004924384831,0.010252919822780138,252.41534407446167
2023-01-26,Product C,West,CUST3624,new,Emily Davis,4,566.8916505712194,0.06728316899204301,2114.9975353826317
2023-01-26,Product A,North,CUST3401,returning,Mike Brown,3,106.77947820792761,0.03784764234858691,308.21438011963573
2023-01-26,Product B,West,CUST4034,returning,John Smith,3,230.43075918208643,0.0174210675071391,679.249228111962
2023-01-26,Product B,West,CUST1066,returning,Sarah Johnson,1,223.3216411549801,0.05935924535540487,210.06543706448997
2023-01-26,Product A,East,CUST2505,new,Sarah Johnson,3,97.9188662552876,0.016542015212840933,288.8972726402055
2023-01-26,Product C,South,CUST3884,new,Robert Wilson,3,581.8065041331282,0.06325405332263061,1635.014653491714
2023-01-26,Product A,West,CUST1873,returning,Robert Wilson,2,100.77250770569212,0.0813147655167985,185.15642974212798
2023-01-26,Product E,North,CUST1633,new,Sarah Johnson,1,1701.5880723073235,0.06884999007653664,1584.433750414611
2023-01-26,Product E,Central,CUST3999,new,John Smith,2,1351.0693774952185,0.0712270589924442,2509.6733584829635
2023-01-26,Product D,Central,CUST2897,returning,Sarah Johnson,3,79.32639047968853,0.04194814850898198,227.99638581349515
2023-01-26,Product A,Central,CUST2353,returning,Mike Brown,3,82.38348389412576,0.078774218830237,227.6813679175578
2023-01-26,Product A,South,CUST1028,returning,Emily Davis,3,97.67334819207818,0.014296087760075217,288.8310043035116
2023-01-26,Product B,North,CUST2392,returning,Sarah Johnson,2,299.5645176674349,0.044150392328117495,572.6772533696688
2023-01-26,Product B,West,CUST2272,returning,John Smith,4,216.12188119751227,0.06192390320535817,810.9550829827105
2023-01-26,Product B,Central,CUST1584,returning,Robert Wilson,4,246.39816981668875,0.009216795847243232,976.5086727534159
2023-01-26,Product C,Central,CUST1883,new,John Smith,4,572.6271075471478,0.01198910934727121,2263.0472741582134
2023-01-26,Product E,Central,CUST4353,returning,Emily Davis,3,1670.52370461916,0.021244727719547298,4905.10165009643
2023-01-26,Product C,West,CUST4254,new,Emily Davis,1,553.1717287769484,0.015188617233663028,544.7698151240717
2023-01-26,Product C,Central,CUST2777,returning,Mike Brown,1,505.60948980075983,0.04159136542975095,484.5805007457065
2023-01-26,Product A,East,CUST4665,returning,Robert Wilson,3,111.94223352522397,0.02236126197926648,328.31719174446664
2023-01-26,Product A,North,CUST3735,returning,Sarah Johnson,3,88.20880349176288,0.03960544774354668,254.14576300364726
2023-01-26,Product A,North,CUST3395,returning,John Smith,2,117.17153609048236,0.021766739958053605,229.2421874678303
2023-01-26,Product A,East,CUST3738,new,Emily Davis,2,101.1813446008983,0.07136520744937427,187.92103390689715
2023-01-26,Product A,West,CUST4155,returning,Robert Wilson,2,98.76428844190315,0.09423834540022769,178.91381062901473
2023-01-26,Product B,North,CUST2666,new,Robert Wilson,2,232.02987424967426,0.060060662918718255,436.188012370584
2023-01-26,Product A,West,CUST2968,returning,John Smith,1,96.14404009446365,0.0189815302972156,94.31907908451387
2023-01-26,Product B,West,CUST3708,new,Sarah Johnson,4,270.7278911905667,0.0680672373225737,1009.200766284234
2023-01-26,Product D,Central,CUST1621,returning,Emily Davis,3,83.67878544959056,0.021606011624476642,245.61246191533385
2023-01-26,Product B,West,CUST4937,returning,Sarah Johnson,3,253.50255045989329,0.09362806214689268,689.3027937331158
2023-01-26,Product A,North,CUST1147,returning,John Smith,3,106.54149488066842,0.09755413156827564,288.4437956147968
2023-01-27,Product C,North,CUST4067,returning,Robert Wilson,4,500.52741862103846,0.06689240596630996,1868.1837413494832
2023-01-27,Product D,West,CUST2559,returning,Robert Wilson,3,82.83071972828996,0.07967978278640275,228.69235791689522
2023-01-27,Product A,Central,CUST1866,new,John Smith,1,91.07257231165224,0.045046530165781834,86.97006893574004
2023-01-27,Product E,West,CUST3721,returning,Mike Brown,4,1495.4173821117754,0.07697466228570872,5521.232536590172
2023-01-27,Product E,South,CUST3006,new,Mike Brown,3,1541.7238677402622,0.04589634793772987,4412.8931180476575
2023-01-27,Product E,Central,CUST2007,new,Mike Brown,3,1579.0881162100009,0.03766953619867988,4558.813797766568
2023-01-27,Product E,East,CUST3273,new,Robert Wilson,3,1671.8070086493312,0.05885542289732454,4720.236300457691
2023-01-27,Product B,West,CUST1551,returning,Robert Wilson,4,264.9952098165889,0.051713189201063804,1005.1658495758721
2023-01-27,Product B,South,CUST4771,returning,Emily Davis,4,201.13025365890223,0.031370651205206525,779.2826664982164
2023-01-27,Product E,North,CUST4028,returning,Sarah Johnson,3,1766.435603811968,0.004416543771010017,5275.902190947186
2023-01-27,Product D,North,CUST2341,returning,Emily Davis,2,64.10455892756885,0.06905602324456406,119.35550603236825
2023-01-27,Product C,West,CUST4227,new,Robert Wilson,2,561.1051827152114,0.00504167736022092,1116.552542837627
2023-01-27,Product B,South,CUST4472,returning,Robert Wilson,1,260.0516860433653,0.049427385013827145,247.19801123380498
2023-01-27,Product C,Central,CUST4854,new,Mike Brown,3,519.485848514684,0.00545119274378263,1549.962093080289
2023-01-27,Product D,North,CUST3599,returning,John Smith,1,83.99565767841945,0.04847783671503462,79.92372990071308
2023-01-27,Product D,East,CUST1028,returning,Emily Davis,4,75.86811402081636,0.0932589909425253,275.17092105009027
2023-01-27,Product C,East,CUST3908,returning,Robert Wilson,4,516.6135368844286,0.005976227417838442,2054.1045476034938
2023-01-27,Product A,South,CUST1392,returning,Robert Wilson,4,117.45973325240904,0.0813710270757308,431.60765647047657
2023-01-27,Product E,North,CUST3877,returning,Robert Wilson,4,1722.4028809285926,0.012646424540357117,6802.482571467342
2023-01-27,Product A,South,CUST4471,returning,John Smith,4,87.79900799601157,0.03907551523296371,337.4728660864973
2023-01-27,Product D,Central,CUST2904,returning,Robert Wilson,1,85.74069813021687,0.04658257532231247,81.74667560137839
2023-01-27,Product E,North,CUST1230,returning,Robert Wilson,2,1405.8160275540147,0.045673059288584034,2683.216217557397
2023-01-27,Product C,Central,CUST3799,new,Emily Davis,1,507.2192732688241,0.041120672087218625,486.3620758564195
2023-01-27,Product C,East,CUST2828,returning,Emily Davis,3,457.30390978542465,0.012522055951683143,1354.7325739205044
2023-01-27,Product A,South,CUST3279,returning,Sarah Johnson,3,80.40457726643344,0.0569230212091448,227.4831174281518
2023-01-27,Product B,North,CUST4722,returning,John Smith,4,275.38297005692186,0.01673213040010604,1083.1009051678438
2023-01-27,Product B,North,CUST4289,new,Robert Wilson,3,238.29268747537898,0.07132447872229951,663.8897572735852
2023-01-27,Product C,South,CUST3980,returning,Emily Davis,1,541.1171725287649,0.05258125988733238,512.6645498505313
2023-01-27,Product E,East,CUST2239,new,Mike Brown,2,1220.0541434613021,0.02099180457480515,2388.8860106221623
2023-01-27,Product C,East,CUST2277,new,John Smith,1,430.33497594655023,0.07069804612434591,399.9111339681617
2023-01-27,Product C,South,CUST3161,returning,Emily Davis,3,438.6320016816866,0.08009387215414304,1210.5007986488329
2023-01-27,Product A,West,CUST2150,new,John Smith,1,109.17855079326655,0.07959263871435024,100.48874184462176
2023-01-28,Product C,West,CUST2974,new,Sarah Johnson,4,408.2135033535752,0.027083225126207422,1588.6310605707702
2023-01-28,Product C,Central,CUST4566,returning,John Smith,2,589.3760392682047,0.03116529166546489,1142.0159262075492
2023-01-28,Product C,West,CUST1040,new,Robert Wilson,4,477.6536767979744,0.05836561118508721,1799.100512067426
2023-01-28,Product A,North,CUST1474,returning,John Smith,2,92.1696897183815,0.0007066305219717407,184.20911960485168
2023-01-28,Product A,South,CUST4602,new,Sarah Johnson,2,111.08587663709746,0.07050843642966599,206.50677033199392
2023-01-28,Product A,Central,CUST4795,returning,Mike Brown,3,80.51589879158102,0.081527633109056,221.85488440636536
2023-01-28,Product C,East,CUST4647,new,John Smith,2,566.9947571365924,0.05069996201433474,1076.4962889748804
2023-01-28,Product A,West,CUST3118,returning,John Smith,3,109.37462705968875,0.06981984306764998,305.21432328839563
2023-01-28,Product D,Central,CUST2310,new,Sarah Johnson,2,64.6885112864933,0.01682036557665182,127.20085375609023
2023-01-28,Product B,North,CUST3457,returning,Robert Wilson,3,283.26117733261316,0.0067973299819403706,844.0072729176313
2023-01-28,Product C,South,CUST3318,returning,Mike Brown,2,422.5180933058389,0.030630099688753756,819.1526439751577
2023-01-28,Product B,North,CUST4875,new,Sarah Johnson,1,240.188719989073,0.058449979553079026,226.14969421683145
2023-01-28,Product A,North,CUST2637,new,John Smith,2,110.57762912302019,0.0011492473298115313,220.90109615602734
2023-01-28,Product D,South,CUST3415,returning,Robert Wilson,2,64.01086963198308,0.018693142944144692,125.62861059194682
2023-01-28,Product D,East,CUST4302,returning,Robert Wilson,3,72.03918072659137,0.0929228053631854,196.03529387223293
2023-01-28,Product B,East,CUST3983,new,Sarah Johnson,1,269.775627607343,0.09551152072917014,244.00894715889936
2023-01-28,Product A,Central,CUST1413,returning,Mike Brown,1,96.06787571039106,0.04694068419892581,91.55838389500794
2023-01-28,Product A,North,CUST3607,new,Mike Brown,3,95.36958480549525,0.08575623376612838,261.57314519020974
2023-01-28,Product A,South,CUST3394,returning,Sarah Johnson,3,111.47001340617749,0.06522242595454725,312.59900613192207
2023-01-28,Product B,Central,CUST4962,returning,Mike Brown,3,218.44628714188562,0.05953850173200438,616.3209674896157
2023-01-28,Product C,Central,CUST4799,new,Mike Brown,3,418.5981279646265,0.08742624706102378,1146.004993829727
2023-01-28,Product C,East,CUST4168,returning,Emily Davis,1,405.43348424511197,0.00941519101256979,401.6162505480525
2023-01-28,Product C,East,CUST3866,new,John Smith,2,484.40721191013745,0.01662833687560794,952.7046512110434
2023-01-28,Product C,Central,CUST2518,new,Robert Wilson,1,593.9824092214541,0.07308294748708764,550.5724240000687
2023-01-28,Product E,North,CUST1211,returning,Sarah Johnson,4,1501.1217186147023,0.07350261491050988,5563.141387990252
2023-01-28,Product D,South,CUST2564,returning,Robert Wilson,4,61.49593729482537,0.042983125751300255,235.41059875555126
2023-01-28,Product C,North,CUST1580,new,Sarah Johnson,3,561.9059951536883,0.06238593246765731,1580.5528970605756
2023-01-28,Product C,West,CUST4036,new,Sarah Johnson,4,424.40701042487905,0.03118161330852596,1644.6932605615316
2023-01-28,Product C,East,CUST1078,returning,John Smith,3,565.0264391857407,0.06593539222057827,1583.3135979090964
2023-01-28,Product B,Central,CUST2848,returning,John Smith,4,272.7018527014134,0.08517903386605417,997.8934894192959
2023-01-28,Product D,South,CUST4061,new,Mike Brown,1,67.011362457313,0.02711474365001848,65.19436654264447
2023-03-01,Product A,North,CUST4515,new,Sarah Johnson,1,102.11367183939073,0.025379764255599215,99.52205092083338
2023-03-01,Product A,West,CUST1386,returning,Robert Wilson,1,108.51015019050337,0.006404352386478851,107.81521295117363
2023-03-01,Product A,South,CUST1087,returning,John Smith,2,94.50332850378709,0.06685049011509829,176.37146935160158
2023-03-01,Product A,West,CUST1916,returning,Emily Davis,1,95.20964665653561,0.03461750773061291,91.91372597737407
2023-03-01,Product B,East,CUST2180,new,Sarah Johnson,4,218.29239984213132,0.0997513745661896,786.0697316021059
2023-03-01,Product B,South,CUST3885,returning,Emily Davis,1,220.47139475951013,0.05201602230243957,209.0033497726495
2023-03-01,Product A,Central,CUST1891,new,John Smith,2,103.63664371308907,0.07484063444050379,191.76082309263407
2023-03-01,Product D,North,CUST4390,returning,Emily Davis,1,64.15957587339912,0.011279691886657695,63.43587562596854
2023-03-01,Product A,North,CUST2838,new,Robert Wilson,3,81.63912888999563,0.010226428099711605,242.41275662483702
2023-03-01,Product D,South,CUST2544,new,Robert Wilson,3,81.03880026265152,0.019574602954816535,238.3574937707263
2023-03-01,Product B,West,CUST3005,returning,Emily Davis,1,226.53131069958417,0.05543225980836554,213.97416823015524
2023-03-01,Product B,Central,CUST3985,new,Robert Wilson,2,289.4383076371856,0.055383608250222066,546.8163395888009
2023-03-01,Product B,West,CUST2203,returning,Emily Davis,1,218.3198245126635,0.0480648028312409,207.82632519331122
2023-03-01,Product C,East,CUST2779,new,Robert Wilson,2,553.7960390457259,0.01212648933591367,1094.1608745679334
2023-03-01,Product B,North,CUST3315,returning,John Smith,1,282.483715939574,0.05448816860293935,267.09169559787364
2023-03-01,Product B,East,CUST1483,new,Emily Davis,1,294.87049182391803,0.06299205040612596,276.2959949396666
2023-03-01,Product B,West,CUST1142,new,Mike Brown,3,273.83512771211946,0.025666168989591443,800.4204871469216
2023-03-01,Product B,South,CUST4467,returning,Sarah Johnson,4,284.6534493123405,0.006408458760406622,1131.3170376856594
2023-03-01,Product B,East,CUST3051,new,Robert Wilson,1,245.76456160335403,0.09546376520064684,222.30295119981153
2023-03-01,Product C,North,CUST4864,returning,Emily Davis,4,440.00178422254953,0.046639361736038054,1677.9215273747675
2023-03-02,Product A,North,CUST1932,returning,Robert Wilson,2,85.79411309072978,0.0020236232639950446,171.2409962551311
2023-03-02,Product C,East,CUST4349,returning,Sarah Johnson,2,469.09223029365376,0.028346114926407918,911.5905760453296
2023-03-02,Product B,Central,CUST4970,returning,Robert Wilson,1,233.29502469623733,0.03599140362153635,224.89840929949878
2023-03-02,Product B,East,CUST4010,returning,Sarah Johnson,3,241.2093609632539,0.08988153748063467,658.5872782354659
2023-03-02,Product A,North,CUST4937,returning,Sarah Johnson,2,108.61744813106162,0.06858762750864647,202.33527011541727
2023-03-02,Product B,West,CUST3631,returning,Mike Brown,4,282.0496444657855,0.07608914729612402,1042.3549100928358
2023-03-02,Product D,West,CUST3949,returning,Sarah Johnson,1,73.44512541063955,0.03988215269240574,70.51597570449954
2023-03-02,Product A,West,CUST4414,returning,Emily Davis,1,85.87841623615246,0.02500567585101532,83.73096839715267
2023-03-02,Product D,Central,CUST1209,returning,Mike Brown,1,72.45490759812313,0.07697723073855856,66.87752945780146
2023-03-02,Product B,West,CUST2897,new,Emily Davis,2,207.12067175412326,0.0308566497588917,401.45924345595984
2023-03-02,Product A,North,CUST2223,returning,John Smith,4,113.95165011103363,0.0009700354923042221,455.3644518640772
2023-03-02,Product C,Central,CUST2621,returning,Mike Brown,1,592.8766837568076,0.0863577003139146,541.6772167778296
2023-03-02,Product C,Central,CUST1491,returning,Sarah Johnson,3,400.7155089200063,0.023568711433070946,1173.8134821705435
2023-03-02,Product B,West,CUST2071,new,Emily Davis,2,290.5951919194644,0.044925989193083916,555.0798309354568
2023-03-02,Product C,North,CUST2196,returning,Emily Davis,2,437.0707951443699,0.01347857849174381,862.3594042511353
2023-03-02,Product A,East,CUST2095,new,Emily Davis,1,105.35399274941295,0.051644434190282154,99.91304540418243
2023-03-02,Product B,South,CUST1530,returning,Robert Wilson,2,200.83656599841444,0.0019043409274291823,400.90820941211865
2023-03-03,Product B,West,CUST1242,returning,John Smith,3,222.11476101106933,0.07589957624907277,615.7690343149953
2023-03-03,Product A,Central,CUST3784,returning,Robert Wilson,1,82.16846976823973,0.043946537435844216,78.55745003552376
2023-03-03,Product A,Central,CUST1137,returning,Robert Wilson,3,93.64191491322494,0.07495994411207622,259.86756661434544
2023-03-03,Product A,West,CUST3692,returning,Mike Brown,1,105.70984184301118,0.08099131203060905,97.14826305759753
2023-03-03,Product B,East,CUST3827,returning,Mike Brown,4,229.13843860207322,0.08994530845538352,834.1140442520991
2023-03-03,Product E,Central,CUST3259,new,John Smith,1,1360.8069003117585,0.01728200514564523,1337.289428458341
2023-03-03,Product C,East,CUST1427,new,Robert Wilson,2,519.3032001397262,0.05368682179706022,982.8469235503633
2023-03-03,Product C,South,CUST2952,new,John Smith,4,558.3813076844474,0.024158500067083345,2179.5666113011785
2023-03-03,Product B,East,CUST3548,new,John Smith,3,241.3203380596859,0.044293712173443606,691.8940933922162
2023-03-03,Product A,North,CUST1245,returning,Robert Wilson,4,119.93684935695094,0.0879852048038716,437.53672441099405
2023-03-03,Product A,West,CUST2851,returning,Mike Brown,2,92.21776906193926,0.005627498811124077,183.39762735235738
2023-03-03,Product A,Central,CUST2182,returning,Emily Davis,1,93.10265175688504,0.041763900586870274,89.21432186453649
2023-03-03,Product B,West,CUST4379,returning,John Smith,2,243.18436923120296,0.07340735310058781,450.6656967410087
2023-03-03,Product D,West,CUST4439,returning,Robert Wilson,1,85.3567667448222,0.003162003823746396,85.08686832199244
2023-03-03,Product B,South,CUST3738,new,Mike Brown,2,239.33528387477617,0.07671793284036615,441.9479512802822
2023-03-03,Product B,Central,CUST3620,returning,Sarah Johnson,3,225.09872063160708,0.00892221680572386,669.2710231303224
2023-03-03,Product B,South,CUST1567,returning,Mike Brown,3,213.10798617047033,0.046550566652747975,609.5630659680269
2023-03-03,Product E,West,CUST4019,returning,Robert Wilson,1,1305.4291475020955,0.008952019679684231,1293.7429200832235
2023-03-03,Product C,North,CUST1177,returning,Sarah Johnson,3,423.2361550023782,0.0316747183257435,1229.4908070222216
2023-03-04,Product C,South,CUST2645,new,Robert Wilson,1,558.6020615251199,0.04623284974592826,532.7762963468633
2023-03-04,Product A,East,CUST2057,returning,Sarah Johnson,4,117.72082838582945,0.07065498022828269,437.61306233508645
2023-03-04,Product D,North,CUST2278,new,Emily Davis,1,73.44482620107006,0.09526421308008615,66.44816262822143
2023-03-04,Product B,West,CUST1468,new,Emily Davis,1,217.74316522495985,0.028021640699057104,211.6416444843506
2023-03-04,Product C,North,CUST3348,returning,Emily Davis,1,406.610438975888,0.002001172362877479,405.79674140295197
2023-03-04,Product B,South,CUST4509,returning,Robert Wilson,4,262.52170586528524,0.06490917405385481,981.9265550654424
2023-03-04,Product E,South,CUST1815,returning,Mike Brown,2,1491.8232604950886,0.0607959350832342,2802.2529407887405
2023-03-04,Product B,North,CUST1482,new,Emily Davis,2,241.59896079752417,0.04572304196195444,461.1046427500288
2023-03-04,Product B,Central,CUST4239,new,John Smith,4,229.6065510038947,0.09517655161423268,831.0135650052263
2023-03-04,Product A,Central,CUST2075,returning,Emily Davis,3,96.03380942613916,0.07807327300286698,265.60840681592066
2023-03-04,Product B,West,CUST4918,returning,Mike Brown,1,213.9296689407101,0.031610488794089564,207.16724753793648
2023-03-04,Product B,North,CUST1049,returning,Emily Davis,2,239.2785646328705,0.043165085418438144,457.9001699033828
2023-03-04,Product E,East,CUST1257,returning,John Smith,4,1364.481700315163,0.06330289054077425,5112.424258380891
2023-03-04,Product D,West,CUST1734,new,John Smith,3,81.11810001103547,0.05726828158566895,229.41781745372708
2023-03-04,Product B,North,CUST4182,new,Mike Brown,1,278.00840237349644,0.04854976402826636,264.51116004038784
2023-03-04,Product D,South,CUST3944,returning,Sarah Johnson,1,63.75266729509211,0.07923907753588137,58.70096474817706
2023-03-05,Product B,South,CUST2143,returning,Mike Brown,2,262.4922469788456,0.08941073178047335,478.0452461795326
2023-03-05,Product A,Central,CUST4487,returning,Robert Wilson,2,89.22937106424476,0.0316684356016926,172.8072329458344
2023-03-05,Product A,North,CUST3866,returning,Mike Brown,4,92.14895406527303,0.07812569537828523,339.7990118021677
2023-03-05,Product A,South,CUST4486,returning,Robert Wilson,1,94.67223540560022,0.06553831994634533,88.46757615155228
2023-03-05,Product B,East,CUST1953,returning,Emily Davis,1,219.74862816520323,0.02881251288546918,213.41711798462913
2023-03-05,Product E,South,CUST4223,new,Mike Brown,1,1728.151063969012,0.03736346520927243,1663.5813518140387
2023-03-05,Product A,North,CUST1474,returning,Emily Davis,2,84.04112985965034,0.07479236513114172,155.51098997830735
2023-03-05,Product C,West,CUST1457,new,Emily Davis,2,468.3014221368087,0.07684677956641339,864.6279319584469
2023-03-05,Product A,Central,CUST2212,new,Mike Brown,1,109.26718395149928,0.049324749302598586,103.87760749609066
2023-03-06,Product A,Central,CUST3793,returning,John Smith,2,89.34321736889437,0.026935970066353777,173.8733422804282
2023-03-06,Product B,East,CUST4767,new,Robert Wilson,3,262.9219193008292,0.043850801669897,754.1777470886997
2023-03-06,Product D,North,CUST4454,returning,Mike Brown,4,88.74368386438839,0.0020510919320391174,354.24664964157887
2023-03-06,Product B,West,CUST3260,returning,Robert Wilson,4,299.9707637821831,0.013260399074681108,1183.972126974778
2023-03-06,Product B,East,CUST3522,returning,Sarah Johnson,3,228.91931519658698,0.0555704860391946,648.5944727620592
2023-03-06,Product B,South,CUST4504,new,John Smith,1,211.31359376740238,0.05852608755098465,198.9462358778582
2023-03-06,Product B,North,CUST4389,new,John Smith,3,266.1878388044691,0.06056992404598757,750.1945848783505
2023-03-06,Product B,Central,CUST1620,new,John Smith,1,293.05292676740186,0.0811230558401358,269.2795778251347
2023-03-06,Product C,South,CUST4694,returning,Emily Davis,4,471.27729570460565,0.04035486208136884,1809.0358617374632
2023-03-06,Product A,South,CUST3675,new,Sarah Johnson,2,109.93500997712731,0.09613824701437153,198.73210166483767
2023-03-06,Product B,East,CUST3649,new,Emily Davis,4,234.40754933703556,0.03502723706693276,904.7876021445139
2023-03-06,Product E,East,CUST1301,new,Mike Brown,3,1284.462274662728,0.029959265558521565,3737.942184828614
2023-03-06,Product C,North,CUST1015,returning,Sarah Johnson,1,593.7027113766395,0.07047958361321867,551.858791488775
2023-03-06,Product A,West,CUST4832,returning,Robert Wilson,3,99.20431311809146,0.016290265447739406,292.7647455715113
2023-03-06,Product B,North,CUST4647,returning,Robert Wilson,1,203.9078686001955,0.03205361668064956,197.3718839419166
2023-03-06,Product A,East,CUST2682,returning,John Smith,4,99.71125383459822,0.058768475039501084,375.4055020098491
2023-03-07,Product B,Central,CUST4383,returning,Robert Wilson,3,207.08717006548738,0.07701312919289194,573.4162172491309
2023-03-07,Product A,West,CUST1519,returning,Robert Wilson,4,106.70406854332941,0.014755184682869994,420.5185212222359
2023-03-07,Product B,North,CUST1794,returning,Emily Davis,4,217.0768260003337,0.00712583326482279,862.1198909303936
2023-03-07,Product B,Central,CUST1286,returning,Mike Brown,1,211.26092293492206,0.029334862667008955,205.06361277372056
2023-03-07,Product C,North,CUST2090,returning,Emily Davis,4,435.690134819675,0.03160047228663938,1687.6884831549746
2023-03-07,Product B,South,CUST4512,new,John Smith,4,285.2365349262044,0.014531645633662604,1124.3663147155319
2023-03-07,Product A,East,CUST4388,returning,John Smith,4,81.65997217542846,0.07102098483162649,303.4416021208253
2023-03-07,Product A,South,CUST4114,returning,Emily Davis,1,82.00258108373177,0.07779844259884544,75.6229079863319
2023-03-07,Product B,West,CUST4883,returning,John Smith,2,251.3703865622556,0.02148546064249981,491.93915603016455
2023-03-07,Product A,South,CUST3886,new,Emily Davis,2,107.73189874205968,0.08937741877619448,196.20619942527208
2023-03-07,Product C,West,CUST2503,returning,Sarah Johnson,3,554.8502295401341,0.013257407748448236,1642.4830614234015
2023-03-07,Product A,Central,CUST4689,returning,Sarah Johnson,2,98.76241360884615,0.004409221639753214,196.65389647513553
2023-03-07,Product A,East,CUST1579,returning,John Smith,2,112.22819169924814,0.04362144171200454,214.66527235319143
2023-03-07,Product B,Central,CUST2284,new,Sarah Johnson,4,203.7051993693493,0.09477328040063054,737.5975575618064
2023-03-07,Product C,North,CUST2938,returning,John Smith,1,568.3650728730524,0.05003583603843902,539.926451276801
2023-03-07,Product B,Central,CUST1002,returning,Emily Davis,2,203.02932264796257,0.007609998898077431,402.9685394526683
2023-03-07,Product B,North,CUST1809,returning,John Smith,2,226.48662578135713,0.07127717935169045,420.6865958695603
2023-03-07,Product A,West,CUST2508,returning,Mike Brown,3,99.98822693338622,0.07099330734342463,278.66919602394074
2023-03-07,Product A,Central,CUST2915,returning,Mike Brown,1,84.13579746520166,0.045950226657031745,80.26973850170553
2023-03-07,Product A,East,CUST3433,returning,Mike Brown,2,92.14932356354181,0.00666279984103747,183.07070213030187
2023-03-07,Product C,West,CUST4631,returning,Emily Davis,1,476.2201027223628,0.0810516486586372,437.62167827232975
2023-03-07,Product A,South,CUST3559,returning,John Smith,4,102.92111840926887,0.09622915416725869,372.06842495518663
2023-03-07,Product D,South,CUST1565,returning,Sarah Johnson,4,77.00418315031399,0.09532371787812328,278.6554324810325
2023-03-07,Product A,North,CUST3933,returning,Mike Brown,3,101.7551168464447,0.03678506946074585,294.0361434157857
2023-03-08,Product E,North,CUST3744,new,Emily Davis,3,1708.5003722258048,0.05053320333358803,4866.4931265618225
2023-03-08,Product B,West,CUST3866,new,Mike Brown,2,241.0921569693839,0.038789852895172984,463.48045533272307
2023-03-08,Product A,South,CUST4870,new,Mike Brown,1,110.19490115634242,0.07736473950553341,101.66970133354398
2023-03-08,Product C,East,CUST1594,returning,Mike Brown,2,548.5321437312842,0.017615391250286005,1077.739070812199
2023-03-08,Product C,Central,CUST3517,returning,Robert Wilson,2,535.4212732392556,0.06500924511399314,1001.227880895997
2023-03-08,Product A,East,CUST1364,new,John Smith,2,99.86199254407325,0.08539484630145437,182.66858607883026
2023-03-08,Product A,West,CUST3060,returning,Sarah Johnson,4,84.02121434767345,0.012648025669130947,331.8340474874101
2023-03-08,Product C,South,CUST4948,returning,Robert Wilson,2,470.2487664566657,0.085788918524624,859.8132666896197
2023-03-08,Product B,South,CUST2896,returning,Robert Wilson,3,245.7461646585822,0.06840248616920717,686.8095480881634
2023-03-08,Product A,East,CUST4324,returning,Robert Wilson,3,105.53820282608575,0.09447500802102118,286.7024408027014
2023-03-08,Product A,North,CUST1658,returning,Emily Davis,2,101.14159441425153,0.007415910577403074,200.78307478883895
2023-03-08,Product B,South,CUST4970,returning,Mike Brown,4,299.2126471352276,0.04322712877881686,1145.1141740210496
2023-03-08,Product A,North,CUST3808,new,Robert Wilson,2,106.25886070120659,0.08771549003711943,193.87662532802847
2023-03-08,Product A,West,CUST1733,returning,John Smith,4,92.95917098840398,0.06629062523445658,347.1873976892237
2023-03-08,Product A,East,CUST2461,returning,Robert Wilson,1,99.31240373313481,0.0783952518097841,91.52678283464077
2023-03-08,Product B,East,CUST2283,returning,Robert Wilson,4,218.80157171962892,0.04157748009896515,838.817414903335
2023-03-08,Product A,South,CUST1042,returning,Sarah Johnson,2,88.33534716035302,0.03355409421865355,170.74266919779413
2023-03-09,Product D,West,CUST2319,returning,Robert Wilson,3,86.97750920944694,0.008234914396428551,258.78377060007773
2023-03-09,Product B,West,CUST2143,returning,Mike Brown,2,213.4715730869726,0.03186972572853974,413.3365852037017
2023-03-09,Product A,South,CUST3564,new,Emily Davis,3,93.8444394837646,0.08386571544924572,257.9223252765757
2023-03-09,Product C,East,CUST4570,returning,Sarah Johnson,4,435.8592470520097,0.09760201575244942,1573.274023821555
2023-03-09,Product A,Central,CUST3485,returning,Robert Wilson,4,103.10645746878654,0.04499127810855054,393.8702646640837
2023-03-09,Product A,Central,CUST4337,returning,John Smith,4,80.04089198377793,0.09524913004343245,289.6682666176909
2023-03-09,Product A,Central,CUST1881,returning,Mike Brown,2,87.61653984099641,0.04087930172711726,168.06967374510066
2023-03-09,Product A,North,CUST2313,returning,Mike Brown,3,100.80850755027318,0.03688825215558892,291.26957371299034
2023-03-09,Product C,Central,CUST1306,new,Robert Wilson,2,484.3509960568392,0.048071405648435594,922.1351256983342
2023-03-09,Product E,Central,CUST1455,returning,Sarah Johnson,3,1233.4413159008413,0.0838500990443146,3390.0514181916183
2023-03-09,Product E,East,CUST1464,returning,Emily Davis,4,1421.1105947030285,0.07594865691883071,5252.716614808851
2023-03-09,Product A,East,CUST1288,new,Emily Davis,1,84.9164473016898,0.06053436279442305,79.7760842735158
2023-03-09,Product B,East,CUST3839,returning,Emily Davis,3,218.62449382997747,0.038977531962228744,630.3091519019803
2023-03-09,Product D,West,CUST1972,returning,Robert Wilson,1,69.68936200091424,0.06481467430489779,65.17246870030887
2023-03-09,Product D,East,CUST2991,new,Sarah Johnson,1,65.78408384029821,0.0709272011669813,61.118202892171816
2023-03-09,Product A,East,CUST3724,returning,Mike Brown,3,107.91961885991171,0.08365523911696138,296.6747320163234
2023-03-09,Product C,North,CUST3529,returning,Sarah Johnson,3,582.6599423200067,0.03148411554087354,1692.9462281248948
2023-03-09,Product C,West,CUST3732,returning,Emily Davis,1,466.0223595710482,0.06202788171008429,437.11597977732083
2023-03-09,Product A,Central,CUST1995,returning,Mike Brown,3,107.62461249546544,0.04690400466659629,307.7297615062125
2023-03-09,Product A,East,CUST4427,returning,John Smith,2,103.51542767719127,0.018426507617074372,203.2159997212256
2023-03-09,Product B,South,CUST1586,returning,Sarah Johnson,3,224.24188138872108,0.08603701372804806,614.846338683829
2023-03-09,Product D,North,CUST1176,returning,Sarah Johnson,3,79.18686294101882,0.027350286582970708,231.0632386379266
2023-03-10,Product A,North,CUST4533,returning,Sarah Johnson,4,92.73019989117684,0.04017936703333638,356.0174366186984
2023-03-10,Product B,West,CUST2649,new,John Smith,3,248.6057541902681,0.036146532849851545,718.8585543893024
2023-03-10,Product A,North,CUST3260,new,Mike Brown,4,118.11641254254037,0.05476119841428095,446.59286495726104
2023-03-10,Product B,North,CUST1132,returning,Emily Davis,3,268.9261635465955,0.09505920130759384,730.0867716874224
2023-03-10,Product A,West,CUST1738,returning,Emily Davis,3,95.04805653180793,0.05894708030932469,268.33575333054665
2023-03-10,Product D,West,CUST2251,returning,Sarah Johnson,1,82.94658480495889,0.04603861756750406,79.12783870859285
2023-03-10,Product D,West,CUST4601,returning,Mike Brown,3,74.26248711312043,0.04939871801434912,211.78204635952548
2023-03-10,Product A,West,CUST2351,returning,Sarah Johnson,4,92.10368610656462,0.01681410858947471,362.2201789075118
2023-03-10,Product C,West,CUST3076,returning,Sarah Johnson,3,441.23941585104046,0.0841808709028819,1212.286492644063
2023-03-10,Product D,North,CUST1329,returning,John Smith,2,74.63156604946109,0.06874648040497282,139.00181711289875
2023-03-10,Product B,West,CUST4272,returning,Mike Brown,2,221.42554343431846,0.08531729786467225,405.0682287805716
2023-03-10,Product A,Central,CUST2331,returning,John Smith,2,93.97896478130502,0.07232294586055346,174.3642583987917
2023-03-11,Product C,North,CUST2616,returning,John Smith,3,514.4109278362763,0.012665587284719393,1523.6868339886573
2023-03-11,Product C,Central,CUST1740,returning,Sarah Johnson,1,400.5684307327945,0.09369492539086954,363.0372015013476
2023-03-11,Product D,South,CUST2442,returning,John Smith,4,71.91621912920692,0.08742965602221743,262.5144353132878
2023-03-11,Product C,West,CUST3969,new,Robert Wilson,2,511.3364105363507,0.004220046858129845,1018.3570938472387
2023-03-11,Product E,West,CUST3212,returning,John Smith,1,1328.8410750729379,0.00950464586616856,1316.210911241951
2023-03-11,Product B,Central,CUST1516,returning,John Smith,4,268.9534208905415,0.026464950499876152,1047.3423276796038
2023-03-11,Product B,West,CUST2931,returning,Mike Brown,2,259.3610544446414,0.08474061349292367,474.76527914966186
2023-03-11,Product A,South,CUST1942,returning,Sarah Johnson,4,88.25780929664802,0.038015014195767,339.6107496933946
2023-03-11,Product C,Central,CUST3415,returning,Sarah Johnson,1,465.75485749851816,0.05355219160859636,440.812664127123
2023-03-11,Product A,South,CUST4369,new,Sarah Johnson,4,113.43638328823819,0.06276198739827059,425.2675617191856
2023-03-11,Product A,South,CUST2780,returning,Emily Davis,4,87.40830046575574,0.07938359121486165,321.87806269118556
2023-03-11,Product B,South,CUST3984,returning,Robert Wilson,3,201.91729107498983,0.07879409206729002,558.0222043561478
2023-03-11,Product A,South,CUST2207,returning,Mike Brown,1,103.55744090250192,0.06492287795409635,96.83419380555024
2023-03-11,Product B,North,CUST1220,new,Mike Brown,1,244.08551127025157,0.06707030741458939,227.71462099390857
2023-03-12,Product B,West,CUST2679,returning,Sarah Johnson,1,211.2098510350759,0.044891172259279015,201.72839322940365
2023-03-12,Product B,South,CUST1872,returning,Robert Wilson,2,238.41941849259774,0.07790939433817705,439.6886119987582
2023-03-12,Product A,North,CUST2855,new,Mike Brown,4,106.54937442775754,0.07029917261468195,396.2361662514969
2023-03-12,Product C,East,CUST3597,returning,Emily Davis,2,563.3915374788525,0.080426115437845,1036.1602892977467
2023-03-12,Product A,West,CUST2040,returning,Robert Wilson,1,96.24439922010232,0.0750669014281655,89.0196303908339
2023-03-12,Product A,Central,CUST1256,returning,Mike Brown,1,111.96952376813832,0.04686516369963853,106.72205370737395
2023-03-12,Product A,North,CUST4816,returning,Emily Davis,4,116.8567733950531,0.015828305069937366,460.02851494507064
2023-03-12,Product B,South,CUST3604,new,John Smith,2,298.15790297645947,0.00031216513564096275,596.1296569484688
2023-03-12,Product C,North,CUST1203,new,John Smith,2,483.4896567792925,0.08246263528008929,887.2396511012123
2023-03-12,Product B,West,CUST1866,new,Mike Brown,4,299.07125586231047,0.0854568664032641,1094.0542540201143
2023-03-12,Product E,West,CUST4806,new,Sarah Johnson,1,1401.5676920273604,0.039238210093272136,1346.5726844676483
2023-03-12,Product A,Central,CUST4536,new,John Smith,1,91.4111198776352,0.0014868974345519704,91.27520091799963
2023-03-12,Product A,East,CUST1328,returning,Robert Wilson,3,113.54818098135438,0.060461271350522164,320.04874079904755
2023-03-12,Product A,Central,CUST2667,returning,John Smith,2,100.29576375379843,0.0325707335086999,194.05811432104386
2023-03-12,Product C,Central,CUST2859,returning,Mike Brown,1,594.1809422899738,0.07906029647697554,547.2048208315598
2023-03-12,Product A,South,CUST1492,new,Emily Davis,1,119.55502848550172,0.0729426093982715,110.83437274108455
2023-03-12,Product D,South,CUST4633,returning,Emily Davis,4,80.1683648842224,0.05103927213487067,304.30651956915585
2023-03-12,Product A,North,CUST4539,returning,John Smith,3,100.24145080909923,0.031817520950870315,291.1560490435053
2023-03-12,Product A,West,CUST2961,returning,Mike Brown,3,84.81361760972209,0.0122583156507183,251.32183654074836
2023-03-12,Product A,North,CUST2205,returning,Emily Davis,4,103.8663156798836,0.03650939202318059,400.29687857089317
2023-03-12,Product C,North,CUST3182,returning,Sarah Johnson,4,513.0144566073387,0.03097281837275319,1988.4998120809717
2023-03-13,Product A,East,CUST3098,returning,Sarah Johnson,2,110.81925812476119,0.08129284053939372,203.62089169066215
2023-03-13,Product C,Central,CUST1309,new,Sarah Johnson,3,579.9714563698391,0.09363427533982278,1576.9987480046027
2023-03-13,Product E,North,CUST4357,returning,Emily Davis,3,1775.6279126321685,0.08936486490904809,4850.847492273179
2023-03-13,Product D,Central,CUST3088,returning,Robert Wilson,4,84.23814090042849,0.0716325343476028,312.8157975160014
2023-03-13,Product D,Central,CUST3970,returning,John Smith,2,79.61703439107772,0.027024887506171415,154.93078598616773
2023-03-13,Product C,Central,CUST3599,new,Sarah Johnson,4,410.9369241506731,0.09308328641758075,1490.7422589615853
2023-03-13,Product B,West,CUST4237,returning,Mike Brown,1,284.19306744792533,0.03430440057930102,274.44399462033135
2023-03-13,Product A,Central,CUST4240,returning,John Smith,1,100.12273290528113,0.07982729965463056,92.1302055034107
2023-03-13,Product D,North,CUST4285,returning,John Smith,1,76.97589220678859,0.07295169285731222,71.36037056110138
2023-03-13,Product D,South,CUST3514,returning,Emily Davis,3,65.28583218492743,0.03946600879499458,188.12778287318562
2023-03-13,Product A,East,CUST1390,returning,Sarah Johnson,3,98.58757873780661,0.08424569861184136,270.8459978777705
2023-03-13,Product A,North,CUST1117,returning,Robert Wilson,2,110.19760800633316,0.07336218292879469,204.22654185891386
2023-03-13,Product A,South,CUST4580,returning,Robert Wilson,4,103.07836600483917,0.0398565961600054,395.88005279260426
2023-03-13,Product B,North,CUST1062,new,Robert Wilson,4,271.2029357054451,0.09257516930553056,984.3851120654264
2023-03-13,Product B,South,CUST2759,new,John Smith,2,257.7122269914442,0.07357179867781098,477.5037498208387
2023-03-13,Product A,South,CUST2959,new,Mike Brown,3,87.95667254948899,0.09182581679413064,239.63993775041482
2023-03-13,Product B,North,CUST2253,returning,Emily Davis,4,246.50353247306728,0.012099976751206644,974.0833818442114
2023-03-13,Product D,Central,CUST1529,returning,Robert Wilson,1,70.6909991326517,0.020928776153011988,69.21152303577166
2023-03-13,Product E,South,CUST2165,returning,Sarah Johnson,3,1514.8900502188446,0.04340710818159804,4347.399161777306
2023-03-14,Product C,East,CUST2404,returning,Emily Davis,2,402.55129594148616,0.08326832236200513,738.0630497275752
2023-03-14,Product A,South,CUST2050,returning,Robert Wilson,1,111.06427359185562,0.07959131424201565,102.22452209134504
2023-03-14,Product E,North,CUST3809,returning,Mike Brown,3,1452.0433771512985,0.057429353970857355,4105.960392191513
2023-03-14,Product A,North,CUST1806,returning,Sarah Johnson,3,81.42993577863459,0.002424025902238969,243.69764251526854
2023-03-14,Product C,Central,CUST2197,returning,Robert Wilson,3,493.47145766632235,0.022150105085385275,1447.6230390671253
2023-03-14,Product A,East,CUST1148,returning,Mike Brown,1,89.67058029918726,0.08178506634148325,82.33686594053894
2023-03-14,Product E,North,CUST1111,returning,Mike Brown,4,1670.1503368457302,0.02685000761974954,6501.227150301181
2023-03-14,Product D,East,CUST3462,new,Sarah Johnson,4,69.2929374955556,0.03345209741432973,267.8997736013169
2023-03-14,Product E,South,CUST1956,new,Robert Wilson,3,1600.4106978302375,0.09220488021271073,4358.53506343698
2023-03-14,Product A,East,CUST2928,returning,Mike Brown,3,92.25378300808586,0.053655467101079934,261.911589566836
2023-03-14,Product A,East,CUST4729,new,Mike Brown,3,119.84051133528992,0.05823574550639659,338.58452944743465
2023-03-14,Product B,South,CUST1597,new,John Smith,1,258.89436485073486,0.0651489153529613,242.02767778971565
2023-03-15,Product B,Central,CUST2464,returning,John Smith,4,237.8642383404094,0.027544667979050908,925.249387484932
2023-03-15,Product A,North,CUST4411,returning,John Smith,1,118.62612699065649,0.0009846825012010951,118.50931791922353
2023-03-15,Product A,West,CUST3074,returning,Sarah Johnson,2,96.94162308966033,0.010609204994795209,191.8262990755479
2023-03-15,Product C,Central,CUST1812,returning,Mike Brown,3,569.4710107818734,0.07368051067209991,1582.536287683524
2023-03-15,Product B,East,CUST2341,returning,Emily Davis,2,255.45968855459898,0.08097885286881047,469.5457120424479
2023-03-15,Product B,East,CUST1260,returning,Sarah Johnson,3,249.5819472648539,0.018492601877281745,734.8995830349847
2023-03-15,Product C,North,CUST1900,returning,Robert Wilson,3,553.1568585431448,0.05301155650353154,1571.4994574435068
2023-03-15,Product A,West,CUST4148,new,Mike Brown,2,104.35996444207714,0.058751247942677914,196.45737259170323
2023-03-15,Product B,North,CUST3652,new,Robert Wilson,3,252.51408517696294,0.031327601113817875,733.8102739227553
2023-03-15,Product D,East,CUST4152,returning,Sarah Johnson,2,80.47934646879395,0.07139145840836343,149.46761710526954
2023-03-15,Product B,Central,CUST2877,returning,Mike Brown,1,285.76603970422565,0.07516797670314233,264.28558468918914
2023-03-15,Product B,West,CUST3604,returning,Emily Davis,1,295.0343476513905,0.028866630267546045,286.5177002215112
2023-03-15,Product E,Central,CUST3889,returning,John Smith,2,1317.3423882609138,0.09306625039671307,2389.4845433936393
2023-03-15,Product C,West,CUST2248,new,Mike Brown,1,443.8118346119767,0.007714437408606101,440.3880759926639
2023-03-15,Product E,North,CUST3280,returning,Sarah Johnson,4,1735.9599817602464,0.09429127113917565,6289.09643373333
2023-03-15,Product B,East,CUST3875,returning,John Smith,3,209.36574526074747,0.02722856607081342,610.9950486988505
2023-03-15,Product D,North,CUST3872,returning,Sarah Johnson,1,63.738426231225645,0.014741278363398336,62.79884034770622
2023-03-15,Product C,North,CUST2141,new,John Smith,4,512.6253187784093,0.004779970965774927,2040.6999385533095
2023-03-15,Product C,West,CUST2273,returning,Sarah Johnson,1,442.9275925808857,0.08059701286709539,407.22895170245243
2023-03-15,Product B,East,CUST3181,returning,Sarah Johnson,4,273.89282961309544,0.016249841547444143,1077.768458123606
2023-03-15,Product C,Central,CUST4860,returning,Robert Wilson,2,498.5043708041017,0.044797519213852666,952.3452233496308
2023-03-15,Product D,North,CUST1823,new,Emily Davis,2,80.69104604585606,0.006091222687152709,160.3990778310629
2023-03-15,Product D,South,CUST1497,returning,Sarah Johnson,4,63.784592888634506,0.06415796812433942,238.76921204504612
2023-03-15,Product B,East,CUST1568,new,Sarah Johnson,2,241.12523984788692,0.09173489015067489,438.01128491577174
2023-03-15,Product C,South,CUST2334,new,Emily Davis,3,405.09453834702146,0.09471706168433941,1100.175521911253
2023-03-15,Product A,Central,CUST2880,new,Sarah Johnson,1,94.94265144156321,0.08174124552691106,87.18192085910246
2023-03-15,Product B,Central,CUST1362,returning,Robert Wilson,4,238.81214567684972,0.09693612449957761,862.6504871660294
2023-03-16,Product C,South,CUST2945,returning,Sarah Johnson,4,557.2643612272154,0.028013411877537975,2166.6139406059374
2023-03-16,Product B,North,CUST3844,returning,John Smith,4,286.84761512027694,0.06507883208469019,1072.7196293678824
2023-03-16,Product C,East,CUST2677,returning,Sarah Johnson,3,485.7450283502963,0.007433155136034587,1446.4032305940332
2023-03-16,Product B,West,CUST3489,returning,Robert Wilson,3,222.84089615674387,0.020165521126689224,655.0415800722141
2023-03-16,Product E,East,CUST3520,returning,Mike Brown,2,1574.0628802164672,0.09728566047103429,2841.858266583339
2023-03-16,Product B,North,CUST4504,returning,Sarah Johnson,3,218.0355968281652,0.05598931015359494,617.4838025184866
2023-03-16,Product A,East,CUST1552,returning,Mike Brown,4,114.09755542567493,0.0762571112791553,421.5872217795986
2023-03-16,Product A,South,CUST3060,new,Emily Davis,4,85.94690254784729,0.01711847438351253,337.9024907929589
2023-03-16,Product A,South,CUST2576,returning,Sarah Johnson,1,103.30275636859245,0.04971672807176857,98.166881321151
2023-03-16,Product A,East,CUST1850,returning,Emily Davis,1,109.1083807362895,0.01815079616214955,107.12797675796291
2023-03-16,Product C,South,CUST3877,new,Robert Wilson,3,541.5724206908408,0.037549862202072015,1563.7093527643715
2023-03-16,Product C,East,CUST1166,returning,Sarah Johnson,2,403.6120439519921,0.04082375193462987,774.2701719837341
2023-03-16,Product A,Central,CUST2843,returning,Mike Brown,2,102.44027345659683,0.05323043638481663,193.97466599424448
2023-03-16,Product C,East,CUST2550,new,Mike Brown,3,478.9550633543366,0.08056753790427042,1321.1004993992815
2023-03-16,Product C,North,CUST1456,returning,John Smith,3,546.8544061061431,0.039434114635066436,1575.869060301187
2023-03-16,Product B,East,CUST3745,returning,John Smith,3,237.00892800699708,0.09081895956965029,646.4520712700504
2023-03-16,Product B,South,CUST4452,returning,Sarah Johnson,3,266.1447816613101,0.019668855823121313,782.730054968213
2023-03-16,Product C,West,CUST2939,new,Robert Wilson,1,587.717119155701,0.007973855742946135,583.0307476298935
2023-03-16,Product A,North,CUST3335,returning,Sarah Johnson,4,95.66148398406517,0.0866691348399395,349.48234371864606
2023-03-16,Product C,South,CUST2473,new,John Smith,3,426.6937758564257,0.03012312947939082,1241.5212719947574
2023-03-16,Product A,Central,CUST4641,returning,Mike Brown,1,119.24117956460303,0.03276549636836156,115.33418312861988
2023-03-16,Product B,South,CUST1757,returning,Emily Davis,3,253.0473187197792,0.07296784136472413,703.7490063289968
2023-03-16,Product C,Central,CUST2781,new,John Smith,1,553.4556602107297,0.03206992850413228,535.7063767575643
2023-03-16,Product C,South,CUST2281,new,Sarah Johnson,4,527.6006470432496,0.011158231313324142,2086.8542279299263
2023-03-16,Product A,East,CUST2501,new,Robert Wilson,3,118.487436379672,0.07588888501404467,328.48667083393843
2023-03-16,Product A,Central,CUST2908,returning,John Smith,4,119.02419874356447,0.056910698036280384,449.001794039437
2023-03-16,Product C,West,CUST1104,new,Robert Wilson,2,588.4668989870074,0.008843758733550245,1166.5252794193716
2023-03-16,Product E,North,CUST2595,returning,Robert Wilson,3,1292.0188964494475,0.07869686484367422,3571.023179940277
2023-03-17,Product E,West,CUST2299,returning,Sarah Johnson,4,1218.203548090991,0.02854052903028416,4733.74149744762
2023-03-17,Product B,West,CUST3345,returning,Robert Wilson,3,210.61254185649025,0.03133676944572782,612.0378755698641
2023-03-17,Product B,North,CUST4952,new,Emily Davis,2,219.88285302864801,0.00868629079861828,435.94577325122265
2023-03-17,Product A,West,CUST1412,returning,Robert Wilson,2,82.34146400320202,0.08749394056026714,150.27416969212098
2023-03-17,Product A,South,CUST4756,returning,Sarah Johnson,2,85.50913206068564,0.03038071257363676,165.82260739425763
2023-03-17,Product A,East,CUST2791,returning,Sarah Johnson,4,94.23873563328947,0.04246790124184585,360.946457261034
2023-03-17,Product A,Central,CUST3788,new,Robert Wilson,2,84.7462281278501,0.08908267535742687,154.39361479954079
2023-03-17,Product B,Central,CUST2588,returning,Emily Davis,2,257.6967310468371,0.03238955525803792,498.7000970735597
2023-03-17,Product C,West,CUST4595,returning,Emily Davis,4,540.1517334879433,0.03885311480060421,2076.6606247079635
2023-03-17,Product C,Central,CUST1669,returning,Emily Davis,1,533.4426583483814,0.010812335247709604,527.6748974908893
2023-03-17,Product C,North,CUST3925,returning,Mike Brown,4,462.49766522857095,0.03719947597891619,1781.1719777623837
2023-03-17,Product B,North,CUST4666,new,John Smith,1,216.1597955958021,0.05795363691499811,203.6325492862228
2023-03-17,Product C,North,CUST1418,returning,Sarah Johnson,1,488.30945777596605,0.09118724848450076,443.7818619124172
2023-03-17,Product B,East,CUST2309,returning,Mike Brown,3,204.54865414722747,0.07384839721861057,568.3291916556924
2023-03-17,Product C,Central,CUST2295,returning,John Smith,1,422.096725593613,0.003820278375739106,420.48419860035744
2023-03-17,Product A,North,CUST4190,returning,Emily Davis,1,103.02080867864495,0.0001931914291505188,103.00090594138409
2023-03-17,Product A,Central,CUST2583,returning,Emily Davis,4,106.06719179513708,0.08571929535868057,387.9007474151356
2023-03-17,Product E,Central,CUST1994,returning,Robert Wilson,2,1654.4814304338618,0.02705217801718466,3219.4482085032773
2023-03-17,Product E,West,CUST3164,returning,Sarah Johnson,1,1390.7758989957706,0.028733033322764945,1350.8146887454268
2023-03-17,Product C,Central,CUST1583,returning,Robert Wilson,4,438.7477866049622,0.03796308674856344,1688.3662652853513
2023-03-18,Product C,North,CUST1687,returning,Robert Wilson,2,456.577181957273,0.09758708627835366,824.0422902177621
2023-03-18,Product A,West,CUST3503,returning,Robert Wilson,1,104.14343150632823,0.0850317708157599,95.28793110651534
2023-03-18,Product D,East,CUST1570,new,Sarah Johnson,3,64.01924600249343,0.009843470904498976,190.16722325141976
2023-03-18,Product C,Central,CUST2584,new,John Smith,4,425.807281777885,0.02929252034031229,1653.337253261413
2023-03-18,Product A,North,CUST3391,returning,Robert Wilson,3,89.75370919864422,0.07372276772498268,249.41045202881077
2023-03-18,Product B,West,CUST4700,returning,Emily Davis,2,248.42661981097257,1.8519529544280824e-05,496.8440381336948
2023-03-18,Product C,Central,CUST3512,new,Sarah Johnson,3,524.7544381301706,0.024296845845457063,1536.0136813206072
2023-03-18,Product C,North,CUST4176,returning,Sarah Johnson,4,577.0030649094517,0.0018646586414782897,2303.708604633235
2023-03-18,Product E,West,CUST1239,returning,Sarah Johnson,3,1577.0536973506034,0.05523380134555028,4469.841080159625
2023-03-18,Product E,North,CUST3389,returning,Robert Wilson,1,1412.5476019135465,0.029064296930653113,1371.492898982849
2023-03-18,Product B,East,CUST1402,returning,Emily Davis,3,254.00291922606877,0.0041821623786465366,758.8219133196453
2023-03-18,Product A,Central,CUST4868,returning,Robert Wilson,1,91.31790272149325,0.09650316229099189,82.50543633508798
2023-03-18,Product E,East,CUST2515,new,Sarah Johnson,3,1757.9151003003365,0.08669410428305124,4816.542675822446
2023-03-18,Product A,Central,CUST2295,returning,Robert Wilson,4,103.32780647532185,0.0702791021377846,384.2640840414778
2023-03-19,Product B,North,CUST1671,returning,Emily Davis,4,254.34058521982638,0.02988631887868677,986.9571255446194
2023-03-19,Product E,West,CUST4499,returning,John Smith,2,1767.4648302050764,0.07059904029619934,3285.367018870626
2023-03-19,Product A,Central,CUST2062,returning,Mike Brown,2,101.1933555584828,0.09893406378396238,182.36377133029336
2023-03-19,Product A,West,CUST3025,returning,Emily Davis,2,118.47552954902831,0.0770437802792337,218.69545376397423
2023-03-19,Product C,Central,CUST2249,returning,Mike Brown,4,531.5577560072372,0.07286151567927769,1971.3106089338971
2023-03-19,Product A,East,CUST4737,new,Sarah Johnson,3,96.73797988701833,0.06164608782287975,272.3233856492856
2023-03-19,Product B,East,CUST3513,returning,Emily Davis,1,282.621737577522,0.07765574717852201,260.6745353770474
2023-03-19,Product B,South,CUST2674,new,Sarah Johnson,4,290.8437547872265,0.07354365938921863,1077.8161629986932
2023-03-19,Product A,South,CUST4164,returning,Robert Wilson,2,117.85057972012328,0.030998013643547,228.39489168411794
2023-03-19,Product B,Central,CUST1068,new,Mike Brown,3,235.54366807245313,0.0747740385641692,653.7933502573729
2023-03-19,Product B,North,CUST2977,returning,Emily Davis,4,217.1856869750465,0.008892952275502386,861.0170601034209
2023-03-19,Product C,North,CUST2556,new,Mike Brown,4,557.7163530216942,0.06581624765263336,2084.0382216451794
2023-03-19,Product E,East,CUST3825,returning,Mike Brown,4,1357.5434228615743,0.04537537602503536,5183.777518315667
2023-03-19,Product C,South,CUST3008,returning,Robert Wilson,2,486.5946099679412,0.010207492476609792,963.2553982950692
2023-03-19,Product B,Central,CUST2399,new,Emily Davis,1,269.8074338478649,0.06495324310653898,252.2825660051931
2023-03-19,Product A,North,CUST1559,returning,Robert Wilson,2,108.76091281734404,0.04699784346577945,207.29876892311844
2023-03-20,Product B,South,CUST4984,returning,Mike Brown,1,247.71297673956832,0.018772807549827367,243.06270869964155
2023-03-20,Product A,South,CUST1045,returning,Robert Wilson,2,108.55603733586392,0.07892906546771047,199.97562151613258
2023-03-20,Product D,East,CUST2662,returning,John Smith,2,80.81273761047225,0.016554079482308727,158.94991425777107
2023-03-20,Product A,North,CUST3556,new,Robert Wilson,1,108.71042179264923,0.022024387740286058,106.31614131167788
2023-03-20,Product A,East,CUST2625,new,John Smith,2,118.49400533753112,0.02855250717153396,230.22140880069495
2023-03-20,Product C,North,CUST2934,returning,Emily Davis,3,496.60237110967574,0.07060581146380308,1384.6180731678853
2023-03-20,Product A,South,CUST3331,returning,Mike Brown,4,102.10013905046176,0.07170479387071048,379.1162785027101
2023-03-20,Product C,West,CUST2952,returning,Emily Davis,2,560.6012060918002,0.0010670127006162766,1120.006074969839
2023-03-20,Product D,Central,CUST2789,returning,Robert Wilson,1,84.38270559891478,0.046214047326990075,80.48303924878707
2023-03-20,Product B,East,CUST1724,new,Robert Wilson,4,298.20773786356307,0.04479954546688682,1139.3926670102676
2023-03-20,Product A,Central,CUST1806,new,John Smith,2,93.93911903182621,0.08319900531103475,172.24695553716674
2023-03-20,Product B,Central,CUST1847,returning,Sarah Johnson,4,235.72419681701362,0.04595995496382236,899.561293389682
2023-03-20,Product A,Central,CUST1859,returning,Sarah Johnson,3,104.41575466576214,0.08322379415612284,287.17763817840756
2023-03-20,Product B,West,CUST3206,new,John Smith,1,269.70911382607585,0.08817225235162607,245.92825378026964
2023-03-20,Product C,South,CUST2834,new,Mike Brown,3,552.5306979822968,0.02448395508095206,1617.0076835761538
2023-03-20,Product A,Central,CUST3386,returning,Robert Wilson,4,107.84885744485089,0.05435396465750758,407.9473778357636
2023-03-20,Product D,East,CUST3004,returning,Robert Wilson,4,72.82213281682802,0.020518283339516077,285.31179064921787
2023-03-21,Product B,East,CUST1646,new,Mike Brown,1,296.54106993686116,0.08818548008206828,270.3904533204289
2023-03-21,Product C,East,CUST2649,returning,John Smith,4,558.5406811561503,0.004915262872471038,2223.1812275331954
2023-03-21,Product C,East,CUST4057,new,John Smith,1,557.9949519139666,0.08479716933125904,510.67855949053023
2023-03-21,Product A,East,CUST1173,new,Sarah Johnson,4,86.21106412709322,0.02449535083659561,336.39717546121534
2023-03-21,Product E,South,CUST2885,returning,Robert Wilson,4,1354.098944740235,0.06637983920426684,5056.856298086844
2023-03-21,Product D,East,CUST3024,new,Mike Brown,2,65.8532646007263,0.04371481050450347,125.94900323520527
2023-03-21,Product E,West,CUST3596,returning,Robert Wilson,1,1474.3899659356923,0.016277610102536876,1450.3904209310983
2023-03-21,Product A,East,CUST1786,returning,Mike Brown,1,98.83683305670542,0.07416030197372087,91.5070636710939
2023-03-21,Product B,East,CUST2681,returning,Emily Davis,4,278.5752723886733,0.06485341590333425,1042.0348575522642
2023-03-21,Product A,South,CUST4118,returning,Mike Brown,2,116.54678389770878,0.04401484472241325,222.83399060310896
2023-03-21,Product A,West,CUST2494,returning,Mike Brown,4,119.71323301778787,0.006709373262987872,475.6401290118099
2023-03-21,Product A,North,CUST1460,new,Sarah Johnson,3,110.33539086359671,0.06590346810990014,309.1917178512729
2023-03-21,Product D,West,CUST3404,returning,Mike Brown,3,84.0802743757886,0.04818733839449903,240.08600922642046
2023-03-21,Product A,Central,CUST2093,returning,Mike Brown,2,97.4868819824071,0.044727296815712206,186.25311455268334
2023-03-21,Product B,East,CUST1579,returning,John Smith,1,266.1524324146175,0.053160074901789346,252.00374917216303
2023-03-21,Product D,West,CUST3916,returning,John Smith,2,68.11045771486754,0.05085274317735725,129.29370820200225
2023-03-22,Product E,Central,CUST4184,returning,Robert Wilson,3,1420.279701186159,0.04339352496313738,4075.9462755543004
2023-03-22,Product A,East,CUST1213,new,Mike Brown,4,104.30783613990431,0.07028664440501013,387.9055534099312
2023-03-22,Product D,Central,CUST3645,returning,Robert Wilson,1,89.2304836957209,0.04382986080331659,85.31952401592484
2023-03-22,Product A,North,CUST4201,new,Emily Davis,1,104.24809014441327,0.04280193524396439,99.78607014074514
2023-03-22,Product A,Central,CUST2675,returning,Sarah Johnson,1,116.05599764916931,0.04553641345615005,110.77122375615076
2023-03-22,Product C,East,CUST2509,returning,John Smith,1,497.8645494950243,0.012818511029909786,491.48266727592124
2023-03-22,Product C,North,CUST4994,returning,John Smith,2,476.7582511813695,0.03166024348274129,923.3279377331228
2023-03-22,Product E,Central,CUST2618,returning,Mike Brown,1,1399.9450443304368,0.04703715673848666,1334.0956098549984
2023-03-22,Product A,South,CUST3255,new,Mike Brown,2,114.33881010393053,0.011001772112754361,226.1617611430472
2023-03-22,Product A,Central,CUST4329,returning,Robert Wilson,2,100.9875364837391,0.06172910760526177,189.50733195468817
2023-03-22,Product D,Central,CUST4574,returning,Robert Wilson,4,76.8443383121003,0.08369278328446238,281.6520870364311
2023-03-22,Product A,Central,CUST1974,new,Sarah Johnson,4,119.78102993532134,0.01582407418152627,471.54242412834077
2023-03-22,Product A,East,CUST2257,returning,John Smith,3,89.9681508236515,0.03498954636473987,260.4606181171723
2023-03-22,Product B,East,CUST1645,returning,Sarah Johnson,1,287.53712633272335,0.07035283401815305,267.30807460978053
2023-03-22,Product D,South,CUST1449,new,John Smith,4,63.76838110560906,0.04046058829468631,244.75309956590542
2023-03-23,Product C,North,CUST3938,returning,John Smith,1,480.94117486583406,0.03204868976555473,465.52764035707753
2023-03-23,Product D,Central,CUST4237,returning,John Smith,2,86.67391607114574,0.04281135697472417,165.92657621965327
2023-03-23,Product A,South,CUST1122,new,Robert Wilson,4,99.34088269459886,0.05918079076633259,373.84724280522806
2023-03-23,Product A,East,CUST4587,returning,John Smith,3,105.35070639193984,0.0008108196886213227,315.7958578949613
2023-03-23,Product A,West,CUST2525,returning,Sarah Johnson,3,88.04691868455603,0.09442295793642562,239.19980455551692
2023-03-23,Product A,South,CUST1791,new,John Smith,1,119.30752958365302,0.07063687718503076,110.8800182692031
2023-03-23,Product B,West,CUST4527,returning,Mike Brown,3,293.36789061329347,0.08064959461052452,809.12366749076
2023-03-23,Product A,West,CUST3429,returning,Sarah Johnson,1,113.9613805313389,0.05595748419558734,107.5843883813492
2023-03-23,Product A,North,CUST3376,returning,Emily Davis,3,81.49015522456786,0.006592888935748231,242.8586990454462
2023-03-23,Product A,East,CUST2159,new,Robert Wilson,1,114.0068778082019,0.011755724912093658,112.66664431460201
2023-03-23,Product B,East,CUST2483,returning,Emily Davis,2,240.18987079559668,0.012729253309507839,474.26486617572317
2023-03-23,Product A,West,CUST2607,new,Sarah Johnson,2,103.75003009628718,0.05335897301104087,196.42807008096943
2023-03-23,Product B,East,CUST2619,returning,Emily Davis,2,232.50576433918152,0.09125842179248231,422.575310455866
2023-03-23,Product B,West,CUST2042,returning,Sarah Johnson,4,234.20226642479815,0.005515659060178546,931.6419462883114
2023-03-23,Product B,South,CUST4682,returning,Robert Wilson,1,200.72199470037177,0.057704186199002507,189.13949534394632
2023-03-24,Product A,South,CUST2216,new,Sarah Johnson,4,91.40532700722835,0.057848235973085894,344.4707603252685
2023-03-24,Product B,East,CUST3912,new,Emily Davis,1,222.47500381773574,0.03939442646905847,213.71072863863446
2023-03-24,Product D,South,CUST2398,returning,John Smith,1,60.46687638776149,0.06818330320328587,56.344045021259134
2023-03-24,Product C,North,CUST2676,returning,John Smith,3,556.8374358464159,0.004511587860145949,1662.9756444923294
2023-03-24,Product A,Central,CUST2201,returning,Sarah Johnson,4,110.852925728674,0.08301925630695714,406.5999931009165
2023-03-24,Product B,Central,CUST3091,returning,Mike Brown,4,209.11373390897072,0.04077392161915949,802.3493876523063
2023-03-24,Product C,North,CUST1768,returning,Robert Wilson,3,544.1786438104194,0.022688591480294486,1595.4959906061124
2023-03-24,Product D,Central,CUST2900,returning,Robert Wilson,3,85.92691806784671,0.011099481392181067,254.91952151899554
2023-03-24,Product A,Central,CUST2417,new,Robert Wilson,1,80.27152696094359,0.00018120338692516615,80.25698148838461
2023-03-24,Product A,Central,CUST1095,returning,Sarah Johnson,3,100.2065607317326,0.08090326995073321,276.2985668940561
2023-03-24,Product A,East,CUST2793,returning,Robert Wilson,2,104.99775081631329,0.07897617737346346,193.41085964805882
2023-03-24,Product A,South,CUST1374,returning,Robert Wilson,2,106.71697894384337,0.013216177752502369,210.61317676182296
2023-03-24,Product D,North,CUST2596,returning,John Smith,4,66.46919288177547,0.08306896051980141,243.7906644899848
2023-03-24,Product D,East,CUST3862,new,John Smith,4,72.82517111140099,0.008464875358462898,288.83486045993703
2023-03-24,Product B,Central,CUST1591,returning,Mike Brown,2,242.2876468466779,0.056266954068430866,457.3097179004153
2023-03-24,Product E,Central,CUST3710,returning,Robert Wilson,4,1559.5665106941549,0.09333294191163473,5656.030320576826
2023-03-24,Product A,West,CUST4931,returning,Mike Brown,4,109.85255250276307,0.04120965687081146,421.30226603096565
2023-03-25,Product A,East,CUST3630,returning,Robert Wilson,2,100.31589664013522,0.057362785794290785,189.12299469880986
2023-03-25,Product C,Central,CUST3670,returning,John Smith,3,460.9150732577137,0.01766823141763052,1358.314557238567
2023-03-25,Product D,East,CUST2854,returning,Robert Wilson,3,83.14709178167477,0.033645035181751014,241.04881486026017
2023-03-25,Product C,North,CUST3135,returning,John Smith,1,412.2597588898447,0.04702962226915748,392.87133815248137
2023-03-25,Product A,West,CUST1134,returning,John Smith,2,118.92578845707634,0.043005534519127434,227.62264271274216
2023-03-25,Product A,South,CUST1011,new,Mike Brown,2,111.77536900371425,0.07772042473508523,206.1762796996494
2023-03-25,Product A,Central,CUST4378,returning,Emily Davis,3,84.31413058249237,0.09336153778350942,229.32730108329378
2023-03-25,Product A,Central,CUST2403,returning,Mike Brown,3,80.4533037281795,0.09460756180688314,218.5254384694435
2023-03-25,Product B,South,CUST2212,returning,John Smith,3,260.50712534377436,0.011305296783451014,772.686044932678
2023-03-25,Product C,East,CUST3967,returning,Mike Brown,2,516.1474279594703,0.029376187302738634,1001.9699688798122
2023-03-25,Product A,South,CUST3360,new,Mike Brown,3,117.80489794979547,0.09115912278061267,321.1977203802976
2023-03-25,Product B,West,CUST4329,new,Emily Davis,2,201.78735308363161,0.05477399094691369,381.4693088652542
2023-03-25,Product A,North,CUST3323,returning,Sarah Johnson,3,108.75969901592244,0.0032063517094541583,325.23293150718905
2023-03-25,Product A,North,CUST4650,returning,Mike Brown,3,99.30022365528454,0.026120017127391294,290.11950033796415
2023-03-25,Product A,West,CUST2190,returning,Mike Brown,4,117.46262446632025,0.0771571439328831,433.59817537455274
2023-03-25,Product A,South,CUST3863,returning,Emily Davis,4,105.21603704143998,0.05200195462895238,398.97838982789136
2023-03-25,Product B,North,CUST4631,returning,John Smith,4,209.1850337229201,0.06471677720509855,782.5890100033315
2023-03-25,Product C,West,CUST1516,returning,John Smith,4,532.2530612530182,0.02491744972423665,2075.9626894347007
2023-03-26,Product B,North,CUST2937,returning,Robert Wilson,3,281.91073261776876,0.011159392476666719,836.2943403273073
2023-03-26,Product E,East,CUST2145,returning,Mike Brown,2,1340.403172296222,0.06370475535036275,2510.026232268482
2023-03-26,Product C,West,CUST2835,new,Robert Wilson,4,517.2919024749594,0.012897890792716526,2042.4797120355233
2023-03-26,Product B,West,CUST1569,returning,Sarah Johnson,1,204.8566653059296,0.036046302914925554,197.47233989417052
2023-03-26,Product E,East,CUST4526,returning,Mike Brown,1,1513.6384068341129,0.007356335421576566,1502.5035750064603
2023-03-26,Product C,North,CUST3888,new,Sarah Johnson,4,564.1152878667699,0.05492684933484426,2132.520849770518
2023-03-26,Product A,Central,CUST4159,returning,Sarah Johnson,4,96.18580113760397,0.07565385834953067,355.63589665241426
2023-03-26,Product C,East,CUST4304,new,Robert Wilson,2,490.14121165007714,0.06447567265900929,917.0780546620731
2023-03-26,Product A,Central,CUST4942,returning,Mike Brown,1,81.99231510333688,0.0982044622786384,73.940303887633
2023-03-26,Product A,North,CUST1236,new,Mike Brown,3,83.914280108658,0.02152438205009537,246.3242312524216
2023-03-26,Product C,West,CUST4863,new,Sarah Johnson,2,593.6224472812232,0.09055821375731322,1079.7301176183817
2023-03-26,Product D,Central,CUST3625,new,Sarah Johnson,2,65.41964706273511,0.04550154384644478,124.88590424698225
2023-03-26,Product B,North,CUST1562,new,John Smith,4,229.84506611477607,0.0909726837934197,835.7417743745556
2023-03-26,Product C,South,CUST3558,returning,Mike Brown,4,587.2693894942167,0.0008223131388891525,2347.145880636673
2023-03-26,Product A,East,CUST1588,returning,Robert Wilson,4,85.21362894276288,0.026833979127465747,331.70803280934865
2023-03-26,Product B,North,CUST4118,new,John Smith,1,207.01180457469897,0.012718118921688693,204.37900382592457
2023-03-26,Product A,East,CUST2225,returning,Emily Davis,2,105.71007655838187,0.018741128798377693,207.45790079662976
2023-03-26,Product B,South,CUST2013,new,Emily Davis,4,276.3615298961657,0.03389939701615733,1067.9721626968917
2023-03-26,Product D,West,CUST1652,new,Sarah Johnson,4,69.02067202881331,0.0872465523258539,251.9954254203434
2023-03-26,Product B,Central,CUST1654,new,John Smith,3,269.7646382779725,0.07813562183952004,746.0592315474297
2023-03-26,Product A,West,CUST1973,returning,Mike Brown,4,99.6832682155366,0.057832910270430415,375.6731788374569
2023-03-26,Product A,North,CUST4653,returning,Sarah Johnson,4,81.64911255996242,0.07249102718360843,302.9211380874427
2023-03-27,Product D,North,CUST4782,returning,John Smith,1,68.93939383986809,0.01782617814887735,67.71046792380298
2023-03-27,Product A,West,CUST3925,returning,Emily Davis,1,115.30968304828322,0.007145138060942236,114.48577944313975
2023-03-27,Product B,East,CUST3786,new,Emily Davis,4,221.93204012113821,0.06035812471230626,834.1465534634
2023-03-27,Product C,Central,CUST2019,returning,Robert Wilson,4,419.00804813032386,0.08218014592542004,1538.2956223641938
2023-03-27,Product A,North,CUST2123,new,John Smith,1,115.86986199630978,0.08608108626867375,105.89565840986612
2023-03-27,Product A,North,CUST4342,returning,Mike Brown,2,104.8333053109677,0.08432620428217644,191.98622118347853
2023-03-27,Product A,South,CUST3029,new,Robert Wilson,2,86.90436451609098,0.09416348520733687,157.44229334705406
2023-03-27,Product B,West,CUST3654,returning,Mike Brown,3,269.48275793281255,0.0031056876035155615,805.9374860164182
2023-03-27,Product C,South,CUST2427,new,Emily Davis,3,592.8108260262978,0.022012924419752666,1739.2839783533093
2023-03-27,Product C,Central,CUST3384,new,John Smith,3,526.6537834674978,0.04225393802238549,1513.2017614248218
2023-03-27,Product D,South,CUST1796,returning,Emily Davis,1,60.92349306712921,0.05739504229932586,57.426786605518636
2023-03-27,Product C,East,CUST1039,new,Sarah Johnson,2,479.08100210594154,0.026927042430520767,932.3615352691569
2023-03-27,Product A,East,CUST3853,returning,John Smith,1,114.17383931130863,0.018862051904263114,112.02028642810973
2023-03-27,Product A,Central,CUST4161,new,Mike Brown,3,105.34141174464682,0.08766842134606484,288.31888942388343
2023-03-27,Product B,South,CUST2304,new,John Smith,4,296.8691450213043,0.07730901416171121,1095.6739363387087
2023-03-27,Product A,West,CUST2643,returning,Sarah Johnson,1,80.4970237517573,0.07529861930391851,74.43570900517524
2023-03-27,Product A,Central,CUST2133,new,Robert Wilson,4,104.98389006080617,0.0006957587303291213,419.6433864110098
2023-03-27,Product E,Central,CUST2385,returning,Emily Davis,2,1211.9408902440468,0.032244529018485395,2345.7248540797673
2023-03-27,Product A,East,CUST1938,new,Sarah Johnson,3,105.67101617764045,0.09899806149891809,285.62937125829967
2023-03-27,Product C,North,CUST1792,new,Emily Davis,3,414.3629167527831,0.02068371106166085,1217.3770617240045
2023-03-27,Product C,North,CUST2380,returning,Emily Davis,3,587.33758533343,0.03186043712826544,1705.8742593685408
2023-03-28,Product C,North,CUST4968,returning,Mike Brown,4,567.1443193295742,0.08179847710772054,2083.011110832481
2023-03-28,Product B,North,CUST3397,returning,Mike Brown,2,295.31671767711674,0.055823175027966104,557.6624017150853
2023-03-28,Product B,South,CUST2783,new,Emily Davis,2,230.55764593278258,0.08725740192976446,420.87956950729085
2023-03-28,Product A,Central,CUST2677,returning,Emily Davis,1,86.63948886415506,0.014986279888655163,85.3410852346268
2023-03-28,Product C,East,CUST1817,returning,John Smith,3,586.4204730914443,0.07508113813744391,1627.174069633921
2023-03-28,Product B,South,CUST3569,returning,Sarah Johnson,2,253.8819367249669,0.07306369212628776,470.6647701273365
2023-03-28,Product B,East,CUST4292,returning,John Smith,2,278.9864621035539,0.04488316931806485,532.9293309750244
2023-03-28,Product E,Central,CUST1600,returning,Mike Brown,2,1386.3605828371979,0.034385357554257936,2677.3801569944226
2023-03-28,Product C,South,CUST3865,returning,Robert Wilson,2,439.70857177364036,0.019747358368568304,862.0509780581899
2023-03-28,Product B,West,CUST4655,returning,John Smith,3,258.47568083373045,0.08073456212003687,712.8232797688225
2023-03-28,Product D,West,CUST2098,returning,Emily Davis,2,66.13450383587471,0.013087633345768701,130.5379193963329
2023-03-28,Product E,Central,CUST1488,new,Robert Wilson,1,1759.2803492389696,0.003558214579346264,1753.0204522511501
2023-03-28,Product C,South,CUST4545,new,Sarah Johnson,3,565.0385869611381,0.06631478293998226,1582.7045271422876
2023-03-28,Product B,East,CUST2252,returning,John Smith,2,259.5947950792614,0.051146754004261746,492.6347279091114
2023-03-28,Product A,West,CUST4814,returning,Mike Brown,2,104.90504109447679,0.03769499716862721,201.90129173489152
2023-03-28,Product A,Central,CUST2189,returning,Emily Davis,2,80.12697192738013,0.05626541196713092,151.23718968441472
2023-04-01,Product D,East,CUST1777,returning,John Smith,3,83.54561137067364,0.07416088339433384,232.04938508311434
2023-04-01,Product B,North,CUST1517,returning,Sarah Johnson,4,274.3865280888171,0.07804396399111774,1011.8892630840227
2023-04-01,Product A,East,CUST4652,returning,Sarah Johnson,3,101.62117004355741,0.007171052088493269,302.6773180196443
2023-04-01,Product A,North,CUST3871,returning,John Smith,2,80.81241871333405,0.04919403826093567,153.67385899038308
2023-04-01,Product D,West,CUST4217,returning,Mike Brown,3,71.65100633014643,0.07246108241431164,199.37729056616797
2023-04-01,Product A,South,CUST4309,returning,Mike Brown,4,83.67751743683351,0.057226778886444854,315.5556905948368
2023-04-01,Product B,East,CUST3281,returning,Robert Wilson,2,261.21498216133904,0.07454524135070205,483.48529654340535
2023-04-01,Product D,West,CUST1736,new,Sarah Johnson,4,63.04716430933984,0.011153334035167651,249.3759129033107
2023-04-01,Product A,East,CUST3490,returning,John Smith,3,95.12619274242967,0.024684890529825133,278.33403926419123
2023-04-01,Product C,North,CUST2731,returning,Sarah Johnson,4,594.9473888203231,0.07692312035414378,2196.728716902855
2023-04-01,Product C,Central,CUST2796,returning,John Smith,1,433.67705966061095,0.0023085480551770176,432.6758953279566
2023-04-01,Product A,East,CUST1832,returning,John Smith,4,88.37679267201123,0.07760221784402446,326.07423021888656
2023-04-01,Product A,North,CUST4947,returning,Emily Davis,3,86.49090290236299,0.004278326824726786,258.3625996571429
2023-04-01,Product C,North,CUST2339,returning,Mike Brown,1,592.595188472897,0.07543621991839426,547.8920475126732
2023-04-01,Product A,Central,CUST2812,new,John Smith,4,114.72593749016755,0.03231897848317934,444.072449539841
2023-04-01,Product A,East,CUST2320,new,Sarah Johnson,3,88.15545901842096,0.053832932925982305,250.22937631806934
2023-04-02,Product A,West,CUST1457,new,Robert Wilson,1,99.97062698595002,0.06817968112843865,93.15466151583786
2023-04-02,Product B,West,CUST1285,returning,Emily Davis,1,241.1160965846349,0.09021941183826758,219.36274416603024
2023-04-02,Product D,South,CUST2470,new,John Smith,1,82.98668454012137,0.07125779432472608,77.07323644147047
2023-04-02,Product E,Central,CUST3182,returning,Emily Davis,2,1674.3552771902475,0.0860870123554672,3060.430067510658
2023-04-02,Product A,North,CUST1961,returning,Robert Wilson,1,92.38277408952926,0.0578718010590238,87.0364165661393
2023-04-02,Product A,East,CUST1253,new,John Smith,1,81.03929174903122,0.05519012184951724,76.56672336280361
2023-04-02,Product A,South,CUST4111,returning,Mike Brown,2,110.4898706006686,0.09390813048870202,200.2279468292424
2023-04-02,Product C,East,CUST3170,returning,Mike Brown,2,463.55210136499085,0.011355454384349385,916.5765132463428
2023-04-02,Product B,Central,CUST4602,returning,Emily Davis,4,240.45192467506254,0.08889916385563323,876.3037984958871
2023-04-02,Product B,North,CUST2152,returning,Emily Davis,2,250.0755274740986,0.05514902953513369,472.56820964683084
2023-04-02,Product C,North,CUST3731,new,John Smith,2,473.5805850572551,0.011057918706865944,936.687538893084
2023-04-02,Product A,North,CUST3910,new,John Smith,1,107.18962231425482,0.036006549355072824,103.33009388804498
2023-04-03,Product A,Central,CUST1641,returning,Robert Wilson,3,95.73741957747441,0.08400084989239989,263.08618489938385
2023-04-03,Product A,West,CUST4756,returning,Sarah Johnson,2,96.05774197040016,0.04935727932689811,182.63318633691202
2023-04-03,Product A,South,CUST1929,returning,Mike Brown,2,85.43791925488806,0.09095255593623297,155.334244249565
2023-04-03,Product B,South,CUST2271,returning,John Smith,3,218.81469272094088,0.07543759555249097,606.9235152915478
2023-04-03,Product D,South,CUST1578,returning,Sarah Johnson,1,72.12584638826644,0.0988389878639863,64.99700073241684
2023-04-03,Product B,East,CUST4789,new,Emily Davis,2,295.79820536090995,0.08262691498625811,542.7146243869327
2023-04-03,Product A,East,CUST4342,returning,John Smith,3,116.84633975736467,0.05114867692088335,332.6094122271824
2023-04-03,Product A,Central,CUST3743,new,Sarah Johnson,1,97.2282132679362,0.06962634753005331,90.45856790121672
2023-04-03,Product B,East,CUST3441,returning,John Smith,4,222.78007557128564,0.03834628345476925,856.9491505814168
2023-04-03,Product B,West,CUST2971,returning,Mike Brown,4,244.41442022201196,0.045606993010401276,933.0696538692215
2023-04-03,Product D,South,CUST4883,new,John Smith,1,60.32897748169342,0.01966007968148903,59.142904977300574
2023-04-03,Product C,East,CUST2310,new,Robert Wilson,2,537.6334235097837,0.009766631812612293,1064.7651116244188
2023-04-03,Product C,South,CUST1630,returning,Robert Wilson,2,452.02319660307984,0.04462622518098987,863.7022152888799
2023-04-03,Product E,West,CUST3636,returning,Emily Davis,3,1760.9470767091252,0.06929091515680809,4916.788326663732
2023-04-03,Product A,South,CUST1836,returning,Sarah Johnson,3,95.0458924004196,0.01936334253802138,279.6164586871151
2023-04-03,Product D,West,CUST3418,returning,Sarah Johnson,3,87.72650286730637,0.053923052733648315,248.98806608116217
2023-04-03,Product B,North,CUST4315,returning,Robert Wilson,2,282.6363184856465,0.06218819638903936,530.119351209972
2023-04-03,Product C,South,CUST3289,new,John Smith,1,490.9920634786022,0.06399306874505248,459.5719746071408
2023-04-04,Product C,West,CUST1726,new,John Smith,2,473.98561906113173,0.019280190266645927,929.6941722839583
2023-04-04,Product B,South,CUST1780,new,Robert Wilson,3,281.78766378880897,0.006504595773714062,839.8642468255306
2023-04-04,Product A,West,CUST4174,returning,John Smith,2,97.69883707974074,0.0465631921559137,186.29933471077493
2023-04-04,Product B,Central,CUST1422,returning,John Smith,2,224.3369713406376,0.09424291093454872,406.38960426251094
2023-04-04,Product B,North,CUST2584,new,Sarah Johnson,4,211.6053459384569,0.02823660675520572,822.5213159915737
2023-04-04,Product B,North,CUST4238,new,Emily Davis,4,223.0550649070367,0.09050881233882643,811.4664635845638
2023-04-04,Product A,Central,CUST4101,new,Sarah Johnson,3,107.39214782583424,0.09600126572527187,291.24709711679594
2023-04-04,Product A,North,CUST4831,returning,Robert Wilson,3,87.66797084646538,0.06724062935955757,245.31936393622112
2023-04-04,Product D,North,CUST2000,returning,Sarah Johnson,2,70.65801654172,0.0883368298030912,128.83262272050015
2023-04-04,Product C,South,CUST3205,new,John Smith,4,597.1489404020058,0.07651115104398498,2205.8415505086095
2023-04-04,Product E,North,CUST4145,returning,John Smith,2,1356.4850563156658,0.09607378388994714,2452.3248083305034
2023-04-04,Product A,Central,CUST4716,returning,Mike Brown,2,98.74319217500556,0.08711381501621551,180.282591995523
2023-04-04,Product D,West,CUST2975,returning,John Smith,2,78.1832879955892,0.04603372316027352,149.1684403204806
2023-04-04,Product A,South,CUST3746,new,Emily Davis,4,118.94992856471842,0.021185890286408427,465.7194737142807
2023-04-04,Product B,Central,CUST3958,returning,John Smith,1,205.4366178440184,0.0998750034391317,184.9186349303235
2023-04-04,Product A,West,CUST2029,returning,John Smith,4,80.10110199327636,0.01786079093236528,314.68173182848955
2023-04-04,Product D,Central,CUST3900,returning,Sarah Johnson,4,71.1455872573072,0.05846220089133536,267.9450385701539
2023-04-04,Product D,Central,CUST2004,returning,Emily Davis,2,70.25129061390685,0.06481680489795436,131.3956528327115
2023-04-04,Product C,North,CUST4837,returning,Emily Davis,1,544.7990768289476,0.022220720699598198,532.6932487053326
2023-04-04,Product C,Central,CUST1933,new,Emily Davis,4,458.11270231549105,0.037346421679272206,1764.0153286327434
2023-04-04,Product A,Central,CUST2192,returning,Robert Wilson,2,86.59426963786201,0.07219095739923041,160.68589281483528
2023-04-04,Product C,South,CUST2416,returning,Sarah Johnson,1,516.62005692616,0.050789420953127766,490.38122338210843
2023-04-04,Product C,West,CUST3381,returning,Emily Davis,2,489.62573989303195,0.08838293234754856,892.7023624968954
2023-04-05,Product C,North,CUST4343,returning,Robert Wilson,1,429.4705532033478,0.034676007192006864,414.5782292117133
2023-04-05,Product B,East,CUST1443,new,Emily Davis,4,200.43739822830096,0.04040805294933095,769.3524529106626
2023-04-05,Product A,East,CUST4149,new,John Smith,3,108.27491382173756,0.04425890233244587,310.4483549575419
2023-04-05,Product C,East,CUST1981,returning,John Smith,4,560.4288756204969,0.08790620045522501,2044.6548101572205
2023-04-05,Product A,North,CUST2628,returning,Robert Wilson,2,91.71342489841042,0.09694728204271884,165.64411525536102
2023-04-05,Product D,West,CUST4688,returning,John Smith,4,62.10711917608444,0.0849219144694105,227.33145485388607
2023-04-05,Product C,West,CUST4775,returning,Emily Davis,3,587.6757474168122,0.03188518089365824,1706.8127997108343
2023-04-05,Product A,East,CUST3795,new,John Smith,3,112.61717976046273,0.06729504002463686,315.11580642306205
2023-04-05,Product D,North,CUST1287,returning,Mike Brown,2,63.92590577830137,0.09673191722305913,115.48446070429128
2023-04-05,Product A,West,CUST4311,returning,Emily Davis,3,103.56465375310648,0.054812006498181846,293.6642018358278
2023-04-05,Product A,East,CUST4558,new,Robert Wilson,3,82.43077073584963,0.058938093800917385,232.71737471441463
2023-04-05,Product A,Central,CUST3132,returning,Sarah Johnson,3,100.65359275353308,0.09888376327800935,272.10176014383467
2023-04-05,Product A,South,CUST4871,returning,Robert Wilson,1,83.7396944633596,0.06518649476671876,78.28099730845717
2023-04-05,Product D,North,CUST1813,returning,Robert Wilson,2,65.64552507503838,0.009966161355544057,129.98258235974225
2023-04-05,Product B,South,CUST4301,new,Emily Davis,1,288.9963705137248,0.039864133519638405,277.4757806128748
2023-04-05,Product A,Central,CUST4916,returning,Emily Davis,4,115.54985619006568,0.0005803768842941093,461.9311748981978
2023-04-06,Product C,East,CUST1622,returning,Sarah Johnson,1,567.196889818695,0.09861803116086952,511.2610492642067
2023-04-06,Product B,West,CUST1133,new,Mike Brown,3,257.69221385996434,0.08065626321304033,710.723168492772
2023-04-06,Product A,Central,CUST2715,returning,Sarah Johnson,3,118.94106207349007,0.036500349558371836,343.7990151928911
2023-04-06,Product D,South,CUST2643,returning,Emily Davis,4,63.78308087962228,0.02243668276923797,249.4080005115262
2023-04-06,Product D,West,CUST1708,returning,Mike Brown,1,70.22029106910483,0.012913640406633432,69.31349148098927
2023-04-06,Product A,West,CUST1440,returning,Emily Davis,2,82.49270900196744,0.05302194068171001,156.2375709571831
2023-04-06,Product C,South,CUST2169,returning,Emily Davis,4,504.0817529365197,0.0899122100660471,1835.0345939041204
2023-04-06,Product A,North,CUST3965,returning,Sarah Johnson,3,112.01299437625956,0.011727176955391062,332.0981945097178
2023-04-06,Product C,West,CUST3233,returning,Mike Brown,4,512.2239483575487,0.03568886622804012,1975.7730255432705
2023-04-06,Product A,East,CUST4289,returning,Sarah Johnson,1,102.081295033594,0.09115968865602742,92.7755959607275
2023-04-06,Product B,South,CUST4903,new,Mike Brown,1,236.05849765882468,0.06073563834777438,221.72133411609934
2023-04-06,Product B,West,CUST1257,new,Robert Wilson,3,286.61287522923163,0.032397610656153895,831.9819086655426
2023-04-06,Product B,East,CUST2813,new,Mike Brown,3,277.6590895983321,0.0757509822818506,769.8784224653223
2023-04-06,Product C,Central,CUST2811,new,Emily Davis,3,445.6661673186621,0.09115153281671846,1215.1290391290418
2023-04-06,Product A,North,CUST2978,returning,Robert Wilson,2,97.60576826151748,0.0298380513561469,189.3868046709483
2023-04-06,Product B,South,CUST3831,returning,John Smith,1,220.9758515011335,0.06650774399984281,206.27924613934883
2023-04-06,Product D,North,CUST3715,returning,John Smith,1,64.20855038363901,0.09236893410218704,58.2776750244557
2023-04-06,Product A,North,CUST3371,returning,Mike Brown,4,94.8321679017939,0.07027943598180024,352.66966651489776
2023-04-07,Product D,North,CUST2223,new,Mike Brown,4,86.65295115432288,0.08822695645195763,316.03130002558726
2023-04-07,Product A,East,CUST2687,returning,Robert Wilson,2,116.9257555086743,0.057926782957519934,220.30524529435857
2023-04-07,Product A,Central,CUST3711,returning,Emily Davis,2,103.09637793175268,0.07965485540464985,189.7685017097116
2023-04-07,Product A,East,CUST4404,returning,Emily Davis,1,92.2709100541133,0.09041685495477268,83.92806456320567
2023-04-07,Product D,East,CUST3157,new,Mike Brown,1,67.57342558829579,0.09213975880001964,61.347226453299136
2023-04-07,Product C,Central,CUST1944,new,Mike Brown,1,531.004939281018,0.09317829932762534,481.52680210424376
2023-04-07,Product D,Central,CUST1638,returning,Sarah Johnson,4,73.91503028850157,0.06069222802265404,277.7158496637218
2023-04-07,Product B,West,CUST3818,new,John Smith,4,249.72454801895634,0.0048338904178092945,994.0696276767829
2023-04-07,Product E,West,CUST2008,new,Sarah Johnson,3,1592.9566408632813,0.027009575228364557,4649.794675909085
2023-04-07,Product C,East,CUST3287,returning,John Smith,2,423.51992331974037,0.04824514703811176,806.1742846912193
2023-04-07,Product D,West,CUST1527,new,Robert Wilson,1,83.99975017666604,0.08545651689412405,76.82142410659158
2023-04-07,Product B,South,CUST3256,returning,Robert Wilson,4,258.5484509170979,0.01562613398113556,1018.0333527298092
2023-04-07,Product A,West,CUST3045,returning,Emily Davis,2,90.26081709303232,0.05887945291802296,169.89261912532166
2023-04-07,Product A,West,CUST3428,returning,Robert Wilson,4,115.9311883017518,0.002797189727535898,462.4276270909325
2023-04-07,Product B,South,CUST2694,returning,Robert Wilson,1,237.92987926721875,0.07922223472439287,219.0805425239647
2023-04-08,Product A,South,CUST3175,returning,Sarah Johnson,1,116.47167761466409,0.017707092191593977,114.40930288143163
2023-04-08,Product D,Central,CUST4650,returning,Robert Wilson,2,86.3939417193576,0.03138793734837649,167.36442817878222
2023-04-08,Product C,North,CUST1020,new,Emily Davis,1,541.2244556983715,0.06492427328379706,506.0858512287361
2023-04-08,Product A,West,CUST2264,returning,Emily Davis,2,97.77529449204259,0.011883913439395944,193.22668271157542
2023-04-08,Product B,North,CUST2742,returning,Emily Davis,3,213.8027608937897,0.08032590716789519,589.8865805099863
2023-04-08,Product B,Central,CUST1820,returning,Robert Wilson,4,236.33472334648445,0.062055919541899866,886.6750190781514
2023-04-08,Product A,East,CUST1579,returning,John Smith,1,114.83330485141401,0.04387622206516298,109.79485326727682
2023-04-08,Product D,South,CUST3091,returning,Robert Wilson,2,71.62745002310498,0.04556107881027133,136.72805225524704
2023-04-08,Product C,Central,CUST2366,new,Robert Wilson,4,556.7405977521951,0.07006138184075389,2070.938328587316
2023-04-08,Product E,Central,CUST3445,returning,Mike Brown,3,1363.7530365196421,0.08563001936971452,3740.9245127608747
2023-04-08,Product E,West,CUST2534,new,John Smith,3,1292.1711321026107,0.0005720931541964624,3874.295669531654
2023-04-08,Product A,South,CUST1359,returning,Sarah Johnson,3,103.61248041963047,0.04035227665072294,298.2944428358098
2023-04-08,Product E,East,CUST2336,new,Mike Brown,3,1619.1941880487439,0.08907455918497215,4424.895538540299
2023-04-08,Product B,Central,CUST1703,returning,Emily Davis,4,289.97596153682576,0.04795411251062284,1104.2816866076512
2023-04-08,Product C,North,CUST3679,new,Sarah Johnson,1,415.95268509021423,0.03354922059669888,401.9977967003334
2023-04-08,Product A,South,CUST1298,new,Emily Davis,1,93.42110765399593,0.02536968299958108,91.05104376734431
2023-04-08,Product A,North,CUST4148,new,Robert Wilson,1,118.39746287195536,0.06825821698426131,110.31586316085541
2023-04-09,Product D,North,CUST2869,new,Mike Brown,2,85.8469285274987,0.09978363962915615,154.5616190960817
2023-04-09,Product B,Central,CUST2956,new,Mike Brown,4,209.86809174838774,0.03878450996858469,806.9138426075382
2023-04-09,Product E,South,CUST1277,returning,Sarah Johnson,4,1210.3037943974218,0.0811987969045918,4448.114329613155
2023-04-09,Product D,North,CUST4672,returning,Emily Davis,3,65.02268843238754,0.06885832059788231,181.63600591852193
2023-04-09,Product A,East,CUST4956,returning,Robert Wilson,3,118.76962430147597,0.012162289068009424,351.9753413946676
2023-04-09,Product B,West,CUST1148,new,Sarah Johnson,4,224.43672285277069,0.054557434674544526,848.7681240286472
2023-04-09,Product B,South,CUST1662,returning,Emily Davis,4,236.17996798630563,0.01715129976480222,928.5166982277244
2023-04-09,Product C,East,CUST4449,new,Mike Brown,3,417.5732661863886,0.09255443258622235,1136.7750284139954
2023-04-09,Product A,West,CUST3935,returning,Emily Davis,4,85.66815352109488,0.07589864404434826,316.66422732424286
2023-04-09,Product D,West,CUST3834,returning,Mike Brown,3,62.168160367657116,0.05095132702908365,177.0018302939043
2023-04-09,Product C,West,CUST2105,returning,John Smith,3,436.69285079376976,0.061969585540429695,1228.8935274648334
2023-04-09,Product A,East,CUST3499,new,Robert Wilson,1,113.63555906845939,0.0849477949713236,103.98246889526017
2023-04-09,Product B,East,CUST4089,new,Robert Wilson,4,225.42524026145438,0.012227285272134947,890.6756061649521
2023-04-09,Product C,South,CUST2048,new,Emily Davis,3,456.44571922362223,0.04638652214288476,1305.818369285492
2023-04-09,Product C,East,CUST4619,new,Emily Davis,1,528.5768029982506,0.09406365508062431,478.8569369174041
2023-04-09,Product B,South,CUST4679,new,Mike Brown,1,259.9291582220141,0.07381918973244991,240.74139837422726
2023-04-09,Product D,North,CUST1183,returning,Emily Davis,2,78.20494286741199,0.0665781803543977,145.99640015316012
2023-04-09,Product B,West,CUST4114,new,Mike Brown,1,260.36445245059883,0.0935800976054621,235.9995215772791
2023-04-10,Product B,South,CUST3556,new,Mike Brown,2,255.3776562599248,0.02110383302086154,499.97641768991275
2023-04-10,Product E,West,CUST2150,returning,Robert Wilson,4,1257.0390739542363,0.09272648702069863,4561.913026314831
2023-04-10,Product B,South,CUST3737,returning,Emily Davis,4,271.5101338762467,0.037504069824021005,1045.3095954296907
2023-04-10,Product C,South,CUST1854,returning,Mike Brown,2,522.4158636407718,0.06341288108668029,978.5759372038483
2023-04-10,Product C,North,CUST1436,new,Sarah Johnson,1,511.55295181961236,0.028487120683547654,496.980281145102
2023-04-10,Product B,East,CUST1061,returning,Mike Brown,3,222.23530192103144,0.0948656157706565,603.4584394749451
2023-04-10,Product B,West,CUST3666,new,Mike Brown,2,276.4662555229245,0.049982225774858904,525.2957134404957
2023-04-10,Product E,South,CUST4583,returning,John Smith,2,1498.0236778180574,0.08111562615875056,2753.0210983824227
2023-04-10,Product A,South,CUST3589,new,Sarah Johnson,2,90.81876422466036,0.06031888234045188,170.68135574217564
2023-04-10,Product B,East,CUST1078,returning,Robert Wilson,3,201.6537124560671,0.02521422606646523,589.7075104891736
2023-04-10,Product C,Central,CUST1919,new,Robert Wilson,1,552.7994098639086,0.005203783769456039,549.922761267094
2023-04-10,Product A,Central,CUST1487,new,Mike Brown,1,99.73200864955837,0.0651578927980252,93.23368112143872
2023-04-10,Product A,East,CUST2430,new,Sarah Johnson,2,116.41886504685135,0.00894783829824174,230.7543357350946
2023-04-10,Product B,South,CUST3782,returning,Emily Davis,1,264.66072368392935,0.06936348407276481,246.3029337919927
2023-04-10,Product D,South,CUST2617,returning,Emily Davis,1,78.46525665795129,0.06013676269900664,73.74661013819542
2023-04-10,Product C,Central,CUST4036,returning,Emily Davis,4,551.2663572960317,0.07304981461009183,2043.985808379104
2023-04-10,Product B,Central,CUST2473,returning,Emily Davis,2,285.2956113673749,0.0394787509170714,548.0649939769373
2023-04-10,Product E,Central,CUST1505,returning,Sarah Johnson,1,1312.2256111432287,0.037485227279680455,1263.0365358673073
2023-04-10,Product A,West,CUST3874,new,Robert Wilson,1,92.83890771102003,0.07683649926926006,85.70549104652333
2023-04-10,Product C,South,CUST4730,new,Mike Brown,1,459.34125783397997,0.02893807236056947,446.04880727658525
2023-04-10,Product C,South,CUST3500,returning,Mike Brown,3,403.1294635884132,0.06056532718215968,1136.1413871882373
2023-04-10,Product A,Central,CUST1277,returning,Sarah Johnson,1,118.80229440152277,0.09660970640879096,107.3248396187009
2023-04-10,Product E,Central,CUST3093,new,John Smith,2,1703.4548991912632,0.010006467156653332,3372.818667379331
2023-04-10,Product A,South,CUST3750,new,John Smith,3,118.79283140964161,0.021746208359138777,348.62861323870646
2023-04-10,Product A,West,CUST3299,returning,John Smith,3,115.81585070573772,0.00420057674188119,345.988072010766
2023-04-11,Product B,East,CUST2062,returning,Mike Brown,4,270.14979005657835,0.08382911938541139,990.0134842159265
2023-04-11,Product A,West,CUST4031,returning,Sarah Johnson,3,105.32427290870928,0.0077823464637165945,313.51380877768395
2023-04-11,Product A,East,CUST4969,returning,Mike Brown,3,115.38898013258259,0.06014711008812074,325.3459993247765
2023-04-11,Product A,North,CUST4375,returning,John Smith,2,114.21344521209258,0.021661603577608636,223.47879767735063
2023-04-11,Product B,North,CUST1248,new,Mike Brown,4,272.64413581074166,0.07306720122398759,1010.891167507672
2023-04-11,Product B,West,CUST4131,returning,Sarah Johnson,4,247.56509844516367,0.04927604239990901,941.4642806297685
2023-04-11,Product D,North,CUST3156,returning,Robert Wilson,2,81.45005906693065,0.03666671778746331,156.92710547470256
2023-04-11,Product A,West,CUST3857,new,Robert Wilson,1,88.61927931142299,0.0822781364866168,81.32785015289211
2023-04-11,Product C,South,CUST3478,returning,John Smith,1,437.7516955868208,0.08865306707051679,398.9436651577299
2023-04-11,Product B,South,CUST4411,returning,Robert Wilson,2,288.9185699840876,0.034343058801949315,557.9924450922979
2023-04-11,Product C,Central,CUST4587,returning,Mike Brown,1,598.9398318249699,0.056553891461966016,565.0674535836924
2023-04-11,Product C,North,CUST4685,returning,John Smith,2,471.86703987745193,0.09392241361712067,855.0962971715911
2023-04-11,Product C,West,CUST4696,returning,Robert Wilson,2,439.23612138759574,0.040848738888227334,842.5877595095122
2023-04-11,Product B,South,CUST4340,returning,Mike Brown,1,205.53419985504527,0.06794085575951299,191.5700304290467
2023-04-11,Product E,East,CUST1430,returning,Robert Wilson,3,1218.9207768787344,0.012589797654172508,3610.724432824093
2023-04-11,Product A,East,CUST1517,returning,Emily Davis,2,106.889015221887,0.04129528961003446,204.9500047643356
2023-04-11,Product B,North,CUST4309,returning,Mike Brown,3,247.47277852704835,0.026605192243934483,722.6661530375867
2023-04-12,Product B,East,CUST2595,returning,Robert Wilson,2,221.32141956601444,0.040059537410527236,424.91077175831737
2023-04-12,Product C,South,CUST3210,returning,Robert Wilson,4,430.1319476415337,0.07454670382070554,1592.2681149475084
2023-04-12,Product C,Central,CUST4779,new,Sarah Johnson,1,593.9874420894182,0.08950327516051695,540.8236206181974
2023-04-12,Product B,South,CUST3277,new,John Smith,2,241.44479350354794,0.08344737434626284,442.5937188722025
2023-04-12,Product B,East,CUST1753,returning,Robert Wilson,4,223.95948829653915,0.03098397715276783,868.0813305120545
2023-04-12,Product C,Central,CUST4563,returning,Emily Davis,1,411.6861981709151,0.061301396105197185,386.4492594657971
2023-04-12,Product B,West,CUST2226,returning,Robert Wilson,4,206.28757821144876,0.012822994730377414,814.5694147324042
2023-04-12,Product B,North,CUST1227,returning,Sarah Johnson,2,273.40640350231075,0.05598861561267374,516.1975149411526
2023-04-12,Product C,South,CUST3696,new,Emily Davis,1,434.64367623738013,0.07721525048074647,401.0825559068383
2023-04-12,Product B,North,CUST2276,new,Emily Davis,4,202.83243575470277,0.04678699136339316,773.370065339326
2023-04-12,Product D,East,CUST2554,new,Emily Davis,2,76.91334902952379,0.04380317831344697,147.08859977459835
2023-04-12,Product E,West,CUST3045,returning,Robert Wilson,3,1583.2435537735425,0.09602062071864732,4293.658574974229
2023-04-12,Product C,North,CUST3713,returning,Mike Brown,4,425.70919152090215,0.08887160946127465,1551.5029220319261
2023-04-12,Product A,West,CUST2533,returning,Robert Wilson,3,104.2211709956509,0.08095872708095529,287.35067297086925
2023-04-13,Product A,South,CUST2832,new,Mike Brown,1,88.26448322723903,0.05496696690036911,83.41285229920919
2023-04-13,Product E,West,CUST3062,returning,Emily Davis,1,1670.1336099854557,0.08288971119758778,1531.6967173923765
2023-04-13,Product C,South,CUST1909,new,John Smith,3,449.0459916463358,0.004024687418820405,1341.716165679855
2023-04-13,Product B,Central,CUST4047,returning,Sarah Johnson,4,237.2337818385381,0.089584389046679,863.9253537251982
2023-04-13,Product B,West,CUST2511,returning,Robert Wilson,1,250.6371420756262,0.07184414747355414,232.63033027799477
2023-04-13,Product A,East,CUST1145,returning,Emily Davis,4,89.12355459079758,0.05568906382730944,336.6413890826958
2023-04-13,Product B,North,CUST1256,new,Robert Wilson,3,256.4339223182173,0.07922170331553519,708.3563706128534
2023-04-13,Product C,West,CUST2235,returning,John Smith,4,598.033042451081,0.04892722258976082,2275.0917866681802
2023-04-13,Product A,Central,CUST4948,new,Mike Brown,1,110.2074909699304,0.005452255887827973,109.60661152840686
2023-04-13,Product C,North,CUST4068,returning,Sarah Johnson,2,536.6777266286836,0.033902854974390974,1036.9656389896109
2023-04-13,Product D,East,CUST2890,returning,Robert Wilson,3,79.0762358199302,0.016710008776563392,233.2646136760847
2023-04-13,Product C,Central,CUST3355,new,John Smith,4,583.4091180308952,0.006952154025319546,2317.4126719302744
2023-04-13,Product B,Central,CUST1916,returning,Sarah Johnson,3,298.8675543145794,0.008127910484088775,889.315156759536
2023-04-13,Product D,East,CUST4214,returning,Emily Davis,4,89.11657544655304,0.0881197339555641,325.0545861086873
2023-04-13,Product D,Central,CUST3196,new,Emily Davis,4,72.09781263667462,0.07538034837685449,266.6522176116516
2023-04-13,Product B,East,CUST3941,returning,Emily Davis,2,247.25306353109008,0.0382034830411271,475.61427062322673
2023-04-13,Product B,West,CUST4274,returning,Mike Brown,2,284.9136636161122,0.042161969792218514,545.8022846746787
2023-04-13,Product B,South,CUST1473,new,John Smith,4,200.13679843635367,0.055340002683341494,756.244909895402
2023-04-13,Product A,North,CUST2155,new,Sarah Johnson,1,98.32267756291564,0.030879202980059597,95.28655164490742
2023-04-13,Product C,East,CUST3551,returning,Sarah Johnson,3,464.71552080790235,0.0945366372629387,1262.3486345604842
2023-04-13,Product D,East,CUST1135,new,Sarah Johnson,3,88.07716755959447,0.07329222596305693,244.8653876778919
2023-04-13,Product A,West,CUST3776,returning,Emily Davis,2,107.7473525988482,0.03145460976033576,208.71640334028424
2023-04-14,Product A,South,CUST4175,returning,Mike Brown,3,84.32641408940728,0.029731770951204696,245.45772138169374
2023-04-14,Product A,West,CUST2358,new,John Smith,2,83.65235510312642,0.0321588264224049,161.92438707107922
2023-04-14,Product D,North,CUST2024,returning,Robert Wilson,3,76.61321862883315,0.09830804459530004,207.24456874584104
2023-04-14,Product C,West,CUST4329,returning,Robert Wilson,3,568.0154319375448,0.03110103384892601,1651.0486942864288
2023-04-14,Product C,North,CUST2825,returning,Sarah Johnson,1,422.2194417691981,0.09587546162149037,381.73895788400824
2023-04-14,Product A,North,CUST1575,returning,Robert Wilson,2,115.899315391817,0.034443828842851,223.8145984189153
2023-04-14,Product A,North,CUST4743,new,John Smith,4,98.63485234785475,0.051800233639658445,374.10217580489063
2023-04-14,Product E,East,CUST3517,new,John Smith,3,1501.441676088076,0.03175456576553381,4361.292142924872
2023-04-14,Product A,South,CUST3470,returning,Sarah Johnson,4,107.76907264166817,0.0008236241591960125,430.7212457193054
2023-04-14,Product E,West,CUST1761,returning,John Smith,1,1556.9133008778135,0.0011626601285366633,1555.1031398592945
2023-04-14,Product C,West,CUST1252,returning,Robert Wilson,1,435.4387624968076,0.09319026844206034,394.86010732965156
2023-04-14,Product E,West,CUST1171,returning,Mike Brown,1,1424.7216914706246,0.05558404876834986,1345.5298914905954
2023-04-14,Product E,West,CUST1035,returning,Sarah Johnson,3,1531.0505297637308,0.06872766117204315,4277.475023150556
2023-04-15,Product A,West,CUST1904,returning,Robert Wilson,4,85.09683133437596,0.016009613765744456,334.9378557280956
2023-04-15,Product A,North,CUST1562,new,Mike Brown,3,106.47562218803601,0.009242110045317864,316.4746883118915
2023-04-15,Product C,North,CUST1094,returning,Robert Wilson,2,423.8500335362934,0.016762197075540133,833.4907514873674
2023-04-15,Product A,Central,CUST2447,returning,Sarah Johnson,3,86.44654751584645,0.07272646585927497,240.47878688784917
2023-04-15,Product B,Central,CUST1143,returning,Sarah Johnson,1,220.80495482251004,0.020446672019757552,216.2902283309168
2023-04-15,Product B,Central,CUST1815,returning,Mike Brown,3,259.9175635210578,0.09543646155515045,705.335852887716
2023-04-15,Product C,North,CUST2796,returning,Emily Davis,2,582.0822179156232,0.08887867667162175,1060.6950413464
2023-04-15,Product C,North,CUST3491,returning,Mike Brown,2,504.6366135036432,0.07569947594896556,932.8717726335135
2023-04-15,Product D,North,CUST3470,new,Sarah Johnson,3,88.69691785683507,0.06884877913115593,247.77073004908667
2023-04-15,Product C,South,CUST3867,returning,Emily Davis,1,529.1208225689254,0.042638989476942515,506.5596453833778
2023-04-15,Product A,West,CUST3541,returning,Sarah Johnson,4,113.7332941956775,0.021053914683784293,445.3550524919039
2023-04-15,Product D,East,CUST4477,returning,John Smith,3,75.7754890879144,0.09792482787019853,205.0655620866008
2023-04-15,Product B,South,CUST3690,returning,John Smith,1,255.86814439372336,0.03165070488750267,247.7697372654047
2023-04-15,Product B,Central,CUST4019,returning,Sarah Johnson,2,233.16902516733856,0.030390087697246826,452.1659960884432
2023-04-15,Product A,West,CUST4788,returning,Emily Davis,4,85.53770537862162,0.049060968831173946,325.3645707246037
2023-04-15,Product C,East,CUST1986,returning,Sarah Johnson,3,407.11037550981104,0.07910298770117513,1124.720185448513
2023-04-15,Product A,North,CUST3354,returning,Mike Brown,4,93.87428043715558,0.012874256213317692,370.6628755958672
2023-04-15,Product A,South,CUST3339,returning,Sarah Johnson,3,98.19640579471371,0.08301389022766537,270.1342204299602
2023-04-15,Product D,North,CUST3355,returning,Robert Wilson,1,84.05838960135209,0.06566569566228452,78.53863697192796
2023-04-15,Product B,East,CUST3861,returning,Emily Davis,2,215.3974351165684,0.04030354889346852,413.43230811764016
2023-04-15,Product C,North,CUST1582,returning,Mike Brown,1,538.7974139638638,0.026547322499764894,524.4937852533259
2023-04-15,Product B,Central,CUST1958,returning,Mike Brown,1,240.8221822588232,0.07432991723069791,222.9218893842088
2023-04-16,Product C,East,CUST1354,new,Sarah Johnson,2,513.3798470063635,0.05424458060772069,971.0635450260952
2023-04-16,Product E,West,CUST1359,returning,Sarah Johnson,2,1544.9720959377848,0.039820996411799515,2966.899535298232
2023-04-16,Product A,North,CUST3646,returning,Mike Brown,2,80.8111989506968,0.024280149982627522,157.69818183979586
2023-04-16,Product D,Central,CUST1114,returning,Mike Brown,1,60.134450799765865,0.0774020922965081,55.479918488762564
2023-04-16,Product E,North,CUST3556,returning,Robert Wilson,3,1746.4510876428883,0.014508944663913826,5163.335776362136
2023-04-16,Product D,West,CUST2332,returning,John Smith,1,70.89386131468908,0.011542756070426775,70.07555076664296
2023-04-16,Product A,East,CUST4780,returning,Sarah Johnson,1,95.44529799308646,0.02548819564111836,93.01256956481383
2023-04-16,Product A,North,CUST4553,new,Sarah Johnson,1,111.774093169907,0.044852560788248244,106.76073886145242
2023-04-16,Product B,South,CUST4550,returning,Mike Brown,1,297.2048964775714,0.07233586117188129,275.70632434636644
2023-04-16,Product D,South,CUST2753,new,Mike Brown,1,76.29834089754317,0.07518263884262533,70.56203028955167
2023-04-16,Product A,West,CUST4370,returning,Emily Davis,4,103.4545656529181,0.00398390908380597,412.169648276209
2023-04-16,Product E,West,CUST4829,returning,Mike Brown,3,1719.0896008628229,0.07809331797904943,4754.520570084496
2023-04-16,Product A,West,CUST3566,returning,Mike Brown,1,114.67154392600966,0.028165300968446383,111.44178537881719
2023-04-16,Product E,North,CUST2871,new,Robert Wilson,4,1721.1026343580627,0.07146874494349541,6392.390356646193
2023-04-16,Product D,South,CUST1212,returning,John Smith,1,87.65722166145704,0.05834154352601241,82.54316404852582
2023-04-16,Product C,East,CUST2891,new,Emily Davis,1,560.3315525616129,0.027737581333330142,544.789310548804
2023-04-16,Product B,Central,CUST1595,returning,Emily Davis,1,239.6220144481781,0.06617651547273959,223.7646645014392
2023-04-17,Product B,West,CUST2315,returning,Emily Davis,2,204.58520183747018,0.04106762482827003,392.36674704598613
2023-04-17,Product B,North,CUST4884,returning,Sarah Johnson,2,233.13941389426373,0.056152459877314514,440.0961246194909
2023-04-17,Product A,East,CUST3529,new,Emily Davis,2,80.62429746621044,0.04712366872916477,153.6499695617822
2023-04-17,Product D,South,CUST4447,new,Sarah Johnson,2,85.31005126258323,0.030126339785336256,165.47994334228437
2023-04-17,Product E,East,CUST2067,returning,Robert Wilson,1,1646.6021056930201,0.03041100073428369,1596.5272878477165
2023-04-17,Product C,West,CUST1105,returning,Mike Brown,3,546.5537669999804,0.04702489856599762,1562.5563946378277
2023-04-17,Product A,South,CUST2075,new,Mike Brown,2,100.36454769955516,0.030641166735394656,194.57852171834125
2023-04-17,Product D,West,CUST4647,new,Robert Wilson,3,75.23352560853363,0.04262314582647643,216.08050822644344
2023-04-17,Product A,South,CUST4629,returning,Emily Davis,4,81.6523256768586,0.03912768554069456,313.8298366164324
2023-04-17,Product E,East,CUST2566,new,Mike Brown,3,1695.4550745701808,0.09291163526913257,4613.782713199548
2023-04-17,Product A,South,CUST4796,new,John Smith,2,103.17793676994759,0.08347984925799405,189.12931632328306
2023-04-17,Product D,East,CUST4788,returning,Sarah Johnson,4,83.04743332938949,0.024026467561217714,324.2083874658341
2023-04-17,Product C,South,CUST2053,new,Emily Davis,3,518.5908545854807,0.03830628121344674,1496.1767024250228
2023-04-17,Product B,North,CUST1566,new,John Smith,3,256.10528395238794,0.02061461602801641,752.47731558289
2023-04-17,Product A,South,CUST2072,new,Robert Wilson,3,119.36072600785441,0.06910736066045696,333.3360638008069
2023-04-17,Product B,South,CUST2521,new,Mike Brown,2,237.15858409125352,0.059323772156541735,446.1788845673119
2023-04-17,Product B,North,CUST1896,new,Robert Wilson,3,245.50110323069575,0.07862968850860544,678.5922838654415
2023-04-17,Product B,East,CUST4892,returning,Mike Brown,2,250.17029841763488,0.04470615555408236,477.9722922831298
2023-04-18,Product E,East,CUST2105,new,Emily Davis,2,1605.2127762051955,0.024209895732634403,3132.70148452915
2023-04-18,Product A,North,CUST3426,returning,Mike Brown,2,108.02818304749474,0.06562279904088067,201.87814260123503
2023-04-18,Product A,Central,CUST3134,returning,John Smith,4,112.81380060190122,0.04949425419019689,428.92066271499414
2023-04-18,Product E,South,CUST3309,new,John Smith,3,1316.029595699295,0.07451327484984,3653.9037621732887
2023-04-18,Product B,East,CUST1948,returning,Mike Brown,1,222.44252224955332,0.05113245436611265,211.06849013154502
2023-04-18,Product B,East,CUST1544,returning,Emily Davis,3,289.869305380216,0.07028992828234144,808.4832380813655
2023-04-18,Product D,West,CUST1222,returning,Sarah Johnson,3,70.35823483255714,0.08730356015261367,192.64713133686382
2023-04-18,Product B,Central,CUST3820,returning,Mike Brown,3,285.73278235335533,0.07935911972023235,789.1718408117409
2023-04-18,Product C,East,CUST3187,returning,Robert Wilson,2,528.3239997428818,0.08607266622066305,965.6994889132942
2023-04-18,Product A,West,CUST4363,returning,Sarah Johnson,4,119.17803052451295,0.043124579118027695,456.1541124721115
2023-04-18,Product B,West,CUST3096,new,Emily Davis,1,206.51345014439613,0.043307450514456516,197.56987912169802
2023-04-18,Product A,East,CUST3980,new,Emily Davis,1,116.97488185439853,0.02191843456523317,114.41097556069703
2023-04-18,Product C,Central,CUST3680,returning,Robert Wilson,1,484.26796332220965,0.017444656619094258,475.8200749904256
2023-04-18,Product B,South,CUST3858,returning,Robert Wilson,2,270.7120613944381,0.09046560624088297,492.4438612873422
2023-04-18,Product B,West,CUST1258,returning,John Smith,3,249.1916419752377,0.041077708952429064,716.866260698403
2023-04-18,Product C,Central,CUST3677,returning,Mike Brown,2,520.091137455029,0.035247544159569946,1003.5184042411637
2023-04-18,Product E,East,CUST2746,returning,Mike Brown,4,1366.296368306517,0.0894378098761999,4976.391253933506
2023-04-18,Product B,Central,CUST1607,returning,Sarah Johnson,2,279.10721434781124,0.0015415166076539256,557.3539318831562
2023-04-18,Product C,East,CUST2837,returning,Emily Davis,3,548.555328221579,0.07972590256481075,1514.4637787171328
2023-04-19,Product E,South,CUST1237,returning,Mike Brown,1,1304.1835875752474,0.004558098707818259,1298.238990049963
2023-04-19,Product A,North,CUST3273,returning,Sarah Johnson,3,82.58801322015954,0.07528694445035707,229.11064216976408
2023-04-19,Product A,East,CUST1111,new,Robert Wilson,2,93.53855004967322,0.07257588754532755,173.4998135202303
2023-04-19,Product A,North,CUST2991,returning,Robert Wilson,2,101.97100032512994,0.006242518368251338,202.6688889651427
2023-04-19,Product A,North,CUST3340,new,Sarah Johnson,3,99.85457489865229,0.09448890262149537,271.25827708422815
2023-04-19,Product A,North,CUST3192,returning,John Smith,1,81.13935242197087,0.014447569659460535,79.96708597573092
2023-04-19,Product C,South,CUST4590,returning,John Smith,2,477.53198011175976,0.0625556439722489,895.3193191570509
2023-04-19,Product A,North,CUST4760,returning,Robert Wilson,4,108.39581733525814,0.09345369816412033,393.06330935902326
2023-04-19,Product A,East,CUST3991,returning,Emily Davis,3,108.61827821439265,0.010533389424496432,322.42247877402644
2023-04-19,Product B,North,CUST2395,returning,Mike Brown,4,227.07337324217326,0.06969932340708007,844.9860510537217
2023-04-19,Product E,North,CUST4240,returning,Emily Davis,4,1277.1463564781272,0.06551721431779194,4773.885139702251
2023-04-19,Product A,East,CUST4270,returning,Robert Wilson,1,118.39099927065273,0.04842130657597907,112.65835239913193
2023-04-19,Product C,West,CUST1914,returning,Sarah Johnson,1,469.9544913790157,0.0044395264969327,467.86811596218604
2023-04-19,Product B,East,CUST2597,returning,Mike Brown,3,252.91032676604385,0.05437984948046079,717.4713037933566
2023-04-19,Product E,East,CUST4526,new,John Smith,2,1740.8321140863943,0.05516552487904565,3289.596393573039
2023-04-19,Product C,North,CUST2099,returning,John Smith,3,406.9500163468092,0.0722461310338954,1132.6483564247153
2023-04-19,Product B,West,CUST2165,returning,Robert Wilson,1,264.6672753159905,0.07416608094763182,245.0379407507156
2023-04-19,Product A,West,CUST3717,returning,Sarah Johnson,3,84.2555362165631,0.008148997730927655,250.70681412934871
2023-04-19,Product A,South,CUST2868,returning,John Smith,3,99.06847727427257,0.0875329082637908,271.19017602357064
2023-04-19,Product B,West,CUST2771,returning,Emily Davis,2,272.83155104937345,0.00941696982472372,540.5246091318179
2023-04-19,Product B,West,CUST3737,new,John Smith,4,218.59534453910268,0.07732762226668151,806.7675452293114
2023-04-20,Product C,North,CUST3799,new,John Smith,1,459.0754007681232,0.04052695702327367,440.47047173075134
2023-04-20,Product C,South,CUST3477,new,Sarah Johnson,3,539.4279627891566,0.02156863139098707,1583.3797196932987
2023-04-20,Product E,East,CUST1586,returning,Mike Brown,4,1437.54669045761,0.0029780787320920934,5733.062252929476
2023-04-20,Product B,North,CUST1442,returning,Emily Davis,2,247.4160174518125,0.06244249271843925,463.9334891673049
2023-04-20,Product C,Central,CUST2562,returning,Mike Brown,3,506.2006259485925,0.058123634485446544,1430.3352173689568
2023-04-20,Product C,South,CUST4581,returning,Mike Brown,1,537.8680231265209,0.057033242620124804,507.1916656659392
2023-04-20,Product C,South,CUST1339,returning,John Smith,4,418.7927590820766,0.007417263028492238,1662.7458521341475
2023-04-20,Product B,East,CUST4016,returning,Robert Wilson,1,240.15162541846018,0.05892717612370867,226.00016829103166
2023-04-20,Product B,South,CUST4174,new,John Smith,3,250.9211585246043,0.012176637759956544,743.5973474128247
2023-04-20,Product C,South,CUST3542,returning,Sarah Johnson,1,467.8148296963552,0.012151116953766618,462.13035698800843
2023-04-20,Product D,South,CUST3293,new,Mike Brown,4,63.544666498333626,0.002465605570689289,253.55196165851095
2023-04-20,Product B,East,CUST3531,returning,John Smith,4,228.00532056165565,0.06421291468642604,853.4577374575153
2023-04-20,Product B,South,CUST3118,returning,Mike Brown,1,262.76303549017877,0.030929306372303,254.63595706218672
2023-04-21,Product D,South,CUST3467,returning,Mike Brown,2,87.41388778279887,0.07817458588152745,161.1606866101685
2023-04-21,Product D,South,CUST4314,returning,Emily Davis,2,62.003912317865165,0.059520018090543775,116.62687667004269
2023-04-21,Product A,East,CUST3672,returning,Emily Davis,1,80.50370450669979,0.09338180168072821,72.9861235378912
2023-04-21,Product B,North,CUST2960,returning,Emily Davis,3,207.2682155840811,0.09238272063646527,564.3606417808749
2023-04-21,Product B,North,CUST2183,returning,John Smith,2,264.8497597547204,0.09575272278108467,478.97934826057957
2023-04-21,Product B,East,CUST2598,new,Emily Davis,1,214.9384546771228,0.009345391266887793,212.92977071986485
2023-04-21,Product A,South,CUST3261,returning,Emily Davis,1,81.34236726589005,0.014089963807312611,80.19625625511253
2023-04-21,Product C,South,CUST3379,returning,John Smith,1,593.6316332455032,0.07869568104790414,546.9153875756687
2023-04-21,Product C,North,CUST1178,new,Emily Davis,2,418.99732899546245,0.0873243945741321,764.8172818255105
2023-04-21,Product C,West,CUST3413,returning,Sarah Johnson,3,533.2610646256585,0.030272937718970716,1551.3530568848817
2023-04-21,Product C,Central,CUST4882,returning,Robert Wilson,4,427.94048565838045,0.07789885058996088,1578.4176548187318
2023-04-21,Product A,South,CUST2958,returning,John Smith,4,81.43959315474672,0.07446314438540484,301.50137988390475
2023-04-21,Product E,North,CUST3556,returning,Sarah Johnson,2,1327.8078504195455,0.004781106370247978,2642.9189196948787
2023-04-21,Product A,East,CUST2160,returning,Sarah Johnson,2,105.45377261272357,0.00989044465370511,208.82157582234603
2023-04-21,Product A,West,CUST3643,returning,Mike Brown,2,92.45622580179513,0.07532595385958188,170.98374480603604
2023-04-21,Product B,East,CUST3959,returning,Sarah Johnson,4,252.79091978315682,0.0805763832543007,929.687766990008
2023-04-21,Product D,Central,CUST1459,returning,Sarah Johnson,1,85.3904633959927,0.0087953008368729,84.63942858182496
2023-04-21,Product A,West,CUST3368,new,John Smith,4,97.47111532085032,0.07768313694482887,359.597013284862
2023-04-22,Product C,North,CUST1240,returning,Robert Wilson,2,587.4176796212992,0.041967229215726834,1125.5307744305235
2023-04-22,Product B,South,CUST2657,returning,John Smith,3,232.58300199373943,0.009066208850933833,691.4230677674611
2023-04-22,Product A,Central,CUST3545,returning,Mike Brown,3,115.65374419520094,0.04736911322907005,330.5259866731577
2023-04-22,Product A,Central,CUST3448,returning,Emily Davis,1,81.96235414985058,0.047353964689889054,78.08111172553838
2023-04-22,Product A,Central,CUST4905,returning,John Smith,4,81.31630091923887,0.07718097762699956,300.16091726912293
2023-04-22,Product D,West,CUST4152,returning,John Smith,3,60.22210375934674,0.013688031969182769,178.19334503351206
2023-04-22,Product B,Central,CUST2506,returning,Emily Davis,4,243.3543102803801,0.07589344062270535,899.5412575313467
2023-04-22,Product B,East,CUST4574,new,Sarah Johnson,1,243.39758491202952,0.0653565152681102,227.48996693750533
2023-04-22,Product D,Central,CUST2528,returning,Mike Brown,3,73.06819492442898,0.07295099999587672,203.21339111039472
2023-04-22,Product C,North,CUST2005,returning,Emily Davis,2,442.69947878219915,0.06112143311988301,831.2821043952117
2023-04-22,Product B,East,CUST3853,returning,Sarah Johnson,4,272.8834147122303,0.09910853381353595,983.3533583122804
2023-04-22,Product E,Central,CUST4098,returning,Mike Brown,3,1448.186852907239,0.07499904321417035,4018.7226736315665
2023-04-22,Product B,Central,CUST4256,returning,Emily Davis,4,262.1717185203842,0.01698828751608249,1030.871479950298
2023-04-22,Product C,East,CUST4403,returning,Emily Davis,2,486.4167425704136,0.021766587606593824,951.6582198598815
2023-04-23,Product A,East,CUST2303,returning,Sarah Johnson,2,98.72870384351876,0.020144648164579382,193.47969768169224
2023-04-23,Product B,South,CUST2323,returning,Emily Davis,1,206.17938107400207,0.0371174120689113,198.52653602656525
2023-04-23,Product A,Central,CUST4181,returning,Emily Davis,2,103.92951039407585,0.03614510847745417,200.34593393374655
2023-04-23,Product A,Central,CUST3732,new,John Smith,3,104.6439424859742,0.03308668970457281,303.5448624944328
2023-04-23,Product B,West,CUST4183,returning,Robert Wilson,1,256.970463203541,0.0773308670197597,237.0987144855419
2023-04-23,Product D,North,CUST1526,returning,Sarah Johnson,3,67.4143521009088,0.05558710963965052,191.00094935816875
2023-04-23,Product E,South,CUST1063,returning,Sarah Johnson,1,1580.6718838533618,0.03356941423103841,1527.6096546209324
2023-04-23,Product A,Central,CUST1935,returning,Sarah Johnson,3,113.46375116523804,0.005690148049762156,338.45437686847936
2023-04-23,Product B,West,CUST3068,returning,Robert Wilson,3,268.00610283068363,0.06277986477030377,753.5421478120716
2023-04-23,Product B,West,CUST3017,new,Sarah Johnson,1,288.9735334783057,0.072224857808426,268.10246111243663
2023-04-23,Product D,West,CUST1937,returning,Robert Wilson,3,84.69084926387292,0.0318110742408317,245.99022711126233
2023-04-23,Product A,North,CUST2168,returning,Mike Brown,3,102.61155839815927,0.0639424640176571,288.15096755246776
2023-04-23,Product C,North,CUST3259,returning,Sarah Johnson,4,542.2908483728459,0.06699426133637663,2023.84189422652
2023-04-23,Product D,North,CUST2135,returning,Robert Wilson,2,69.39483428586537,0.0516800594690624,131.61701024625225
2023-04-23,Product A,North,CUST1289,returning,Sarah Johnson,4,105.44161420527543,0.059440938380907304,396.69626285006495
2023-04-23,Product E,Central,CUST1899,returning,Robert Wilson,1,1354.659532117334,0.011396198135815229,1339.221563682754
2023-04-23,Product A,North,CUST2252,returning,Emily Davis,1,104.65178850923138,0.0006087530975590006,104.58808140881129
2023-04-23,Product D,North,CUST1915,returning,John Smith,4,84.6477472235274,0.0920389831500037,307.42741857254157
2023-04-23,Product B,North,CUST4685,returning,Emily Davis,3,288.83108221491324,0.0961578971038916,783.1730781926578
2023-04-24,Product E,West,CUST2345,returning,Sarah Johnson,4,1379.815059524739,0.02978500112861028,5354.869065678085
2023-04-24,Product A,North,CUST2411,returning,Robert Wilson,4,82.87230181781877,0.05585734217082661,312.9731011947874
2023-04-24,Product D,Central,CUST2081,returning,Sarah Johnson,4,67.61632644916965,0.06697230078311506,252.35162198546624
2023-04-24,Product A,South,CUST2906,new,Emily Davis,2,105.13981720356247,0.09637751822072285,190.01340511060533
2023-04-24,Product B,West,CUST4798,new,John Smith,1,267.903716542244,0.04423244033662102,256.05368138433016
2023-04-24,Product B,West,CUST4066,returning,Sarah Johnson,4,263.1991344131469,0.05649999711819157,993.3135363091744
2023-04-24,Product A,South,CUST1214,returning,John Smith,1,105.57563543612005,0.02475583956353089,102.96202194344563
2023-04-24,Product C,West,CUST3344,returning,Robert Wilson,4,507.6388743368806,0.06562398932483586,1897.302345066102
2023-04-24,Product C,East,CUST3237,new,Robert Wilson,2,484.9122476413114,0.07599971583309685,896.1181092331669
2023-04-24,Product C,Central,CUST1386,new,Mike Brown,2,472.4357515116292,0.031867515373286574,914.7607958748843
2023-04-24,Product A,West,CUST4660,new,Robert Wilson,2,118.80657858096342,0.018691196479057592,233.17188295540407
2023-04-24,Product A,Central,CUST4724,new,Emily Davis,3,84.95756777057758,0.07956990326714873,234.59250696378146
2023-04-24,Product E,North,CUST1429,new,Sarah Johnson,1,1336.2894533021679,0.0819480721700622,1226.783108742869
2023-04-24,Product A,South,CUST2699,returning,John Smith,1,84.62226795345356,0.045837703913866074,80.74337749048331
2023-04-24,Product C,South,CUST2094,returning,Mike Brown,1,430.57742312959965,0.049461801511003226,409.28028809164414
2023-04-24,Product A,Central,CUST3717,returning,Sarah Johnson,2,112.76922307360408,0.025689780604456328,219.7444129478164
2023-04-24,Product E,Central,CUST2593,returning,John Smith,3,1250.0831667248428,0.06664266141489131,3500.322892513032
2023-04-24,Product B,West,CUST2776,returning,John Smith,3,262.677697404623,0.029730059922563935,764.6048211613873
2023-04-24,Product C,Central,CUST4769,new,Sarah Johnson,1,441.12098380782663,0.031879836175055125,427.058119110654
2023-04-25,Product D,South,CUST1361,returning,Sarah Johnson,2,88.33313887064979,0.09505503719437564,159.87325813960845
2023-04-25,Product C,Central,CUST2659,returning,Sarah Johnson,4,441.31782243451846,0.03100218462161024,1710.5440233063862
2023-04-25,Product B,West,CUST2391,returning,John Smith,4,281.31202726214195,0.06694700039185991,1049.9161234511537
2023-04-25,Product A,South,CUST4318,returning,Robert Wilson,2,89.62690999381148,0.09602523252014376,162.0409302431875
2023-04-25,Product B,Central,CUST4151,returning,Sarah Johnson,3,227.93181290632813,0.0032119756067814477,681.5991044497906
2023-04-25,Product A,Central,CUST3699,returning,Sarah Johnson,3,89.9362242098742,0.0021439866623113256,269.2302064341288
2023-04-25,Product B,North,CUST2138,new,Robert Wilson,3,201.96322713876535,0.048642583502607174,576.4176419946358
2023-04-25,Product A,West,CUST1275,returning,Robert Wilson,3,102.47592412005706,0.07927004505613187,283.05795899367416
2023-04-25,Product B,North,CUST2798,returning,Sarah Johnson,2,260.10767990063925,0.048390349302184145,495.04195682813327
2023-04-25,Product A,North,CUST2107,new,Mike Brown,1,104.63728028346675,0.08867343919459045,95.35873277276345
2023-04-25,Product D,North,CUST3138,returning,Robert Wilson,1,68.27832442237938,0.03913328364661927,65.60636938584251
2023-04-25,Product B,North,CUST3390,new,Mike Brown,3,282.8322968641843,0.05408122824824353,802.609136584492
2023-04-25,Product A,East,CUST4008,new,Emily Davis,3,88.07752647767464,0.03303110053968466,255.50468653591153
2023-04-25,Product C,Central,CUST2275,returning,Sarah Johnson,4,552.4342210967355,0.06132732693265346,2074.219628043001
2023-04-25,Product A,East,CUST2406,returning,John Smith,2,86.75888600151562,0.019583924189423375,170.11961311060622
2023-04-25,Product B,West,CUST2345,new,Sarah Johnson,2,273.4373478676774,0.08285385759270494,501.56401757384384
2023-04-25,Product C,North,CUST3981,returning,John Smith,3,458.52254548469307,0.07685751724093985,1269.8449231192308
2023-04-26,Product E,South,CUST1363,new,Mike Brown,3,1539.004969591699,0.05792200352275578,4349.58815496441
2023-04-26,Product B,West,CUST4680,returning,Mike Brown,1,269.4066074855957,0.08828117988673707,245.62307430748427
2023-04-26,Product C,East,CUST3219,new,Emily Davis,1,543.1700031053622,0.09245702196867338,492.95012219552535
2023-04-26,Product D,North,CUST1466,new,Mike Brown,4,62.77666337583086,0.01946192543245652,246.21963453724806
2023-04-26,Product C,West,CUST1029,returning,John Smith,2,597.1948635371039,0.012155076073091055,1179.8718290807021
2023-04-26,Product B,West,CUST4986,returning,Robert Wilson,1,202.71740362939218,0.06537995093336167,189.46374972676404
2023-04-26,Product D,Central,CUST1739,new,John Smith,3,61.789187538863146,0.008321770274007045,183.82497634424158
2023-04-26,Product A,North,CUST4687,new,Robert Wilson,3,109.03574642334542,0.03424328083823768,315.90601421149177
2023-04-26,Product A,South,CUST3398,new,John Smith,3,103.97516889044407,0.025256107126952546,304.04748265921205
2023-04-26,Product A,South,CUST4656,new,Mike Brown,2,102.99642352828424,0.07929936513925114,189.65774506175575
2023-04-26,Product A,West,CUST3452,returning,Robert Wilson,2,110.9259440332596,0.05604734821735018,209.4176780433784
2023-04-26,Product B,Central,CUST2848,new,Robert Wilson,3,225.6573225990047,0.08646777525856504,618.4357078291932
2023-04-26,Product E,South,CUST1686,returning,Sarah Johnson,1,1789.9295919922474,0.04917125734900721,1701.9165033877932
2023-04-26,Product A,Central,CUST3296,new,Sarah Johnson,1,81.48701152198583,0.020557172534840663,79.81186896677983
2023-04-26,Product A,South,CUST4235,returning,Robert Wilson,4,95.11542563090896,0.002213327555811806,379.6196161535092
2023-04-26,Product D,East,CUST3553,returning,Robert Wilson,3,66.32041191982688,0.02053398793390565,194.8757681450805
2023-04-26,Product D,West,CUST3339,returning,Robert Wilson,3,81.45316840854267,0.0510069188950708,231.89547976134477
2023-04-26,Product C,South,CUST3686,returning,Mike Brown,2,435.07771704398886,0.09955492647395692,783.527173826435
2023-04-26,Product A,South,CUST3562,returning,John Smith,1,107.33443179493452,0.09310285962775627,97.34128925830574
2023-04-26,Product B,South,CUST1215,new,Mike Brown,1,260.83842168165256,0.0009205667390642992,260.5983025063824
2023-04-26,Product A,West,CUST1102,new,Emily Davis,1,85.15749221679269,0.026128736033683788,82.93243458136963
2023-04-26,Product B,South,CUST1385,returning,Sarah Johnson,2,255.0038740998604,0.08553144643629385,466.3860478024816
2023-04-26,Product A,East,CUST2701,returning,Mike Brown,1,112.77752327173071,0.01767602291010493,110.7840651866347
2023-04-26,Product A,West,CUST3861,returning,Robert Wilson,1,114.48074556042667,0.021992454803937425,111.96303293776792
2023-04-27,Product A,South,CUST4615,returning,Sarah Johnson,4,91.6989613289423,0.08510918822321445,335.5781486772964
2023-04-27,Product A,East,CUST2332,new,Robert Wilson,1,102.76699164785627,0.06431786168698958,96.15723849306144
2023-04-27,Product A,South,CUST3351,new,Sarah Johnson,1,80.88638142178087,0.07984945335265625,74.42764808157722
2023-04-27,Product D,South,CUST1888,new,John Smith,1,67.77676461435475,0.07123940284729217,62.94838837630663
2023-04-27,Product A,Central,CUST1113,new,Robert Wilson,2,92.946511241432,0.04729140445341386,177.10188037155933
2023-04-27,Product B,South,CUST1541,returning,Sarah Johnson,1,278.99120017028457,0.0805952968377483,256.5058215774408
2023-04-27,Product D,South,CUST4721,new,John Smith,1,83.90734697227889,0.014280992578266961,82.7090667729057
2023-04-27,Product C,West,CUST4137,new,Robert Wilson,1,495.36856078309194,0.09334727919475579,449.1272534353683
2023-04-27,Product A,Central,CUST2679,new,Mike Brown,1,101.96622763160957,0.015637361253330696,100.37174489449474
2023-04-27,Product E,South,CUST3691,returning,Sarah Johnson,2,1650.6890206935493,0.0037180734941264838,3289.103275197326
2023-04-27,Product D,East,CUST1826,returning,Emily Davis,3,68.23910639450949,0.08210722230570189,187.90854874749917
2023-04-27,Product C,East,CUST1146,new,John Smith,1,412.84704961148424,0.09161491964470574,375.0241003357743
2023-04-27,Product B,South,CUST2292,returning,Robert Wilson,4,294.5844409062715,0.029626983595446944,1143.42717003227
2023-04-27,Product A,East,CUST2378,returning,Mike Brown,4,99.8438842562827,0.08133433290451084,366.89259414281105
2023-04-28,Product D,South,CUST2553,returning,Sarah Johnson,2,65.88861600429229,0.0753503901107308,121.84776616902543
2023-04-28,Product C,West,CUST4674,new,Robert Wilson,4,480.2650887882448,0.025299974051184705,1872.457578016849
2023-04-28,Product C,West,CUST2518,returning,Robert Wilson,3,462.93779477426534,0.09951718223740377,1250.602589661399
2023-04-28,Product E,South,CUST2616,returning,Mike Brown,3,1243.1316737113223,0.033956484556352876,3602.757876694292
2023-04-28,Product B,West,CUST1954,new,John Smith,1,218.71521925989302,0.0874933324350649,199.5790958725791
2023-04-28,Product C,South,CUST4862,returning,Mike Brown,3,593.8743355459746,0.06013083638147041,1674.4925251323154
2023-04-28,Product D,East,CUST2194,new,Robert Wilson,3,87.20689174901483,0.026357295091860102,254.7250619074264
2023-04-28,Product A,East,CUST4936,new,Emily Davis,1,99.75565408824993,0.04206822370409285,95.55911091631732
2023-04-28,Product A,Central,CUST1114,new,John Smith,2,102.01182092732519,0.03555435062567456,196.76971375622307
2023-04-28,Product B,East,CUST4223,returning,Robert Wilson,3,256.17554525443904,0.04342366966113958,735.1543890061439
2023-04-28,Product A,North,CUST1939,returning,John Smith,2,95.06954981323818,0.03092688787921897,184.2586890108727
2023-04-28,Product C,South,CUST3215,returning,Mike Brown,1,416.0065139531873,0.07199892310327242,386.05449294461135
2023-04-28,Product C,West,CUST3376,returning,Emily Davis,4,418.9370749455846,0.08701054583441044,1529.9405255371917
2023-04-28,Product A,North,CUST3289,new,Mike Brown,4,83.15128284015658,0.06763895694084344,310.1080672022214
2023-04-28,Product C,West,CUST1155,returning,Mike Brown,1,430.31758238046393,0.09479373463796514,389.5261716662395
2023-04-28,Product B,South,CUST1064,returning,Mike Brown,1,252.22789862889462,0.0036252317514794854,251.31351404217622
2023-04-28,Product A,West,CUST4825,returning,Robert Wilson,1,90.70286165512883,0.08620177161300169,82.88411429008772
2023-04-28,Product A,East,CUST4476,returning,Robert Wilson,1,106.73460906361731,0.07733040401143754,98.48077862272494
2023-04-28,Product D,South,CUST1052,returning,John Smith,1,84.39315141332531,0.06511923081508607,78.89753430722847
2023-04-28,Product B,North,CUST2068,returning,Mike Brown,4,242.2023565969687,0.05420353855061182,916.2965272964636
2023-04-28,Product D,East,CUST4119,returning,Robert Wilson,2,78.47328944092956,0.09891841643660959,141.4216718337222
2023-05-01,Product C,South,CUST4308,new,Emily Davis,3,406.676140666923,0.09760951791114886,1100.9420358913742
2023-05-01,Product A,Central,CUST3575,returning,Robert Wilson,2,112.56715586549521,0.08189071135374598,206.69790279320364
2023-05-01,Product E,South,CUST1178,returning,Sarah Johnson,3,1719.669226935174,0.00915920341444687,5111.75528004033
2023-05-01,Product E,Central,CUST3207,returning,Mike Brown,1,1377.183725064619,0.051864628942166924,1305.7566021789514
2023-05-01,Product B,Central,CUST3143,returning,John Smith,4,279.60367599017644,0.05275259236745986,1059.4154289848934
2023-05-01,Product B,East,CUST4041,new,Robert Wilson,2,290.64471318940434,0.02075301354128022,569.2259190417662
2023-05-01,Product A,West,CUST1232,returning,Sarah Johnson,3,116.23088383142104,0.06358971171706111,326.5193863078853
2023-05-01,Product E,Central,CUST1728,new,Robert Wilson,4,1283.1040666950955,0.04458879554219567,4903.568007223473
2023-05-01,Product C,North,CUST4070,new,Emily Davis,1,566.5008800064709,0.037744728582997426,545.1184580485975
2023-05-01,Product A,West,CUST3717,new,Emily Davis,1,110.21996274787149,0.0890466257624391,100.4052469735118
2023-05-01,Product B,North,CUST4056,returning,John Smith,3,265.04382637665867,0.06113307533028527,746.5226465188421
2023-05-01,Product B,West,CUST1631,new,Mike Brown,3,228.45667100798516,0.05125226392306429,650.2432482314978
2023-05-01,Product C,North,CUST4894,returning,Emily Davis,1,479.9817259920881,0.09971494397581669,432.12037507537127
2023-05-01,Product E,West,CUST2626,new,Robert Wilson,3,1553.8517127192636,0.0006140162664697746,4658.6928674759165
2023-05-01,Product E,North,CUST2922,new,Emily Davis,1,1477.0639825867747,0.07896994303155147,1360.4203240279405
2023-05-01,Product B,West,CUST2528,returning,Emily Davis,2,205.6194936733257,0.006314920190686347,408.64204596225863
2023-05-01,Product C,South,CUST3569,returning,Sarah Johnson,3,565.8985272970046,0.003926192103657411,1691.0301029029795
2023-05-01,Product A,Central,CUST3629,returning,Sarah Johnson,2,102.07240702827815,0.06817831212123454,190.22656520587702
2023-05-01,Product E,North,CUST2877,returning,Mike Brown,2,1475.2533191936727,0.043248337587265984,2822.9021312369
2023-05-01,Product C,South,CUST3001,new,Sarah Johnson,1,454.47691585265795,0.01812582916298816,446.2391449173909
2023-05-01,Product C,Central,CUST2439,returning,Mike Brown,4,553.3541090282664,0.09644592682795125,1999.9414364759202
2023-05-01,Product A,South,CUST3494,returning,Mike Brown,4,103.27879230047256,0.08764292748424352,376.908546384888
2023-05-01,Product D,South,CUST4021,returning,Mike Brown,2,82.64780509913084,0.03806630043099653,159.00341784052975
2023-05-01,Product A,East,CUST2040,returning,Robert Wilson,1,82.50886363605554,0.0774156792497166,76.12138391354806
2023-05-01,Product B,East,CUST2938,returning,Robert Wilson,2,262.8385052217505,0.07494955054616757,486.27775477830755
2023-05-01,Product C,North,CUST2537,returning,Emily Davis,1,506.0327687802858,0.09423813647342055,458.3451836559463
2023-05-01,Product B,Central,CUST1693,returning,Emily Davis,2,207.51928477017563,0.04796137541640834,395.1327488943374
2023-05-01,Product E,East,CUST3485,new,Sarah Johnson,3,1234.3358444468813,0.013104220914543241,3654.4825045755306
2023-05-01,Product A,West,CUST3419,returning,Sarah Johnson,1,91.16070735061466,0.037708317388498815,87.72319046447763
2023-05-01,Product C,East,CUST2556,new,Emily Davis,2,553.1916342611034,0.08703290345540943,1010.0915203282334
2023-05-02,Product D,North,CUST1106,returning,Robert Wilson,1,64.88748314295873,0.08525230068217637,59.35567591954556
2023-05-02,Product C,East,CUST2912,returning,Robert Wilson,2,547.9643268731193,0.05236596620628786,1038.5392908996605
2023-05-02,Product C,Central,CUST2624,returning,Mike Brown,1,433.3625013851486,0.008564466587406073,429.6509827218008
2023-05-02,Product A,North,CUST1111,new,John Smith,4,118.14227226880392,0.015416165635395796,465.28388572386405
2023-05-02,Product A,North,CUST1456,new,Sarah Johnson,4,119.7508016937745,0.09886565549140125,431.64624075479475
2023-05-02,Product B,East,CUST3590,returning,Sarah Johnson,3,224.5219578387376,0.03451574641359802,650.3172446330736
2023-05-02,Product C,East,CUST4945,new,Emily Davis,4,578.1623788627605,0.038146906399383264,2224.4290908505523
2023-05-02,Product E,North,CUST4878,returning,Sarah Johnson,4,1415.9391058763536,0.036113751710572455,5459.21693027778
2023-05-02,Product C,South,CUST1518,returning,Emily Davis,2,517.553557032548,0.07336440652625666,959.1670949506041
2023-05-02,Product E,Central,CUST2618,returning,Robert Wilson,2,1591.1726069905021,0.07733531134834297,2936.237556039874
2023-05-02,Product C,West,CUST2452,returning,John Smith,4,443.3005351361059,0.0894681174332668,1614.5570832012752
2023-05-02,Product D,South,CUST3698,returning,Mike Brown,4,83.02072983128235,0.06520658196852779,310.42892722580734
2023-05-02,Product B,Central,CUST2924,returning,John Smith,4,246.37148457639458,0.004849736889393819,980.7065907965989
2023-05-02,Product A,North,CUST1879,returning,Emily Davis,1,83.07397847444938,0.08829261188948627,75.73915993488929
2023-05-02,Product A,South,CUST1929,new,Sarah Johnson,1,119.21541394577746,0.05555073523270457,112.59291005001829
2023-05-02,Product B,Central,CUST1903,returning,Mike Brown,3,219.98209203413643,0.06908511754660493,614.35381004343
2023-05-02,Product A,West,CUST1829,new,Emily Davis,1,99.98680974916215,0.01979732555349676,98.00733832550245
2023-05-02,Product E,Central,CUST3743,returning,Mike Brown,1,1243.9389025663404,0.045683543031289076,1187.1113661826564
2023-05-02,Product A,East,CUST3776,new,Robert Wilson,2,107.74055694299878,0.06416865079747998,201.65398153559497
2023-05-02,Product C,East,CUST3606,returning,Emily Davis,2,472.5318732571243,0.08001582366647964,869.4436924195819
2023-05-02,Product C,South,CUST3662,returning,Emily Davis,2,449.72282380434797,0.032456428425547634,870.252854324414
2023-05-02,Product B,South,CUST1441,returning,John Smith,2,249.46682822273434,0.059811787853553566,469.09154243315453
2023-05-02,Product E,West,CUST3579,new,Sarah Johnson,1,1277.7902402946772,0.05849939785245091,1203.0402806557
2023-05-02,Product B,Central,CUST2008,returning,Emily Davis,2,202.24469671617823,0.07197614130193321,375.3758076955359
2023-05-02,Product C,East,CUST2499,returning,Mike Brown,1,509.36730205399726,0.05998412211431142,478.81335160655294
2023-05-02,Product D,Central,CUST2006,returning,Sarah Johnson,4,68.83854899054711,0.03309786937881796,266.24055875132245
2023-05-02,Product C,Central,CUST1921,returning,John Smith,2,489.2699328765252,0.03278887186371448,946.4546474813372
2023-05-02,Product E,West,CUST4696,returning,John Smith,4,1560.7186832940615,0.006767516322559997,6200.625976519778
2023-05-02,Product A,North,CUST2395,returning,Emily Davis,2,107.10695099072187,0.028278180560302926,208.15632258268545
2023-05-02,Product A,East,CUST1422,returning,Emily Davis,1,90.91313539657192,0.0690974151151564,84.63127274065457
2023-05-02,Product D,South,CUST1647,new,Emily Davis,4,62.7427522248901,0.09677871919334492,226.68235610359937
2023-05-02,Product C,East,CUST1805,new,Sarah Johnson,1,590.5171962634838,0.05110290653086953,560.3400511779598
2023-05-02,Product E,North,CUST4807,new,Sarah Johnson,4,1357.2983462452796,0.0881288007501636,4950.725082922011
2023-05-02,Product B,Central,CUST4502,new,Mike Brown,4,293.5382260732786,0.017008151326733036,1154.182734016174
2023-05-02,Product B,South,CUST4869,returning,John Smith,4,212.2739319544309,0.03279815585256125,821.246953803014
2023-05-02,Product A,South,CUST2004,new,Sarah Johnson,2,89.05353113749945,0.06551818136768675,166.43781146599963
2023-05-02,Product C,South,CUST3516,returning,Mike Brown,3,558.4101580900582,0.0722233256187194,1554.2397582405579
2023-05-02,Product A,South,CUST4919,returning,Mike Brown,3,106.32395539230014,0.016673324780534328,313.6535446562798
2023-05-03,Product C,West,CUST4042,new,John Smith,2,403.8064507185477,0.0829573052819695,740.6155114229211
2023-05-03,Product A,East,CUST1391,returning,John Smith,1,81.51667776294533,0.041671911497304905,78.11972198165356
2023-05-03,Product C,West,CUST2045,returning,John Smith,4,563.4588523177309,0.039921487438641115,2163.85894729095
2023-05-03,Product C,North,CUST2965,new,Robert Wilson,2,466.4214023075593,0.09061375875672344,848.314411759779
2023-05-03,Product A,East,CUST4976,new,Robert Wilson,1,95.28576751679554,0.06456853251742407,89.13330533843961
2023-05-03,Product D,Central,CUST2802,returning,Emily Davis,1,88.15011607864376,0.07856268042879978,81.22480667939567
2023-05-03,Product D,North,CUST3362,returning,John Smith,1,83.63126192659257,0.07070517267140926,77.71809911134498
2023-05-03,Product C,North,CUST4960,new,Emily Davis,2,424.8320373095622,0.07850980089510254,782.9571172930555
2023-05-03,Product B,South,CUST1441,new,John Smith,3,274.3862144885998,0.04511679162883723,786.0203664710767
2023-05-03,Product D,Central,CUST2667,returning,Emily Davis,4,73.07518916803659,0.0378501260873138,281.2371361766884
2023-05-03,Product B,South,CUST1747,returning,Mike Brown,1,231.80765444281298,0.06902107766994679,215.8080403210274
2023-05-03,Product D,East,CUST1526,returning,Emily Davis,2,77.59675682242062,0.02477361640351158,151.34880906949078
2023-05-03,Product B,East,CUST3027,returning,Sarah Johnson,4,264.77709884140046,0.04802888197905403,1008.2406032415621
2023-05-03,Product C,South,CUST3124,returning,Emily Davis,4,457.7649301159652,0.09712949119729375,1653.2098214633472
2023-05-03,Product E,Central,CUST2756,returning,John Smith,1,1691.621890760615,0.019251702219690303,1659.0552898513822
2023-05-03,Product A,Central,CUST3821,returning,Robert Wilson,2,90.09222124402363,0.08296857115563677,165.23479675033897
2023-05-03,Product B,South,CUST4763,new,Mike Brown,1,233.58543158608322,0.05718099946076837,220.22878314851604
2023-05-03,Product D,West,CUST1307,new,John Smith,3,64.55887577634645,0.0608330255146991,181.89469211713106
2023-05-03,Product A,South,CUST2027,returning,Emily Davis,3,119.11646250362776,0.02914806725790985,346.93334352914314
2023-05-03,Product C,Central,CUST3618,returning,Sarah Johnson,3,461.390900385324,0.07229751935086205,1284.100448509213
2023-05-03,Product E,South,CUST4670,returning,John Smith,3,1454.4958098035936,0.03005771080540222,4232.330986154544
2023-05-03,Product A,Central,CUST4296,returning,Sarah Johnson,4,94.36439771870388,0.02463713331476273,368.1581178877635
2023-05-03,Product E,North,CUST4255,returning,John Smith,4,1351.5716763610649,0.06100794401312446,5076.460268799617
2023-05-03,Product D,South,CUST4764,new,Mike Brown,2,66.987436826671,0.0594552562360948,126.00936321108412
2023-05-04,Product A,North,CUST4240,new,Robert Wilson,3,81.27366978192391,0.006546435214764602,242.22485090409114
2023-05-04,Product A,North,CUST4796,new,Robert Wilson,2,118.97088962111783,0.022258483716543077,232.64555602348707
2023-05-04,Product C,West,CUST3919,new,Mike Brown,4,562.6830828641738,0.08414506733068135,2061.34430788293
2023-05-04,Product B,West,CUST1358,returning,John Smith,1,211.46812423786704,0.01733610124719337,207.80209142552533
2023-05-04,Product B,West,CUST1969,new,Robert Wilson,1,207.7745443898669,0.040122999961169185,199.4380063533803
2023-05-04,Product A,West,CUST4668,returning,Emily Davis,4,84.02126203144877,0.07516048683231429,310.82473229159854
2023-05-04,Product D,South,CUST4976,returning,Robert Wilson,1,81.26069580429503,0.03992391696691792,78.01645053233038
2023-05-04,Product C,North,CUST1838,new,Sarah Johnson,1,498.0257722673193,0.013062396686929179,491.5203620696493
2023-05-04,Product A,West,CUST2686,returning,Sarah Johnson,4,91.90658023717258,0.08459317856592492,336.5276419351437
2023-05-04,Product D,West,CUST2316,returning,John Smith,3,65.46877616607277,0.08215883614858138,180.26981313658874
2023-05-04,Product C,East,CUST4214,returning,Emily Davis,2,579.0291473649135,0.02197719172648436,1132.6074255561039
2023-05-04,Product C,East,CUST3367,new,John Smith,4,428.52868747130196,0.03484953482460029,1654.3786482157223
2023-05-04,Product A,South,CUST3876,returning,Mike Brown,2,98.00826464460478,0.06061243888829777,184.1354893865711
2023-05-04,Product C,East,CUST2938,returning,Robert Wilson,4,487.34451163113334,0.06079200584648799,1830.8714449231986
2023-05-04,Product C,South,CUST4713,returning,Mike Brown,4,495.50480718425746,0.04532846463376582,1892.1773402237795
2023-05-04,Product C,Central,CUST2285,returning,Sarah Johnson,4,519.6505861034104,0.026925618259898143,2022.6346911738308
2023-05-04,Product B,West,CUST3823,returning,John Smith,1,265.7000886631548,0.046889298550878394,253.24159788083327
2023-05-04,Product B,West,CUST3916,returning,Emily Davis,3,272.6470932180443,0.08705424631058796,746.7360180275244
2023-05-04,Product A,West,CUST2916,new,Emily Davis,3,119.42009166547342,0.035997351817666945,345.36385383508
2023-05-04,Product A,East,CUST3766,returning,John Smith,1,93.99714135085631,0.036970272200928536,90.522041449006
2023-05-04,Product C,East,CUST2677,new,Robert Wilson,1,565.3274295542011,0.07210502516015632,524.564481022469
2023-05-04,Product D,West,CUST4133,returning,Robert Wilson,4,84.8821306486652,0.07446807264245306,314.2444879098968
2023-05-04,Product B,North,CUST1956,returning,Emily Davis,4,206.11135761283444,0.0998174737892465,742.1513703065973
2023-05-04,Product B,Central,CUST2508,returning,Robert Wilson,2,224.78755723239507,0.08908576145077128,409.52437306337663
2023-05-04,Product B,South,CUST4428,returning,John Smith,4,224.649558743577,0.05347868754331151,850.5423807391458
2023-05-04,Product A,West,CUST3856,new,Mike Brown,1,84.61036916104148,0.045846761014572385,80.73125778676047
2023-05-04,Product A,North,CUST2896,returning,Sarah Johnson,3,90.67728791383026,0.04048321339852254,261.0191397504462
2023-05-04,Product A,Central,CUST3078,new,John Smith,4,85.90894113588527,0.09945438920906041,309.45967947047467
2023-05-04,Product E,East,CUST4146,returning,John Smith,4,1481.1281698748833,0.003213086611593108,5905.47670712882
2023-05-04,Product B,West,CUST2616,returning,John Smith,1,220.1083488406046,0.09585738431293582,199.00933825530504
2023-05-04,Product A,North,CUST2181,returning,Emily Davis,4,106.07097915276414,0.08089273072177915,389.96243199505653
2023-05-04,Product A,South,CUST2540,returning,John Smith,1,80.59213691273857,0.03426626636911369,77.83054528203058
2023-05-04,Product A,North,CUST4133,new,Emily Davis,4,80.05279475937319,0.07942807173626745,294.777422538148
2023-05-04,Product A,East,CUST4303,returning,Sarah Johnson,1,113.2455585774153,0.02738206192862208,110.14466167930712
2023-05-05,Product D,West,CUST2907,returning,Sarah Johnson,2,71.15298152479818,0.09515481136767397,128.76486597911682
2023-05-05,Product D,East,CUST4246,new,John Smith,1,86.12518607601721,0.0023377575395444163,85.92384627292334
2023-05-05,Product B,South,CUST1797,new,Robert Wilson,3,231.6502139910291,0.08582466984564918,635.3067325667251
2023-05-05,Product A,West,CUST4297,returning,Sarah Johnson,2,104.34281351454602,0.09207648141223199,189.47058877094787
2023-05-05,Product A,North,CUST1932,returning,Sarah Johnson,3,100.9500390767412,0.03830383504182619,291.24979629743945
2023-05-05,Product C,East,CUST1106,returning,Emily Davis,2,545.3141416655587,0.011495271731747303,1078.091214855897
2023-05-05,Product E,East,CUST2817,returning,Sarah Johnson,3,1361.4921845826539,0.0892492460003309,3719.940101019926
2023-05-05,Product E,East,CUST2617,returning,Sarah Johnson,3,1538.6270765332579,0.08170397786091793,4238.745371807928
2023-05-05,Product B,West,CUST3878,returning,Robert Wilson,4,230.06319285816755,0.003842891864461462,916.7163395440834
2023-05-05,Product D,North,CUST3716,returning,Mike Brown,1,81.02946018065481,0.05892329898300337,76.25493707199871
2023-05-05,Product D,West,CUST1057,returning,Emily Davis,2,71.26125494521155,0.04811443597959755,135.6651197126488
2023-05-05,Product C,West,CUST2258,returning,Emily Davis,3,570.3061610574988,0.08300653721957794,1568.9010644193747
2023-05-05,Product B,East,CUST2888,new,Robert Wilson,1,221.526877403286,0.020678155932412012,216.9461100891205
2023-05-05,Product A,West,CUST3264,returning,Sarah Johnson,2,96.19988155507791,0.02840286682027823,186.93505826228497
2023-05-05,Product D,South,CUST4431,returning,Mike Brown,3,64.51194817839841,0.09832806025751739,174.50584035174904
2023-05-05,Product E,East,CUST4795,returning,Mike Brown,2,1215.2645406794636,0.0773502769547162,2242.526983769322
2023-05-05,Product A,East,CUST4177,returning,John Smith,4,89.09832441891683,0.06472377209863922,333.32617909942496
2023-05-05,Product C,Central,CUST3149,returning,Emily Davis,2,541.5784061395866,0.03629425921756457,1043.844438161042
2023-05-05,Product A,South,CUST3374,returning,John Smith,1,109.61219163023928,0.09998926667050494,98.6521489709848
2023-05-05,Product C,North,CUST4146,returning,Robert Wilson,4,586.1674063119821,0.08520516838450082,2144.891655022654
2023-05-05,Product A,North,CUST4016,new,Robert Wilson,1,92.04183462791562,0.03302870124921103,89.00181236956091
2023-05-05,Product B,South,CUST1421,new,Mike Brown,4,274.3278258917194,0.0009953625713364333,1096.2190809662027
2023-05-05,Product C,North,CUST4370,new,Robert Wilson,1,515.0171411784745,0.024706444078964454,502.29289898024035
2023-05-05,Product E,East,CUST2116,returning,Mike Brown,2,1547.107075445667,0.04946113129235441,2941.170818527437
2023-05-05,Product C,North,CUST1338,new,Mike Brown,3,443.8158671335059,0.06715335290546288,1242.0364307485368
2023-05-05,Product A,West,CUST4364,new,Robert Wilson,2,101.69640514713234,0.0346393568050109,196.34741416690773
2023-05-05,Product D,South,CUST4779,returning,Mike Brown,2,61.715389635908004,0.017633085376804004,121.25431380279063
2023-05-05,Product C,East,CUST1900,returning,John Smith,3,567.4199003577804,0.07291032835948762,1578.1473873149605
2023-05-05,Product C,West,CUST3856,returning,John Smith,1,478.42696582055504,0.03184313660773099,463.1923505911089
2023-05-05,Product B,West,CUST2670,returning,Mike Brown,4,207.91446682782095,0.016621530187024083,817.8344409644932
2023-05-06,Product C,East,CUST3779,returning,Sarah Johnson,2,589.2347409592691,0.08177778839716282,1082.0968539936898
2023-05-06,Product A,West,CUST4927,new,Mike Brown,2,107.74105708903954,0.08087422290211198,198.05516564462278
2023-05-06,Product D,West,CUST2691,returning,Mike Brown,3,83.26433229017836,0.07689132100912617,230.58608336233112
2023-05-06,Product A,Central,CUST3098,returning,Mike Brown,3,104.27438814411789,0.07456740420237783,289.49675308625945
2023-05-06,Product C,West,CUST2403,returning,Sarah Johnson,3,577.8084235380322,0.08115586907290595,1592.7476363044725
2023-05-06,Product E,West,CUST1970,returning,Robert Wilson,1,1314.9155313269337,0.05582887464374169,1241.5052769613733
2023-05-06,Product C,East,CUST3710,returning,Mike Brown,3,498.29082871361044,0.010577179352159039,1479.060951746312
2023-05-06,Product B,West,CUST2229,returning,Mike Brown,4,208.82781929684097,0.03384858585692687,807.0371717042282
2023-05-06,Product B,Central,CUST4192,new,Emily Davis,2,295.4617371504054,0.04227823405656039,565.9402733448053
2023-05-06,Product B,West,CUST3574,returning,Sarah Johnson,2,269.42244891827255,0.09785131346073124,486.1182168316256
2023-05-06,Product B,North,CUST3459,returning,John Smith,3,246.59496263655637,0.009051989794921323,733.0883626538738
2023-05-06,Product C,West,CUST1058,returning,Sarah Johnson,1,443.1732795318977,0.009183330785516043,439.10347271065433
2023-05-06,Product B,West,CUST4415,new,Robert Wilson,3,214.73832675973486,0.033073914356596526,622.9082691942136
2023-05-06,Product E,West,CUST2977,new,Emily Davis,2,1798.3923669838623,0.07091571657014643,3341.71616720984
2023-05-06,Product A,Central,CUST3786,returning,Sarah Johnson,1,102.6116963807159,0.07178184120981772,95.24603988484533
2023-05-06,Product B,South,CUST3614,returning,Mike Brown,1,229.60634297081953,0.015457215147476756,226.0572683282942
2023-05-06,Product A,South,CUST1663,returning,John Smith,3,104.33277605600269,0.09166813250803274,284.30635594671037
2023-05-06,Product A,South,CUST3256,returning,Robert Wilson,4,83.08089946294672,0.003273434060421865,331.2357584674969
2023-05-06,Product E,Central,CUST4705,new,Robert Wilson,4,1327.1199238393815,0.05650273423568051,5008.536077935233
2023-05-06,Product B,Central,CUST2124,new,Robert Wilson,3,210.21236980202136,0.05631117544033529,595.1251924991133
2023-05-06,Product A,Central,CUST4630,returning,Sarah Johnson,2,100.99561131020603,0.0015720010303449828,201.67369221033215
2023-05-06,Product B,South,CUST4265,returning,Robert Wilson,1,245.067625434165,0.02516794038603103,238.89977804669175
2023-05-06,Product B,East,CUST2552,returning,Sarah Johnson,4,260.98709182563556,0.07848913946638503,962.0097583056281
2023-05-06,Product A,West,CUST3747,new,John Smith,3,96.19654677883346,0.04605091599081788,275.2998230535439
2023-05-06,Product A,Central,CUST4638,returning,Emily Davis,2,96.52217391813592,0.09655517746451303,174.40491657241944
2023-05-06,Product B,Central,CUST1483,returning,Mike Brown,2,223.28982347992329,0.08566938033265645,408.32144533562
2023-05-06,Product B,East,CUST1044,returning,Mike Brown,4,262.8240425942263,0.05759104674173964,990.750923489317
2023-05-06,Product A,North,CUST4726,returning,Mike Brown,1,90.24428241841824,0.023903594314980615,88.08711970224184
2023-05-06,Product A,Central,CUST1939,returning,Robert Wilson,3,118.83679154107519,0.07382189055403422,330.19210476641206
2023-05-06,Product A,Central,CUST1161,returning,Robert Wilson,3,94.91010880268692,0.04733541793328011,271.25249740925597
2023-05-06,Product E,Central,CUST3935,returning,John Smith,2,1752.6882825550997,0.07501548237949218,3242.4190511566903
2023-05-06,Product B,West,CUST2748,returning,John Smith,1,263.3872446052079,0.01107431201911856,260.47041207659396
2023-05-06,Product B,South,CUST1571,returning,Robert Wilson,1,206.94868247526531,0.09033410137067947,188.25415921401614
2023-05-06,Product E,North,CUST2194,returning,Emily Davis,4,1651.6030491688766,0.039508852235663285,6345.400433389171
2023-05-06,Product A,South,CUST4872,returning,Mike Brown,4,97.31788484781609,0.010492264527464368,385.187199426958
2023-05-06,Product D,South,CUST2937,returning,John Smith,1,89.3410323628354,0.035467082661031046,86.17236658300088
2023-05-06,Product C,West,CUST1475,returning,Emily Davis,1,505.31111137357044,0.008245807798395389,501.14441307079045
2023-05-06,Product B,West,CUST1025,returning,Sarah Johnson,3,278.9911700222805,0.03009865092617835,811.7817365528814
2023-05-07,Product D,East,CUST3937,returning,John Smith,1,83.9503248163449,0.0011269446189398292,83.85571744953488
2023-05-07,Product A,West,CUST2434,returning,Sarah Johnson,1,87.4303622482484,0.026124133089162338,85.14631982884148
2023-05-07,Product D,East,CUST3151,returning,Robert Wilson,3,71.665095511422,0.034324969080559244,207.61557997151132
2023-05-07,Product A,East,CUST3529,new,Sarah Johnson,4,81.09940779317483,0.03167910744946142,314.1210037584286
2023-05-07,Product E,North,CUST2010,new,Mike Brown,1,1610.240926692856,0.07389308599861465,1491.2552554182519
2023-05-07,Product A,North,CUST3748,new,Sarah Johnson,1,119.52988622760981,0.06972743463759476,111.19537389843501
2023-05-07,Product D,South,CUST3720,returning,John Smith,1,68.46025010319168,0.056789054830540524,64.57245720636901
2023-05-07,Product A,South,CUST2200,returning,Sarah Johnson,4,112.00936855732651,0.08880803822588051,408.2481450913229
2023-05-07,Product A,Central,CUST4832,new,Robert Wilson,3,80.40700010357071,0.05217564375721148,228.6351393317422
2023-05-07,Product C,East,CUST4201,new,Mike Brown,4,488.7998041493452,0.09817796032779895,1763.2417454773397
2023-05-07,Product B,Central,CUST4329,returning,Robert Wilson,3,223.83924421890097,0.039072905620968906,645.2795836658006
2023-05-07,Product D,East,CUST1906,returning,Emily Davis,3,68.06624548024544,0.051727540267326656,193.63603807896092
2023-05-07,Product B,East,CUST3809,returning,Mike Brown,1,200.59334967460566,0.05173819588480452,190.21501165595183
2023-05-07,Product A,Central,CUST1481,returning,Robert Wilson,1,87.21932032272531,0.03485911503765831,84.17893200208906
2023-05-07,Product E,East,CUST1369,returning,Robert Wilson,3,1669.60965633388,0.03394422057373845,4838.808173661717
2023-05-07,Product B,South,CUST4258,returning,Mike Brown,2,270.1599349899597,0.051274714185100934,512.6151230781682
2023-05-07,Product D,West,CUST3639,returning,Emily Davis,3,63.11674063242942,0.009291166132970331,187.59093752832575
2023-05-07,Product D,East,CUST4615,returning,Emily Davis,1,79.3524807590036,0.07356209777598849,73.51514581064252
2023-05-07,Product C,West,CUST1909,returning,Sarah Johnson,3,584.439944767137,0.02555028242390638,1708.5220173555733
2023-05-07,Product A,North,CUST4165,new,Mike Brown,1,105.97668694572768,0.07129057903648377,98.42154756899859
2023-05-07,Product E,West,CUST1201,returning,Sarah Johnson,1,1332.0059868371832,0.03948536744036784,1279.4112410141472
2023-05-07,Product E,South,CUST4251,returning,Sarah Johnson,3,1543.5703471886006,0.010490438634931133,4582.132851548157
2023-05-07,Product A,East,CUST2046,returning,Mike Brown,4,106.94939709962605,0.07176923105413323,397.09488443233096
2023-05-07,Product B,South,CUST4135,returning,Sarah Johnson,4,216.29722654793267,0.05833204782437709,814.7206655386342
2023-05-07,Product C,East,CUST4081,returning,John Smith,1,409.42786165396507,0.005016884349868867,407.373809422433
2023-05-07,Product C,South,CUST4311,returning,Sarah Johnson,3,439.3882346489783,0.06615820213755934,1230.9572970126176
2023-05-07,Product B,East,CUST3714,new,Emily Davis,4,257.5768581552285,0.05726541054256784,971.3064545068182
2023-05-07,Product A,North,CUST1688,returning,Emily Davis,2,83.90644307240322,0.03612227352342863,161.75110317072776
2023-05-07,Product B,Central,CUST2897,new,Mike Brown,1,281.6125573653954,0.010272337368685203,278.71973816887987
2023-05-07,Product A,South,CUST3502,returning,Sarah Johnson,2,119.87050339945635,0.011273728819669628,237.0382317013072
2023-05-07,Product A,West,CUST1878,returning,Emily Davis,1,93.75575373009465,0.07874565429080738,86.37289555909055
2023-05-07,Product D,Central,CUST1070,new,Emily Davis,1,84.20614179806638,0.03025039603514116,81.65887266008363
2023-05-07,Product B,West,CUST1802,new,Sarah Johnson,4,232.5225300531474,0.005862955909861545,924.6370428455854
2023-05-07,Product B,South,CUST2393,new,Robert Wilson,3,258.73198101720817,0.09229277651739684,704.5586643458507
2023-05-08,Product C,West,CUST2115,returning,Emily Davis,3,476.4915566908623,0.07603873821805035,1320.7792198456036
2023-05-08,Product A,Central,CUST1102,returning,Mike Brown,3,86.5717027010606,0.021967467799470744,254.0098248288891
2023-05-08,Product D,South,CUST1172,returning,John Smith,1,87.60813592804615,0.023300048980899636,85.56686206979737
2023-05-08,Product B,Central,CUST1511,returning,Sarah Johnson,3,296.1297974132943,0.09855193569028654,800.8368979879252
2023-05-08,Product A,North,CUST4796,returning,Robert Wilson,4,105.82135963520594,0.012340716806547648,418.0617928154561
2023-05-08,Product E,Central,CUST3750,returning,Robert Wilson,3,1424.7967797075803,0.06725671950946231,3986.9088670104074
2023-05-08,Product C,Central,CUST2591,returning,John Smith,3,449.90437151723046,0.05335889393803011,1277.6939156255596
2023-05-08,Product B,South,CUST4112,new,Mike Brown,4,258.27187021330224,0.03746338696028665,994.3845247941775
2023-05-08,Product E,East,CUST1052,new,Sarah Johnson,4,1506.2428132314187,0.03879003649386346,5791.262398150209
2023-05-08,Product B,North,CUST1948,returning,Mike Brown,1,294.5117528887336,0.008828249858491644,291.9117295479695
2023-05-08,Product A,North,CUST3221,new,Emily Davis,4,111.90397397959153,0.09570848174442188,404.7752581153501
2023-05-08,Product A,Central,CUST4373,returning,Robert Wilson,2,100.30153300368303,0.026253569549592404,195.3365194620802
2023-05-08,Product C,Central,CUST3211,returning,Mike Brown,3,504.3654948727689,0.04075429379342162,1451.4313059463786
2023-05-08,Product C,East,CUST3079,new,Emily Davis,3,503.67095811883655,0.09251548183905436,1371.2207902204027
2023-05-08,Product B,West,CUST4300,new,Mike Brown,3,262.6365541976258,0.05167689071440567,747.192941066241
2023-05-08,Product E,North,CUST4298,returning,Robert Wilson,4,1629.94347516169,0.07131687630002831,6054.8039918701825
2023-05-08,Product A,East,CUST3373,new,Emily Davis,1,87.94209614148372,0.08726121748775853,80.26816176375233
2023-05-08,Product C,South,CUST2625,returning,Sarah Johnson,2,470.0323063936066,0.010064439431196249,930.6033894304053
2023-05-08,Product B,Central,CUST2744,returning,Emily Davis,4,268.24763790493176,0.007331645212076543,1065.123765579341
2023-05-08,Product E,Central,CUST1072,returning,Sarah Johnson,3,1586.4235635158461,0.055644431942525545,4494.44377651131
2023-05-08,Product C,West,CUST1991,new,Sarah Johnson,1,456.3916654285291,0.0017714909508969258,455.5831717231577
2023-05-08,Product A,East,CUST4336,returning,Robert Wilson,4,90.85660030078691,0.048750227862027984,345.7092813334174
2023-05-08,Product C,Central,CUST3862,returning,Robert Wilson,3,578.3750333868442,0.09015856262098629,1578.688715162464
2023-05-08,Product A,West,CUST1332,returning,Emily Davis,4,117.26157320630128,0.04154964455368389,449.5575860790947
2023-05-08,Product B,Central,CUST4330,returning,Robert Wilson,1,214.18498219192423,0.08459681446546412,196.0656149921453
2023-05-08,Product C,East,CUST2896,new,Emily Davis,4,547.676476605404,0.0982587811551801,1975.449814187174
2023-05-08,Product B,Central,CUST1684,returning,Robert Wilson,1,237.57949022880572,0.07930123987693986,218.73914208433013
2023-05-08,Product C,West,CUST1499,returning,John Smith,4,561.222363531681,0.04071650620891203,2153.4853987294523
2023-05-08,Product A,West,CUST1280,new,John Smith,1,92.62454504084883,0.05683550459866207,87.36018228523069
2023-05-08,Product C,West,CUST3675,returning,Emily Davis,2,493.7502120868828,0.06939391279828175,918.9739058503851
2023-05-08,Product B,South,CUST3993,returning,Mike Brown,3,244.2858309579419,0.024482481846232387,714.9153226086669
2023-05-08,Product C,North,CUST4748,returning,Robert Wilson,1,471.8045233380172,0.06086723455998136,443.0870867495419
2023-05-08,Product B,Central,CUST1247,returning,Robert Wilson,1,223.97797388440475,0.03892597862411021,215.2594120607089
2023-05-08,Product B,North,CUST2867,returning,Robert Wilson,1,276.4287231837216,0.005566614605619913,274.88995101583424
2023-05-08,Product B,Central,CUST3879,returning,Sarah Johnson,2,247.49283530283847,0.0363128442846072,477.0113330258611
2023-05-08,Product D,East,CUST4176,new,John Smith,2,62.678587545933915,0.047291597097845764,119.4288340740991
2023-05-08,Product C,East,CUST1718,returning,Emily Davis,4,549.6241600221853,0.04666458007513755,2095.9047175823994
2023-05-08,Product C,North,CUST2675,new,Sarah Johnson,3,549.4380242211339,0.09340768492714845,1494.3488711030739
2023-05-08,Product A,North,CUST2073,returning,Sarah Johnson,3,93.90257124646965,0.04005893573198112,270.42280253951867
2023-05-08,Product A,North,CUST4188,returning,Robert Wilson,1,106.77305651094295,0.06965307936042224,99.33598433223139
2023-05-08,Product B,West,CUST2507,returning,Mike Brown,2,202.3063386997227,0.019003781452016078,396.92350650543125
2023-05-09,Product B,South,CUST2774,returning,John Smith,2,297.9890971065343,0.022473164417169803,582.5846782654703
2023-05-09,Product B,East,CUST3691,returning,John Smith,2,255.37558363378986,0.0304084828511748,495.219999156506
2023-05-09,Product A,Central,CUST4596,new,John Smith,4,96.1932878339934,0.05395035904500061,364.01450167052144
2023-05-09,Product D,North,CUST4158,new,Sarah Johnson,3,83.2456739229212,0.036768952253635315,240.55445313938287
2023-05-09,Product B,West,CUST1262,returning,Sarah Johnson,2,284.33611288719896,0.06345189544062467,532.5888951645735
2023-05-09,Product A,North,CUST1453,returning,Robert Wilson,3,83.69425832957049,0.01726032292411297,246.74900521172393
2023-05-09,Product A,North,CUST3430,new,Mike Brown,3,83.51024223079985,0.0510852364963798,237.7323052697084
2023-05-09,Product A,East,CUST1785,new,Robert Wilson,2,119.62929745503106,0.06695972165770953,223.23790599066967
2023-05-09,Product B,South,CUST2977,returning,Emily Davis,1,269.73257703179155,0.04932921760875567,256.42688004321985
2023-05-09,Product B,Central,CUST2169,returning,Emily Davis,2,220.05185900643087,0.013778552067509687,434.0397260191169
2023-05-09,Product E,North,CUST1820,returning,Emily Davis,2,1418.3633300424258,0.09043103719872736,2580.198525964097
2023-05-09,Product A,Central,CUST4043,new,Robert Wilson,3,80.53352179338052,0.0006449442964700848,241.44474647347567
2023-05-09,Product C,South,CUST4741,returning,Mike Brown,4,507.9821731470012,0.032695842027017655,1965.4930730449828
2023-05-09,Product A,North,CUST1904,returning,Robert Wilson,4,101.52873734929177,0.06871225203598057,378.20987663860944
2023-05-09,Product B,North,CUST2537,new,Emily Davis,2,251.42071744772863,0.0978034188885685,453.661823403848
2023-05-09,Product B,North,CUST4847,returning,Sarah Johnson,2,208.92810762791495,0.06140649847273984,392.19712821189796
2023-05-09,Product C,North,CUST4140,returning,Robert Wilson,1,511.98233724894925,0.03016035662971646,496.54076736940516
2023-05-09,Product E,South,CUST2689,returning,Robert Wilson,3,1633.7125078052125,0.046340354738603456,4674.017071957876
2023-05-09,Product C,West,CUST4995,new,Mike Brown,2,414.79777684038106,0.025674408743455793,808.2961783438087
2023-05-09,Product C,West,CUST3570,returning,Sarah Johnson,1,509.91067465727957,0.0682229267576584,475.1230760471878
2023-05-09,Product C,Central,CUST1969,returning,Mike Brown,1,567.2792014567991,0.025991647385772365,552.5346804832515
2023-05-09,Product E,Central,CUST2023,new,Mike Brown,1,1306.6519221693218,0.008851905256306759,1295.085563151308
2023-05-09,Product A,North,CUST4486,new,Robert Wilson,2,93.36002875306374,0.013803091519663658,184.14274346381356
2023-05-09,Product A,Central,CUST2565,returning,Emily Davis,1,116.09126281762494,0.00752576013082058,115.21758782037544
2023-05-09,Product C,Central,CUST4742,returning,Robert Wilson,1,449.4935459002675,0.04311064873455374,430.1155875345121
2023-05-09,Product A,South,CUST4279,returning,Sarah Johnson,4,101.89953732597886,0.0931224759178898,369.6416004611851
2023-05-09,Product E,East,CUST2198,returning,Sarah Johnson,3,1665.8791586858915,0.0437986021561966,4778.747940522926
2023-05-09,Product C,North,CUST1898,new,Robert Wilson,3,429.5068678119127,0.020126360226089247,1262.5873736122523
2023-05-09,Product B,Central,CUST3624,returning,John Smith,4,221.61853323786679,0.01847881150741403,870.0931445424587
2023-05-09,Product E,South,CUST3841,new,Mike Brown,3,1642.8250830085237,0.08375059576869369,4515.712510688419
2023-05-09,Product B,West,CUST1650,returning,Mike Brown,1,234.77397822959256,0.05823617157400163,221.10164055230308
2023-05-09,Product A,Central,CUST2053,returning,Emily Davis,4,92.27926597973041,0.01910354777600769,362.06561845340684
2023-05-09,Product B,North,CUST4346,returning,John Smith,1,201.94492424920313,0.048682942793742134,192.1136510544926
2023-05-09,Product A,West,CUST2969,returning,Mike Brown,2,88.75363267803105,0.00027943838203846604,177.45766301303092
2023-05-09,Product B,East,CUST1332,new,Robert Wilson,2,256.59948382691914,0.0877598373161419,468.16070974172544
2023-05-09,Product A,West,CUST4430,returning,John Smith,4,91.45586313710314,0.027559261664396983,355.7416282966578
2023-05-09,Product B,West,CUST4106,returning,Sarah Johnson,2,258.81036318885305,0.06672596459823492,483.0819841141147
2023-05-10,Product C,Central,CUST2557,returning,Mike Brown,2,599.4714697329422,0.09576362939984355,1084.1278121393143
2023-05-10,Product A,Central,CUST3620,returning,Emily Davis,3,97.18405656670588,0.05969513962618159,274.14792222155296
2023-05-10,Product C,East,CUST1316,new,Emily Davis,4,485.3932788382018,0.05554413024408264,1833.7301253552416
2023-05-10,Product B,South,CUST1837,new,Emily Davis,1,204.48163106708074,0.04766196381514484,194.73563496629973
2023-05-10,Product B,North,CUST4063,new,Robert Wilson,2,244.2605029780933,0.05333268427529364,462.46686938367645
2023-05-10,Product A,Central,CUST1744,new,Mike Brown,4,117.6614498415397,0.006637625308440854,467.5218288969747
2023-05-10,Product B,North,CUST3297,returning,Mike Brown,3,202.0994070851454,0.04192369414973601,580.8799600639942
2023-05-10,Product C,North,CUST2036,returning,John Smith,3,515.0881853061331,0.08894061171015648,1407.8277810609936
2023-05-10,Product C,North,CUST4810,new,John Smith,3,526.686406256392,0.07689678431033738,1458.5577458259227
2023-05-10,Product A,South,CUST3775,returning,Sarah Johnson,1,95.46658227208016,0.026855410620967947,92.90278800458303
2023-05-10,Product B,East,CUST1985,returning,Mike Brown,1,295.5462143628779,0.009926014930919491,292.61261822633526
2023-05-10,Product D,South,CUST1313,returning,Robert Wilson,1,63.25689434108428,0.00812805233206938,62.742738993515765
2023-05-10,Product D,South,CUST1522,returning,John Smith,4,75.44233481867069,0.02873799152555684,293.097094559934
2023-05-10,Product B,East,CUST3007,returning,Sarah Johnson,4,213.42969643951866,0.006625469695419994,848.0624978146237
2023-05-10,Product D,North,CUST1651,returning,Sarah Johnson,2,77.18303708632679,0.07858716255931056,142.23488240800467
2023-05-10,Product B,Central,CUST4554,returning,Mike Brown,3,232.18275081690797,0.07381685856966183,645.1312486126237
2023-05-10,Product E,Central,CUST3617,new,Mike Brown,1,1267.4428267667695,0.041143057638713,1215.296353491331
2023-05-10,Product A,South,CUST4174,new,Sarah Johnson,1,101.22024400358171,0.017686321209391564,99.43003025524138
2023-05-10,Product B,South,CUST1846,returning,Mike Brown,4,266.15767405740587,0.09737129016417351,960.9662317893628
2023-05-10,Product A,West,CUST2577,returning,Sarah Johnson,4,101.68167938215795,0.03268201322002092,393.43406956942533
2023-05-10,Product A,West,CUST3853,returning,John Smith,1,107.57136327003857,0.05931917575579459,101.19031866593274
2023-05-10,Product B,West,CUST4185,returning,Emily Davis,1,279.70628832022294,0.05637176795476178,263.93875033954765
2023-05-10,Product B,South,CUST4625,returning,Sarah Johnson,4,282.04993781642384,0.012778295457384327,1113.7832815090749
2023-05-10,Product D,West,CUST1814,returning,John Smith,4,81.08540121530548,0.08174764393049207,297.8274428351824
2023-05-10,Product C,East,CUST2929,returning,Mike Brown,1,458.11584578093243,0.005695286729568117,455.5067446838514
2023-05-10,Product A,West,CUST3101,returning,Mike Brown,2,116.28962735109572,0.00350876112163,231.76318965559472
2023-05-10,Product B,Central,CUST2977,returning,John Smith,4,212.75912392873772,0.053560949956665375,805.4541725566665
2023-05-11,Product C,North,CUST4059,returning,Sarah Johnson,4,444.13820656781104,0.05370742159033261,1681.1387546531976
2023-05-11,Product A,East,CUST3656,returning,John Smith,4,111.33056795159104,0.003920149908252746,443.5765417433995
2023-05-11,Product B,South,CUST1065,returning,Robert Wilson,3,243.5459884789148,0.03945527783936453,701.8104415104497
2023-05-11,Product A,East,CUST3581,returning,John Smith,1,104.90751254786193,0.04532318012500003,100.15277046018949
2023-05-11,Product D,North,CUST2289,returning,Sarah Johnson,4,78.72059982342192,0.029520900087836244,305.5867874447206
2023-05-11,Product C,North,CUST4823,returning,Emily Davis,3,451.81082983262314,0.007251549633756249,1345.6035035250698
2023-05-11,Product A,Central,CUST4285,new,Emily Davis,2,91.10477998477555,0.08523286764854424,166.67931666036688
2023-05-11,Product A,North,CUST2256,returning,John Smith,3,116.75411423532415,0.09034002408930235,318.61963422833946
2023-05-11,Product C,Central,CUST4088,returning,Mike Brown,3,580.6305022404587,0.05828860015472177,1640.3590891731878
2023-05-11,Product C,North,CUST3786,returning,John Smith,4,443.43106669821304,0.044299153865631824,1695.1497825829906
2023-05-11,Product A,East,CUST1562,returning,John Smith,1,112.66714957103694,0.007142764673293578,111.86239463524026
2023-05-11,Product B,East,CUST3030,returning,Robert Wilson,2,269.54181659859245,0.030069118672374207,522.8738634562441
2023-05-11,Product C,East,CUST2193,returning,Mike Brown,4,595.7192667825966,0.05879422383882646,2242.777659465116
2023-05-11,Product A,West,CUST1393,returning,Sarah Johnson,1,99.17301111086061,0.05745669036600475,93.47485811879955
2023-05-11,Product B,Central,CUST4451,returning,Robert Wilson,4,294.70883247526945,0.03371696028343157,1139.0885859020973
2023-05-11,Product B,Central,CUST4912,returning,John Smith,1,253.64303967894918,0.07387972898494148,234.90396064855167
2023-05-11,Product D,North,CUST2925,returning,Mike Brown,1,69.66580351943888,0.07131642687573407,64.69748733700557
2023-05-11,Product B,East,CUST1547,new,Sarah Johnson,1,276.8729228012081,0.013845385365700536,273.03951048769756
2023-05-11,Product C,South,CUST1453,returning,Robert Wilson,1,570.1044219209948,0.052423403788328854,540.2176076091187
2023-05-11,Product B,South,CUST1334,returning,Robert Wilson,2,212.5796992437946,0.008967825665938012,421.3466431217174
2023-05-11,Product C,East,CUST1455,returning,John Smith,2,434.2728730590972,0.013245679086687846,857.0412678930049
2023-05-11,Product A,Central,CUST2484,returning,John Smith,1,82.34028605797747,0.06634986303769468,76.87701935554607
2023-05-11,Product C,West,CUST2073,returning,Robert Wilson,2,505.60677656076547,0.037432556461285384,973.3612446998922
2023-05-11,Product A,East,CUST2369,new,Emily Davis,3,98.77707006635833,0.02956339850968406,287.57065254110285
2023-05-11,Product A,West,CUST4924,returning,Mike Brown,4,98.57052123103934,0.01633814564645505,387.8402467948785
2023-05-11,Product B,Central,CUST3324,new,Robert Wilson,2,298.77733321371227,0.08014432687281142,549.6640499168911
2023-05-11,Product C,East,CUST3105,returning,Mike Brown,2,488.91618060301306,0.054329336037107524,924.7073782661056
2023-05-11,Product B,South,CUST2321,new,Robert Wilson,2,238.0105998715804,0.03173895736332725,460.9127831804728
2023-05-11,Product C,West,CUST2135,new,John Smith,3,462.9114232051256,0.07867967090645761,1279.469114305519
2023-05-11,Product C,East,CUST3665,returning,Mike Brown,2,545.078249231789,0.09787479146154876,983.457658516003
2023-05-11,Product C,Central,CUST3667,returning,Emily Davis,2,427.59020209367145,0.03077540440643939,828.861881408015
2023-05-11,Product B,Central,CUST4182,returning,Robert Wilson,3,272.7825669173944,0.09367135596314982,741.6919619734001
2023-05-11,Product A,South,CUST1764,returning,Robert Wilson,1,94.55046219926943,0.0027161301453653367,94.29365083863178
2023-05-11,Product B,East,CUST1276,returning,Robert Wilson,4,211.86806152573837,0.04984902270344143,805.2265828664309
2023-05-12,Product D,West,CUST4123,returning,John Smith,4,87.28706830033762,0.07917178815635284,321.50558008029674
2023-05-12,Product E,West,CUST4387,returning,John Smith,4,1397.6720615745242,0.092395490982493,5074.1338608513315
2023-05-12,Product E,East,CUST1874,returning,John Smith,4,1725.3339926097638,0.03513928888445126,6658.8279320851425
2023-05-12,Product E,South,CUST2276,returning,John Smith,3,1422.7157919891147,0.0504578002897229,4052.786048063679
2023-05-12,Product A,Central,CUST3832,returning,Sarah Johnson,3,97.61871723914282,0.06038953001447722,275.17070635336455
2023-05-12,Product C,South,CUST1055,returning,Emily Davis,1,420.28162924750615,0.07146489034571513,390.24624869901464
2023-05-12,Product A,Central,CUST2301,returning,Mike Brown,2,119.8870273619885,0.018451199559871158,235.34993579098543
2023-05-12,Product B,South,CUST1599,new,Emily Davis,1,296.6311858219486,0.07457977034187242,274.50850010711036
2023-05-12,Product E,West,CUST2809,returning,Robert Wilson,2,1304.6329597497704,0.023468353288525024,2548.0307450770174
2023-05-12,Product A,Central,CUST4011,returning,Mike Brown,3,107.81317625810267,0.03323371802203223,312.6904306778437
2023-05-12,Product C,Central,CUST1547,returning,John Smith,2,550.9802158562313,0.09518838057611306,997.0666027587988
2023-05-12,Product B,North,CUST4310,returning,John Smith,1,247.87022008507856,0.0867031598776684,226.37908876412914
2023-05-12,Product A,West,CUST2008,returning,Mike Brown,1,92.55067905153753,0.07790979397931702,85.34007471398635
2023-05-12,Product B,Central,CUST3455,new,Robert Wilson,4,254.70391436206558,0.043377108153330804,974.6223804868222
2023-05-12,Product A,North,CUST1996,new,Mike Brown,2,119.56156967023182,0.02191998033894046,233.88156482753496
2023-05-12,Product E,West,CUST4243,returning,Emily Davis,2,1796.2288849557474,0.06739812723165507,3350.332844060652
2023-05-12,Product B,Central,CUST4154,returning,Sarah Johnson,1,202.48344074800144,0.09076462659883303,184.10510685606218
2023-05-12,Product D,West,CUST4287,new,Emily Davis,3,69.37676110410787,0.03426113704614734,200.99950315230663
2023-05-12,Product E,West,CUST2363,new,Emily Davis,3,1795.6347717561764,0.046486152712957376,5136.487858618867
2023-05-12,Product C,West,CUST1391,returning,John Smith,1,480.4836988513964,0.05552382299059985,453.8054070065028
2023-05-12,Product C,East,CUST4648,returning,Sarah Johnson,4,545.5582977385793,0.061464567953117034,2048.103170699358
2023-05-12,Product D,South,CUST2265,returning,Robert Wilson,1,64.43733409036587,0.02623481500667757,62.74683255098164
2023-05-12,Product A,South,CUST2524,returning,Mike Brown,2,115.94904454442118,0.07891439512929121,213.5979916567579
2023-05-12,Product A,South,CUST4759,returning,John Smith,1,95.05482509193071,0.02919669606508686,92.27953825420161
2023-05-12,Product A,North,CUST1798,new,Robert Wilson,4,91.43075600879608,0.035611823021709246,352.698960428279
2023-05-12,Product C,West,CUST1626,returning,Mike Brown,3,466.19568504761054,0.027893530863768768,1359.5755239545374
2023-05-12,Product D,East,CUST3345,new,John Smith,2,66.86574827470491,0.05759107583686371,126.02975578985549
2023-05-12,Product B,North,CUST1094,returning,Mike Brown,4,250.78200146908026,0.07006122236383165,932.8476315972331
2023-05-12,Product C,West,CUST3863,returning,John Smith,3,528.7694405623093,0.07649393184016162,1464.9653610503271
2023-05-12,Product A,North,CUST3550,new,Emily Davis,2,105.13629985754214,0.08712969832225723,191.95161153647223
2023-05-12,Product A,North,CUST4968,returning,John Smith,4,92.64205180675484,0.06677560251985357,345.82329191473315
2023-05-12,Product A,Central,CUST3784,returning,Robert Wilson,3,91.00307140551692,0.09069104318295862,248.24972378069194
2023-05-12,Product B,West,CUST1502,returning,John Smith,2,296.9526560639887,0.09158577418457908,539.5120343244024
2023-05-12,Product B,Central,CUST1617,returning,Mike Brown,2,292.32258784862324,0.017033163436986954,574.6868188669494
2023-05-12,Product C,East,CUST2090,returning,Robert Wilson,3,565.8654920124194,0.03407634893488872,1639.748586169175
2023-05-12,Product C,South,CUST2811,returning,Mike Brown,2,562.4209077728179,0.052299227690475264,1066.0134573186472
2023-05-12,Product E,West,CUST3016,returning,Emily Davis,1,1752.3211387437766,0.056457145860711135,1653.3900886189117
2023-05-12,Product A,South,CUST3925,returning,Mike Brown,4,116.11651567867077,0.01996596866489783,455.1925478606132
2023-05-12,Product C,North,CUST3825,returning,Emily Davis,1,465.2722576449234,0.08008867704791794,428.0092180630435
2023-05-12,Product A,Central,CUST4033,returning,Sarah Johnson,4,99.12888459532472,0.040804526721506765,380.3359094999265
2023-05-12,Product A,North,CUST3345,new,John Smith,4,94.9588103710933,0.030431027647992326,368.27646474908045
2023-05-12,Product A,North,CUST2535,returning,Robert Wilson,3,112.49804526882376,0.05778716768778214,317.9913055869796
2023-05-12,Product E,East,CUST1029,returning,Robert Wilson,4,1482.733998542246,0.04805782526886784,5645.908108480372
2023-05-12,Product D,South,CUST3506,returning,Emily Davis,1,73.15227997077808,0.08210112596512736,67.14639541826097
2023-05-12,Product B,West,CUST3352,new,Mike Brown,1,201.21875510117425,0.053062868909719375,190.5415106770637
2023-05-13,Product E,West,CUST2466,returning,Sarah Johnson,3,1725.6234685586548,0.048474135739969205,4925.926086922998
2023-05-13,Product E,East,CUST1468,returning,Mike Brown,4,1672.1275186925777,0.0855817856373974,6116.095439317745
2023-05-13,Product C,West,CUST3880,new,Sarah Johnson,2,517.8279631755447,0.08320371426764442,949.4855065753808
2023-05-13,Product A,North,CUST4513,new,Robert Wilson,3,96.35946014935337,0.02451530295515314,281.9915363735909
2023-05-13,Product B,South,CUST3553,returning,Robert Wilson,3,210.57352679264508,0.04572963999545204,602.8322256595342
2023-05-13,Product B,East,CUST2382,returning,Robert Wilson,1,251.63159888491177,0.031177078741612043,243.78646071259914
2023-05-13,Product B,Central,CUST4579,returning,Emily Davis,1,246.47219561987492,0.048692314831911034,234.4708938734396
2023-05-13,Product A,East,CUST2522,returning,John Smith,3,88.61942487771938,0.03994003017782948,255.23988712128414
2023-05-13,Product E,Central,CUST4437,returning,John Smith,4,1294.9019342456556,0.009163175209704921,5132.146083771107
2023-05-13,Product A,East,CUST3859,new,Robert Wilson,1,82.23553073012302,0.09732765453533919,74.23173940469134
2023-05-13,Product A,Central,CUST3371,returning,Mike Brown,3,85.02859631138705,0.01589650940226306,251.03081529198556
2023-05-13,Product A,North,CUST3678,returning,Emily Davis,2,106.84744488636726,0.07651902029810298,197.34316616461376
2023-05-13,Product A,North,CUST2500,new,John Smith,2,93.07515159061278,0.014329834301432521,183.48280018147716
2023-05-13,Product E,East,CUST2947,returning,Robert Wilson,4,1386.3177416052035,0.09737407004323978,5005.30536292781
2023-05-13,Product B,South,CUST2359,new,Emily Davis,3,234.66437466405287,0.06561618064448772,657.7997839958119
2023-05-13,Product C,East,CUST3155,returning,John Smith,1,589.8194177856852,0.020053667190793337,577.9913754787436
2023-05-13,Product A,Central,CUST1596,returning,Mike Brown,2,87.18987605353034,0.09177956261106798,158.37525473044818
2023-05-13,Product B,West,CUST1542,new,Mike Brown,4,240.48930968230664,0.014588924648328727,947.9233170584915
2023-05-13,Product E,North,CUST2838,returning,Emily Davis,3,1686.6765624383843,0.014507550397986724,4986.62105161112
2023-05-13,Product B,North,CUST2709,new,Robert Wilson,2,240.0344518216375,0.05070435369367097,455.72732015561354
2023-05-13,Product A,North,CUST3142,returning,Robert Wilson,1,91.11577591362999,0.06922553895959048,84.80823721828767
2023-05-13,Product C,West,CUST4686,returning,Emily Davis,2,423.7806035355987,0.09548830387675504,766.6290249762336
2023-05-13,Product A,East,CUST1409,returning,Sarah Johnson,1,93.38660039938179,0.020406887047874113,91.48087059324665
2023-05-13,Product A,East,CUST1627,returning,Emily Davis,1,98.0767230105065,0.03237242309869084,94.90174183707728
2023-05-13,Product B,Central,CUST3396,new,Emily Davis,4,213.5650105937208,0.03600209378545035,823.5048922121399
2023-05-13,Product C,South,CUST3660,returning,Mike Brown,1,466.9712429152424,0.03290628169009096,451.60495565470154
2023-05-13,Product A,South,CUST4366,returning,Mike Brown,3,88.26191879075583,0.05058106835197151,251.39260993057334
2023-05-13,Product B,Central,CUST1125,new,Emily Davis,3,217.0214634882005,0.07510731394364173,602.164692892451
2023-05-13,Product C,Central,CUST2603,returning,Sarah Johnson,1,534.171540666139,0.07414399520442692,494.56592851664743
2023-05-13,Product D,North,CUST3224,returning,John Smith,2,69.157996140368,0.03189257154318894,133.90473960135546
2023-05-13,Product C,Central,CUST3727,returning,Sarah Johnson,3,581.5278586619088,0.08081103466143436,1603.6019721569749
2023-05-13,Product C,West,CUST1298,returning,Robert Wilson,2,480.4861451295584,0.021068791703030144,940.7257652432637
2023-05-13,Product A,West,CUST3684,new,Robert Wilson,4,110.40188823843908,0.08645412528975392,403.42875824179066
2023-05-13,Product A,North,CUST3782,new,John Smith,4,91.88307831185891,0.09630407827356227,332.1374525843912
2023-05-13,Product C,East,CUST4452,returning,John Smith,1,562.2338694484929,0.07676060194582318,519.0764591952973
2023-05-13,Product A,South,CUST2317,new,Mike Brown,1,94.03813298909517,0.009510937421839184,93.1437421909693
2023-05-13,Product A,East,CUST3026,new,Robert Wilson,2,111.73272685337801,0.05168585255373174,211.91545121561586
2023-05-13,Product C,North,CUST3532,returning,Emily Davis,4,535.3166740839753,0.07944412009213939,1971.155647762893
2023-05-13,Product C,North,CUST4969,new,Mike Brown,3,596.1633164990608,0.01548766037942092,1760.7904245673622
2023-05-13,Product D,North,CUST4386,returning,John Smith,1,73.93110960546123,0.0056602465605465335,73.51264129659953
2023-05-13,Product B,East,CUST1954,returning,John Smith,2,214.50141683224487,0.04695807033518258,408.85768842728
2023-05-13,Product C,Central,CUST2621,returning,John Smith,2,495.6036613319078,0.09221203897976371,899.8060743893126
2023-05-13,Product C,North,CUST4802,returning,John Smith,3,417.9031399589771,0.00578524909990914,1246.4563985840405
2023-05-13,Product A,Central,CUST1531,returning,John Smith,2,83.15422249511879,0.02842258506375425,161.58152906568185
2023-05-14,Product A,East,CUST4952,new,John Smith,2,95.6540535480232,0.09012659650033024,174.06615852055904
2023-05-14,Product C,West,CUST4134,returning,Emily Davis,2,432.5505772428328,0.0878216310274203,789.1265600950302
2023-05-14,Product A,East,CUST3493,returning,John Smith,4,119.43094660790207,0.02668037820922513,464.9779351300699
2023-05-14,Product A,West,CUST3391,new,Sarah Johnson,2,89.37554480869146,0.03480890322516831,172.52896023749804
2023-05-14,Product B,South,CUST3687,returning,Mike Brown,2,297.29348125037023,0.08255406915073546,545.5013892823285
2023-05-14,Product A,South,CUST3278,new,John Smith,2,92.9846896924591,0.09531876437058072,168.24300793118405
2023-05-14,Product A,South,CUST2169,returning,Mike Brown,3,95.53747754210296,0.07035850589987712,266.44681009439256
2023-05-14,Product B,North,CUST3735,returning,Robert Wilson,3,279.74087260553694,0.04677897704725416,799.964642240231
2023-05-14,Product E,East,CUST1690,new,Sarah Johnson,2,1383.5148647969054,0.07612714296253603,2556.3836617874354
2023-05-14,Product C,South,CUST2827,returning,John Smith,3,517.2221071796271,0.06690110247295387,1447.858133957777
2023-05-14,Product C,North,CUST4136,returning,Robert Wilson,2,598.9010208441117,0.05843514169821129,1127.8083096557652
2023-05-14,Product C,West,CUST2099,returning,Mike Brown,2,565.8461258951103,0.055316327967139006,1069.0911920323226
2023-05-14,Product B,Central,CUST2030,new,Robert Wilson,4,266.160488162091,0.05619541425098687,1004.8139570903096
2023-05-14,Product D,East,CUST2542,returning,Emily Davis,4,86.24287571344384,0.016928621027278944,339.1316110167529
2023-05-14,Product A,North,CUST2781,new,Robert Wilson,4,88.31809361991243,0.06642179722788824,329.80738845574786
2023-05-14,Product C,East,CUST2745,returning,John Smith,4,465.67147046544113,0.06487931155871676,1741.8361041964322
2023-05-14,Product B,South,CUST4934,new,John Smith,3,291.1383323328002,0.011116933275384122,863.7053007550495
2023-05-14,Product E,Central,CUST3534,new,John Smith,1,1492.655257576637,0.08768730434938227,1361.768341716809
2023-05-14,Product A,South,CUST4021,returning,Robert Wilson,2,92.40104065859805,0.06274151112702953,173.20731947593504
2023-05-14,Product B,West,CUST1947,returning,John Smith,1,213.70626959741796,0.016088336774205892,210.26809116137548
2023-05-14,Product D,East,CUST2548,returning,Sarah Johnson,3,82.72648071431668,0.005671359663311071,246.77192726551746
2023-05-14,Product C,South,CUST3497,returning,Mike Brown,2,408.8949196821607,0.08749702044778622,746.2356650674697
2023-05-14,Product A,East,CUST3752,new,Sarah Johnson,3,88.08570424973541,0.08995852164620959,240.48493355179195
2023-05-14,Product C,North,CUST1699,returning,Emily Davis,3,565.7644514210764,0.006648680301487198,1686.008593372894
2023-05-14,Product B,Central,CUST2568,returning,John Smith,2,225.6626803915228,0.05039657798253935,428.5801070428451
2023-05-14,Product A,Central,CUST4196,returning,Robert Wilson,3,93.71718437592733,0.05002645074774619,267.08653880258265
2023-05-14,Product A,South,CUST4214,new,Emily Davis,3,101.7559368285259,0.09230008393898835,277.09156595388765
2023-05-14,Product A,East,CUST3164,returning,John Smith,1,82.69235553495525,0.04862086885198427,78.67178136142854
2023-05-14,Product B,North,CUST4503,returning,Emily Davis,1,214.57411758739778,0.03595764012492494,206.85853868706678
2023-05-14,Product E,East,CUST3208,returning,Emily Davis,3,1426.690970306943,0.025435953880638185,4171.205173752878
2023-05-14,Product E,Central,CUST4173,returning,Robert Wilson,2,1751.5790630266047,0.07346208603111565,3245.8088224164862
2023-05-14,Product C,Central,CUST1912,returning,Sarah Johnson,4,504.5139845649999,0.0033343697858958412,2011.3269935132178
2023-05-14,Product B,Central,CUST4194,returning,Emily Davis,4,265.0156220738494,0.05746420706218391,999.1468379691369
2023-05-14,Product A,North,CUST2214,new,Mike Brown,4,84.33774471005047,0.005390461639847755,335.5325013295987
2023-05-15,Product A,East,CUST4705,returning,Robert Wilson,3,89.57819256342007,0.014102478860033574,264.94475398942325
2023-05-15,Product A,North,CUST1740,returning,Mike Brown,2,107.18806081484729,0.09338989713039693,194.35555768348394
2023-05-15,Product A,North,CUST3255,returning,Sarah Johnson,4,97.15046030814017,0.07503124383797198,359.44456172715553
2023-05-15,Product A,South,CUST1959,returning,Mike Brown,1,94.78417190455059,0.046474030951224744,90.3791693657723
2023-05-15,Product C,East,CUST4555,returning,John Smith,4,580.8163417082617,0.09087809432111732,2112.1314376930077
2023-05-15,Product C,South,CUST1800,returning,Sarah Johnson,3,474.37610091771825,0.08564264888586445,1301.24782520093
2023-05-15,Product A,West,CUST3976,returning,Emily Davis,3,80.88064462668476,0.09187556768683496,220.34906846019283
2023-05-15,Product C,Central,CUST4162,new,John Smith,4,587.4129309308113,0.061799872849698935,2204.4435459560727
2023-05-15,Product B,East,CUST3791,returning,Sarah Johnson,1,200.4025278853971,0.014755763997734218,197.44543547937081
2023-05-15,Product B,North,CUST2572,new,Emily Davis,3,251.455309133378,0.09302253026951025,684.1929000842679
2023-05-15,Product D,Central,CUST4906,new,Sarah Johnson,1,79.32452127101917,0.08420387836055213,72.64508893090525
2023-05-15,Product A,West,CUST3914,returning,Sarah Johnson,1,105.58990848150718,0.00025535882680637333,105.56294516635475
2023-05-15,Product B,North,CUST3467,returning,Sarah Johnson,4,284.77930900130303,0.043400001659547716,1089.6795460721664
2023-05-15,Product D,East,CUST1830,new,Robert Wilson,2,69.36817260407025,0.05757618837162312,130.74843526244607
2023-05-15,Product A,North,CUST1087,returning,Emily Davis,4,87.31550603586211,0.08076906200131714,321.05245806070076
2023-05-15,Product C,North,CUST3059,returning,Robert Wilson,3,483.6511106512096,0.06884213462431658,1351.0666073416764
2023-05-15,Product C,West,CUST2606,new,Mike Brown,4,469.455446975254,0.014908974876824778,1849.8253900420457
2023-05-15,Product A,South,CUST3785,returning,Robert Wilson,4,97.19758991140475,0.04802072077214364,370.12036634617544
2023-05-15,Product C,North,CUST4330,returning,John Smith,2,574.764747470668,0.014868439235669674,1132.4377854961906
2023-05-15,Product B,West,CUST1018,returning,Sarah Johnson,1,269.26328160990454,0.08820505169659658,245.51289993550768
2023-05-15,Product B,East,CUST4001,returning,Emily Davis,4,223.54468255516645,0.08258251907047309,820.3351981798062
2023-05-15,Product B,East,CUST2373,returning,Mike Brown,4,262.03378054437997,0.07591624811633813,968.5646361828428
2023-05-15,Product C,South,CUST1080,returning,Mike Brown,3,464.9645630278379,0.033444618687832474,1348.2420015420519
2023-05-15,Product D,Central,CUST1305,new,Emily Davis,1,67.22729508692154,0.05109769156255564,63.792135497985115
2023-05-15,Product D,North,CUST4770,returning,Mike Brown,1,88.54216547130474,0.008327088130807403,87.80486705613265
2023-05-15,Product B,West,CUST1518,new,Emily Davis,1,246.43348736103854,0.0340277462168857,238.04791119377504
2023-05-15,Product C,West,CUST4093,returning,Emily Davis,3,532.3643195978213,0.030967020009015956,1547.6357491822484
2023-05-15,Product B,East,CUST4071,returning,Robert Wilson,2,247.9925689004394,0.06349140441376434,464.49434483354656
2023-05-15,Product B,Central,CUST2397,returning,Robert Wilson,1,236.88979435205937,0.0853103374930026,216.6806460472372
2023-05-15,Product E,North,CUST2841,returning,Emily Davis,2,1568.1088096305075,0.09228249645983716,2846.7996279142812
2023-05-15,Product A,East,CUST4527,new,Mike Brown,3,108.50484317393287,0.08437913444665007,298.0478952709408
2023-05-15,Product E,West,CUST3083,returning,Emily Davis,3,1345.9686437173273,0.0536349627899556,3821.332996785304
2023-05-15,Product B,North,CUST4551,returning,Mike Brown,4,291.839552645905,0.028185095851948984,1134.456107524761
2023-05-15,Product D,Central,CUST2742,new,Robert Wilson,1,64.0016516795135,0.06066222518095821,60.1191690733776
2023-05-15,Product A,East,CUST4470,returning,John Smith,2,95.76181020755277,0.07287614583323836,177.56611712322453
2023-05-15,Product B,East,CUST1636,returning,John Smith,2,227.82346226641417,0.0639896436083252,426.4902402207432
2023-05-15,Product A,East,CUST1392,returning,Emily Davis,1,112.29348682879233,0.07809152521545261,103.5243171705706
2023-05-15,Product B,East,CUST4624,new,Emily Davis,4,259.1407412898914,0.08988790405793248,943.3884927972966
2023-05-15,Product A,East,CUST2529,returning,Robert Wilson,4,114.88252276725687,0.09858151058135156,414.2289205338567
2023-05-16,Product C,Central,CUST1451,returning,Emily Davis,1,466.0255375857543,0.07235592919944187,432.30582678306763
2023-05-16,Product A,Central,CUST1239,returning,John Smith,2,108.30073484245288,0.053827723954483014,204.94230556657135
2023-05-16,Product B,South,CUST2119,new,Robert Wilson,1,231.5831495153057,0.06274341503743958,217.05283184958947
2023-05-16,Product D,West,CUST3627,new,Robert Wilson,3,83.94939401290041,0.015058049410342278,248.0558396696576
2023-05-16,Product B,South,CUST2771,new,John Smith,1,240.57538971764208,0.0991956370803152,216.71136066875547
2023-05-16,Product A,South,CUST3303,returning,Emily Davis,2,114.95597470005796,0.04099279333510725,220.48721637308532
2023-05-16,Product D,Central,CUST1092,returning,Emily Davis,4,62.595975864717516,0.08388515842643773,229.38041004979286
2023-05-16,Product B,South,CUST4964,returning,John Smith,1,247.041347604481,0.07063602088376154,229.59132981593828
2023-05-16,Product A,West,CUST1249,returning,Emily Davis,3,90.70254492326029,0.07125650778783753,252.71819497367792
2023-05-16,Product A,Central,CUST2310,returning,Robert Wilson,2,118.92525553446389,0.00438470187109632,236.80760748800265
2023-05-16,Product D,Central,CUST2901,new,Sarah Johnson,1,65.23531207172609,0.03780307668743104,62.76921656675013
2023-05-16,Product A,North,CUST1544,returning,Emily Davis,4,91.4535777021916,0.09654909384377848,330.49527058509364
2023-05-16,Product A,North,CUST2371,returning,John Smith,2,96.17267254458748,0.08426271988626331,176.13780315449915
2023-05-16,Product B,North,CUST4336,returning,Robert Wilson,1,264.99706222505546,0.0206138918210397,259.5344414514548
2023-05-16,Product B,West,CUST1585,new,Sarah Johnson,4,298.51262236761244,0.06282932284815528,1119.029105770513
2023-05-16,Product A,South,CUST3781,returning,Sarah Johnson,2,91.85470427363288,0.07469036553555233,169.98808567055036
2023-05-16,Product D,Central,CUST3030,returning,Mike Brown,4,72.82293213480642,0.08552339332828451,266.3794714660896
2023-05-16,Product C,North,CUST1947,returning,Mike Brown,1,499.5290682092683,0.05706441825450448,471.02373253069175
2023-05-16,Product D,Central,CUST3930,new,Mike Brown,3,81.2261546884402,0.0011938299954182498,243.38755340568198
2023-05-16,Product B,East,CUST1826,new,John Smith,1,273.0560080897465,0.018920900530577645,267.8895425214038
2023-05-16,Product A,West,CUST3573,returning,Sarah Johnson,3,110.12230439659638,0.003881198102684702,329.08469375312706
2023-05-16,Product A,Central,CUST4138,new,Mike Brown,3,103.61786753047903,0.07597116603389675,287.2376919367281
2023-05-16,Product A,East,CUST3683,new,Emily Davis,2,94.45357679077937,0.08546738702503018,172.76175277460683
2023-05-16,Product B,South,CUST2829,returning,Mike Brown,2,201.6305901786505,0.0049088749948990595,401.2816216326315
2023-05-16,Product A,North,CUST2970,new,Emily Davis,2,101.49581700933459,0.017128263629215136,199.51473979667225
2023-05-16,Product A,West,CUST1059,new,Emily Davis,1,95.8448786020661,0.0007730267340348984,95.77078794858637
2023-05-16,Product E,South,CUST4985,returning,Emily Davis,4,1623.517236537754,0.05994616757866569,6104.774400837638
2023-05-16,Product E,North,CUST2420,returning,Emily Davis,4,1768.321889526341,0.02712215203841182,6881.4447775430235
2023-05-16,Product A,South,CUST4041,new,Mike Brown,2,111.51085920354274,0.07596949977999118,206.07887001962516
2023-05-16,Product C,North,CUST1745,new,Mike Brown,2,474.56199784064114,0.07110227176022442,881.6391234062016
2023-05-16,Product A,Central,CUST3861,new,Emily Davis,1,94.88480784032114,0.09155167287166967,86.19794495243282
2023-05-16,Product B,South,CUST4581,new,Emily Davis,4,285.0506604378195,0.038649010605851464,1096.134937757413
2023-05-16,Product D,East,CUST3023,returning,John Smith,3,73.82101314411472,0.04239125874876323,212.07494242448007
2023-05-16,Product D,East,CUST2601,returning,Robert Wilson,3,88.23081247972723,0.03955221362514192,254.22326560862768
2023-05-16,Product A,West,CUST2416,new,Mike Brown,3,104.75689424938885,0.09356718630817258,284.8652592242723
2023-05-16,Product B,East,CUST4332,returning,John Smith,2,246.93820505825954,0.02799296216564434,480.0513464536231
2023-05-16,Product A,South,CUST2121,returning,Mike Brown,3,118.56880799352125,0.07087042892136465,330.4973571429764
2023-05-17,Product A,West,CUST3948,returning,Robert Wilson,3,85.44911113273797,0.044841620796905526,244.85230348167326
2023-05-17,Product C,North,CUST1391,returning,Sarah Johnson,3,590.1822976295663,0.08580136575683268,1618.631551342332
2023-05-17,Product E,Central,CUST2304,new,Emily Davis,2,1685.5475020520894,0.06401314153909222,3155.3006224647315
2023-05-17,Product A,South,CUST4282,returning,Sarah Johnson,2,100.68193418760534,0.034252350736676256,194.46668252992905
2023-05-17,Product A,South,CUST3313,returning,Emily Davis,4,101.0606246608652,0.02093813334457727,395.7784153033189
2023-05-17,Product C,Central,CUST3357,returning,Emily Davis,3,486.2368814384362,0.0691177144577423,1357.8878985250537
2023-05-17,Product C,West,CUST3233,new,John Smith,3,579.7166360815509,0.061143080722788894,1632.812925015819
2023-05-17,Product A,East,CUST3853,returning,Emily Davis,2,108.27872719650622,9.649618435639829e-05,216.5365574249696
2023-05-17,Product B,West,CUST4853,new,Sarah Johnson,4,237.55866209648107,0.022550310252096264,928.8065622525301
2023-05-17,Product B,Central,CUST1276,new,Emily Davis,1,273.60540144827894,0.06738141457636808,255.16948246295885
2023-05-17,Product A,West,CUST3290,returning,Emily Davis,2,110.14487522337437,0.0038661814321738434,219.4380703038733
2023-05-17,Product B,North,CUST1265,returning,Sarah Johnson,3,237.4449877538435,0.030510919021208217,690.6009688814826
2023-05-17,Product B,Central,CUST1604,returning,John Smith,3,215.190605098894,0.0517014723886716,612.194801913216
2023-05-17,Product C,South,CUST2839,returning,Emily Davis,2,566.0919180858723,0.056389211282926614,1068.3408826227417
2023-05-17,Product B,Central,CUST1673,returning,John Smith,3,288.9036044133201,0.00686202889474109,860.7634185961232
2023-05-17,Product A,North,CUST2306,returning,Emily Davis,2,96.36581687496148,0.03736109450736824,185.5309689668326
2023-05-17,Product A,West,CUST1206,returning,Emily Davis,2,82.34390543505101,0.029492613384531265,159.8307369349653
2023-05-17,Product B,North,CUST1268,returning,Mike Brown,1,265.1371552413232,0.02298695912022544,259.0424582925381
2023-05-17,Product E,South,CUST1110,returning,Sarah Johnson,3,1677.1952124049128,0.0017293975767082581,5022.884025206738
2023-05-17,Product E,Central,CUST1402,returning,Robert Wilson,3,1769.4766085498438,0.034463822054629834,5125.481044748856
2023-05-17,Product B,North,CUST4353,returning,Robert Wilson,4,212.40968761096823,0.0022139953033871395,847.7576542408144
2023-05-17,Product B,South,CUST4870,returning,Emily Davis,1,229.2180999418017,0.018138798703128046,225.06035896784388
2023-05-17,Product B,South,CUST4910,new,Sarah Johnson,2,242.730604323449,0.06543493461623233,453.6950862003711
2023-05-17,Product C,East,CUST3119,returning,Robert Wilson,1,515.2617639778114,0.06006286654320312,484.31366541319665
2023-05-17,Product E,West,CUST3962,new,Sarah Johnson,1,1523.2019758112597,0.01370520377520581,1502.3261823419703
2023-05-17,Product A,East,CUST4726,returning,Mike Brown,2,103.17727290879711,0.07878963130447231,190.09594723462413
2023-05-17,Product C,West,CUST3907,returning,Sarah Johnson,2,420.68703332975247,0.037835542406268755,809.5402224808745
2023-05-17,Product B,South,CUST3351,new,Sarah Johnson,1,212.98055586658796,0.06592255879008695,198.94033265132742
2023-05-17,Product C,East,CUST2429,new,Mike Brown,2,463.3075462669918,0.023485869299860053,904.8527315794527
2023-05-17,Product C,Central,CUST4614,returning,John Smith,4,547.2833823552899,0.07267491322834767,2030.0384401252104
2023-05-17,Product A,South,CUST4676,returning,John Smith,3,82.9229060901309,0.09386003157947276,225.4192785175487
2023-05-17,Product C,East,CUST1222,returning,Mike Brown,2,571.3168888454915,0.017311502592884487,1122.853070085768
2023-05-17,Product A,Central,CUST2717,returning,Robert Wilson,3,87.68517308807466,0.019074826370580278,258.0377809084361
2023-05-17,Product E,Central,CUST1414,new,Sarah Johnson,2,1335.4110560071324,0.0029293705005370655,2662.998284507148
2023-05-17,Product C,Central,CUST3366,returning,Sarah Johnson,4,575.440668818801,0.09854203500012167,2074.942297166261
2023-05-17,Product B,South,CUST2473,returning,Mike Brown,4,295.9984908237675,0.0978248351872617,1068.169948973017
2023-05-18,Product C,West,CUST2105,returning,Sarah Johnson,1,508.2205832908302,0.013873918710974476,501.16957223100917
2023-05-18,Product A,South,CUST2316,returning,Emily Davis,2,117.69999719491562,0.08959091387314909,214.3102937667121
2023-05-18,Product D,West,CUST4983,returning,Mike Brown,3,65.31667149919409,0.006480982565386251,194.68006586993624
2023-05-18,Product B,Central,CUST3189,returning,Emily Davis,2,239.05621024270317,0.015001936178986208,470.9398084669037
2023-05-18,Product A,East,CUST3557,returning,John Smith,1,86.51488912657392,0.038149129324222736,83.21442143281345
2023-05-18,Product A,East,CUST4452,returning,Emily Davis,3,93.79739743775278,0.0835588608892925,257.8793812604217
2023-05-18,Product B,Central,CUST2854,new,Mike Brown,3,275.05149276387743,0.015946009778676717,811.996556911875
2023-05-18,Product E,East,CUST4205,returning,Robert Wilson,3,1623.4125878714297,0.043964232052484654,4656.121500423977
2023-05-18,Product B,South,CUST2117,new,Robert Wilson,2,243.24800004219273,0.008985791800004684,482.1244483160921
2023-05-18,Product A,North,CUST4569,returning,Emily Davis,3,97.31003476443998,0.06552324845763441,272.80189553744555
2023-05-18,Product A,Central,CUST2928,returning,Sarah Johnson,4,100.19208132829571,0.030224939491319748,388.65512693055433
2023-05-18,Product B,South,CUST3949,returning,Mike Brown,3,212.58386905136692,0.059537336654889354,599.7815750167703
2023-05-18,Product D,South,CUST4035,new,Emily Davis,4,70.775179516779,0.009149269734091248,280.5105532356051
2023-05-18,Product E,North,CUST2961,new,Mike Brown,1,1223.6156344192555,0.06736543307822433,1141.186237285316
2023-05-18,Product E,North,CUST3748,returning,Emily Davis,4,1403.2524673346172,0.0639664266789842,5253.965685083015
2023-05-18,Product E,South,CUST2753,returning,Robert Wilson,4,1688.8187076720094,0.05695659175775012,6370.5173999451345
2023-05-18,Product B,North,CUST2210,returning,Mike Brown,4,281.56217710403865,0.08433026752039909,1031.2718535409163
2023-05-18,Product B,West,CUST3947,returning,Sarah Johnson,2,281.4701759066655,0.020501922487209,551.398992355532
2023-05-18,Product D,North,CUST1228,new,Mike Brown,3,61.50321089819905,0.009648201973516846,182.72944649230024
2023-05-18,Product A,North,CUST4341,new,Sarah Johnson,4,110.42171938623227,0.04289659756867638,422.740013307519
2023-05-18,Product D,East,CUST3762,returning,Sarah Johnson,4,86.22328883154451,0.02762653791314248,335.364951494576
2023-05-18,Product A,East,CUST1956,returning,Mike Brown,3,108.26243257291992,0.018086505520919862,318.91303046544476
2023-05-18,Product E,South,CUST4509,returning,John Smith,3,1628.4076807489607,0.07652433228607584,4511.384610870387
2023-05-18,Product C,Central,CUST4063,new,Robert Wilson,1,593.286962016864,0.08773650457130683,541.2340377617747
2023-05-18,Product A,North,CUST3782,new,Emily Davis,3,83.23764537236075,0.07238286818229452,231.63799757870572
2023-05-18,Product A,Central,CUST1117,returning,Emily Davis,3,81.51577451535985,0.0828054972969273,224.29746080721384
2023-05-18,Product E,Central,CUST3429,new,Mike Brown,3,1404.2704173261634,0.0625935114219451,3949.1166027592753
2023-05-18,Product E,East,CUST4554,returning,Sarah Johnson,3,1300.1867293374064,0.023595178919452675,3808.5257724899775
2023-05-18,Product B,East,CUST1168,new,John Smith,3,205.45760919496763,0.05298630908366776,583.713506431715
2023-05-18,Product A,West,CUST1020,returning,Sarah Johnson,4,91.83778660953321,0.04199338384714357,351.92482873906806
2023-05-18,Product A,East,CUST3297,new,John Smith,4,115.1906775163826,0.02143398793429756,450.88672769741163
2023-05-18,Product A,West,CUST4953,new,Mike Brown,3,108.01540532573173,0.06415699856658924,303.2563833632376
2023-05-18,Product E,Central,CUST3810,returning,John Smith,4,1297.8770237957933,0.08249338376407947,4763.243025572902
2023-05-18,Product E,North,CUST3558,returning,Sarah Johnson,2,1212.0088159037598,0.01686282108850954,2383.1418561669566
2023-05-18,Product B,South,CUST3386,new,Mike Brown,4,218.63334763444075,0.06963459560952809,813.6356115406363
2023-05-18,Product B,East,CUST3796,returning,John Smith,4,254.79144436766492,0.0551788781106658,962.9293532610442
2023-05-18,Product D,Central,CUST1356,new,Emily Davis,4,87.2645478840506,0.012032665739753501,344.85809099372443
2023-05-18,Product A,East,CUST3495,returning,John Smith,1,116.52976903134532,0.06530842219930989,108.91939367665816
2023-05-18,Product B,West,CUST3491,returning,John Smith,4,206.66655512758234,0.07915410063332003,761.2321993018884
2023-05-18,Product A,South,CUST2727,new,Sarah Johnson,1,114.56753450219344,0.09445632635822526,103.74590607319703
2023-05-18,Product C,North,CUST2211,returning,Sarah Johnson,2,592.6315400512204,0.054790095698710906,1120.3224025154793
2023-05-18,Product B,North,CUST2369,returning,Robert Wilson,1,207.75884516893646,0.0850805957967449,190.08259883991968
2023-05-19,Product E,Central,CUST1763,returning,Mike Brown,2,1236.469105490802,0.06967136003530283,2300.6452425392467
2023-05-19,Product D,East,CUST4587,returning,Emily Davis,4,73.24213199629425,0.03396453230720148,283.01798895143116
2023-05-19,Product E,South,CUST2842,returning,Mike Brown,4,1576.3757805449038,0.09709840578768707,5693.2488213266915
2023-05-19,Product B,South,CUST1472,returning,Robert Wilson,4,280.1155597301157,0.05358278394494423,1060.4247528539192
2023-05-19,Product C,West,CUST3635,new,Robert Wilson,3,503.05908752628915,0.03329403604221914,1458.9306604044689
2023-05-19,Product A,North,CUST3241,new,Robert Wilson,3,82.83542023236505,0.02647522350662096,241.92700190234495
2023-05-19,Product A,East,CUST3673,returning,Sarah Johnson,2,86.74238688224888,0.040423575583947935,166.47189889956448
2023-05-19,Product A,South,CUST1363,new,Mike Brown,3,80.08028183355897,0.08620508569761279,219.53086282622414
2023-05-19,Product A,Central,CUST4723,returning,Sarah Johnson,2,111.75754826127826,0.04639324537746842,213.145505804017
2023-05-19,Product C,Central,CUST2054,new,Sarah Johnson,2,597.0770280535811,0.0831332983608313,1094.8800906720087
2023-05-19,Product C,West,CUST1162,returning,Emily Davis,2,566.4973549239289,0.019703508646796333,1110.670738785596
2023-05-19,Product C,South,CUST2417,returning,Sarah Johnson,4,445.88373530314266,0.06183533789785556,1673.2494554700593
2023-05-19,Product D,North,CUST3181,new,Mike Brown,4,86.67676806254681,0.04554781515951109,330.9153226088405
2023-05-19,Product A,West,CUST3930,new,Sarah Johnson,1,119.84316515627307,0.04432859860792396,114.53068559215751
2023-05-19,Product A,East,CUST2054,new,Sarah Johnson,1,105.95393314778059,0.02764105410936747,103.02525474854248
2023-05-19,Product B,North,CUST2967,returning,Robert Wilson,3,271.58744169317083,0.09743585996158888,735.3752572710865
2023-05-19,Product A,East,CUST3290,returning,John Smith,4,114.3185372799602,0.08689994079518028,417.5370526341602
2023-05-19,Product C,West,CUST3082,new,Robert Wilson,3,477.5861075309744,0.03396784377292255,1384.0906117267323
2023-05-19,Product B,South,CUST4686,returning,Emily Davis,4,245.8728824200241,0.07123626634428191,913.4312651244597
2023-05-19,Product C,South,CUST3639,returning,Robert Wilson,4,557.398016676965,0.07164779669139498,2069.846707607628
2023-05-19,Product E,North,CUST1972,returning,John Smith,4,1642.05635683926,0.003387266022160629,6545.977100541061
2023-05-19,Product A,East,CUST2659,returning,John Smith,3,92.48754947089202,0.031036337588407938,268.8512239883665
2023-05-19,Product B,East,CUST1809,returning,John Smith,4,290.0679387020017,0.06856766363336941,1080.7146314010322
2023-05-19,Product E,East,CUST3644,returning,Emily Davis,1,1732.0358298869935,0.06386437600345539,1621.4204423956337
2023-05-19,Product B,South,CUST4422,returning,Robert Wilson,4,281.1866620090068,0.017073207611304965,1105.5436150039889
2023-05-19,Product A,East,CUST3222,new,Sarah Johnson,1,97.92955386221585,0.0917541081596636,88.9441149851145
2023-05-19,Product A,South,CUST1122,returning,Robert Wilson,2,95.23134938368439,0.08821077571882531,173.66183636359824
2023-05-19,Product C,East,CUST3814,returning,Sarah Johnson,2,468.34860697592774,0.020870041614180934,917.1483041167929
2023-05-19,Product A,North,CUST3082,returning,John Smith,3,107.97588429863158,0.05390901450222475,306.4650323582583
2023-05-19,Product A,East,CUST3257,new,Robert Wilson,1,93.21032993475423,0.07147905784378072,86.54774336971005
2023-05-19,Product A,Central,CUST1240,returning,Mike Brown,2,104.54336739423506,0.002390535249779624,208.58690557869696
2023-05-19,Product B,South,CUST4616,returning,Robert Wilson,4,258.0171869991304,0.010001809002432228,1021.746193501681
2023-05-20,Product D,West,CUST4411,returning,Mike Brown,3,64.68720438315309,0.02273024072385238,189.65054596731295
2023-05-20,Product C,North,CUST4435,new,Mike Brown,4,534.8922566888748,0.013939726746634396,2109.7440191669652
2023-05-20,Product A,East,CUST1280,returning,Emily Davis,3,92.42786631756688,0.08892900220719557,252.62504516941678
2023-05-20,Product E,South,CUST2495,returning,John Smith,4,1479.1435891079616,0.04923677275853299,5625.261329335248
2023-05-20,Product A,South,CUST1684,new,Emily Davis,2,118.45883538098995,0.05655235303815723,223.51941900407053
2023-05-20,Product B,Central,CUST4380,returning,Robert Wilson,4,239.0038277654305,0.01937687948912258,937.4907175895229
2023-05-20,Product B,East,CUST3348,returning,Robert Wilson,3,226.89043045614815,0.09664784551311856,614.8858775550522
2023-05-20,Product B,South,CUST2098,new,John Smith,2,287.2520516846182,0.0041950151490050104,572.094049952437
2023-05-20,Product C,East,CUST1043,returning,John Smith,4,513.8261005424882,0.07979467708924226,1891.3020510787035
2023-05-20,Product A,North,CUST2922,returning,Mike Brown,4,98.50332746597789,0.036564216270421133,379.606521988623
2023-05-20,Product D,North,CUST3375,returning,Robert Wilson,1,77.57677037159183,0.04319334233634767,74.22597037158344
2023-05-20,Product E,North,CUST3414,new,John Smith,3,1426.6795957212264,0.02928128551047844,4154.713749440818
2023-05-20,Product A,West,CUST4847,new,Emily Davis,4,91.18284021482278,0.058906011416596384,343.246491152523
2023-05-20,Product B,South,CUST1157,new,Sarah Johnson,3,221.4554207642791,0.018391205123282506,652.1477660860212
2023-05-20,Product B,South,CUST2401,returning,Robert Wilson,3,256.15359031013367,0.019303616221432108,753.6266991271347
2023-05-20,Product B,East,CUST3928,returning,Emily Davis,2,213.30866391727977,0.07949295174367307,392.7042571799921
2023-05-20,Product C,East,CUST4195,returning,Robert Wilson,2,533.7431146138337,0.04258171465117016,1022.0308352206412
2023-05-20,Product B,North,CUST3137,returning,Robert Wilson,4,252.8140057273754,0.0536811883602784,956.9705978632306
2023-05-20,Product D,Central,CUST2967,returning,John Smith,2,87.10893181131316,0.07321198004106302,161.46302886828997
2023-05-20,Product B,South,CUST2016,returning,Robert Wilson,1,264.87986245788886,0.04261464082805019,253.59210225666257
2023-05-20,Product A,West,CUST3023,returning,John Smith,1,118.7783426728283,0.09979662998077837,106.92466435937796
2023-05-20,Product B,South,CUST1957,returning,John Smith,4,260.9174879379658,0.003678891671883078,1039.8304030581687
2023-05-20,Product A,South,CUST2169,returning,Sarah Johnson,2,108.74781548590155,0.029835363065288334,211.0065698566454
2023-05-20,Product E,West,CUST3976,returning,Emily Davis,3,1245.9617450149262,0.0031162353200503315,3726.2371050530373
2023-05-20,Product A,Central,CUST3958,returning,Sarah Johnson,3,115.60625450293578,0.060546486022228875,325.8201060917747
2023-05-20,Product B,West,CUST2649,returning,Mike Brown,4,206.2850678257835,0.03690146993459455,794.6913823898183
2023-05-20,Product B,Central,CUST4187,new,Robert Wilson,4,203.43682059013483,0.07007318803632652,756.7254160296395
2023-05-20,Product B,North,CUST4227,returning,Mike Brown,3,246.6003514353013,0.03174161337163852,716.3185752681953
2023-05-20,Product A,South,CUST1151,returning,Sarah Johnson,2,83.13874446976219,0.002772532476184919,165.81647920138107
2023-05-20,Product C,East,CUST3793,new,Robert Wilson,1,599.006245001207,0.056184637471920255,565.3512962823979
2023-05-20,Product E,South,CUST4206,returning,Sarah Johnson,1,1437.035060707365,0.09264138785836978,1303.906138282298
2023-05-20,Product C,North,CUST2133,new,John Smith,1,597.3093530613568,0.003993218926560927,594.9241660477003
2023-05-20,Product B,East,CUST2406,new,John Smith,2,273.821680013632,0.07070338880338366,508.9231186176649
2023-05-20,Product A,North,CUST3044,returning,Mike Brown,3,82.65404687951924,0.06154056774277708,232.70240972494656
2023-05-20,Product A,Central,CUST3118,returning,Emily Davis,4,117.68802645906187,0.046360217956334375,448.9279356062757
2023-05-21,Product A,West,CUST2554,returning,Emily Davis,4,117.51169147147125,0.04475002725236546,449.0121603026054
2023-05-21,Product E,Central,CUST1162,new,Robert Wilson,4,1714.2707703743413,0.08924554581474337,6245.11895919209
2023-05-21,Product C,West,CUST3457,new,Robert Wilson,3,557.723549861421,0.0425449116551817,1601.9857521136578
2023-05-21,Product B,West,CUST4147,new,Emily Davis,3,262.01095320161573,0.09765873392003843,709.2698857162906
2023-05-21,Product D,East,CUST4908,returning,John Smith,4,82.38798183996614,0.024443944597169323,321.49637830558964
2023-05-21,Product D,North,CUST3423,returning,John Smith,4,72.69354592643191,0.03498087486871944,280.60264837046356
2023-05-21,Product C,East,CUST2615,new,Mike Brown,3,480.5999518107205,0.020491298052653917,1412.2555048622276
2023-05-21,Product E,Central,CUST2883,returning,Sarah Johnson,4,1689.1426296835932,0.06095812963036007,6344.702617196694
2023-05-21,Product A,East,CUST3083,returning,Emily Davis,1,81.64397261412073,0.024241591254486383,79.66479280161673
2023-05-21,Product A,Central,CUST3326,returning,Sarah Johnson,2,98.1707097281049,0.046389402044042675,187.23325841115766
2023-05-21,Product A,West,CUST3513,returning,John Smith,1,98.12696115874931,0.058169058474768026,92.41900821715473
2023-05-21,Product D,Central,CUST4419,returning,Mike Brown,1,74.25911024002859,0.060873048258484865,69.73873183875519
2023-05-21,Product A,West,CUST2576,new,Sarah Johnson,2,96.42558528084496,0.026905105508048567,187.66248947037698
2023-05-21,Product B,East,CUST2237,returning,Mike Brown,1,276.82226713364815,0.04875653632789248,263.3253722097769
2023-05-21,Product E,South,CUST4760,new,Robert Wilson,1,1271.116817292076,0.003929783322880354,1266.1216036220487
2023-05-21,Product C,North,CUST2634,returning,Emily Davis,4,446.4277904730666,0.020536788373873197,1749.0383896636217
2023-05-21,Product B,North,CUST3938,new,Emily Davis,2,289.70027943777114,0.04924422608665016,550.8684267595437
2023-05-21,Product C,Central,CUST3967,new,Robert Wilson,1,405.52321145245406,0.01848973952231994,398.0251929024435
2023-05-21,Product A,North,CUST1518,new,Sarah Johnson,3,105.02692849555034,0.07984798344547435,289.9222201431258
2023-05-21,Product B,West,CUST3025,returning,Mike Brown,3,290.07820001884255,0.08054816933119102,800.1387961333131
2023-05-21,Product B,Central,CUST2998,new,Mike Brown,4,249.12676284900007,0.09556686621834433,901.2739953296019
2023-05-21,Product B,South,CUST1166,new,John Smith,3,222.02661531837884,0.06626005028802849,621.9453618663069
2023-05-21,Product B,West,CUST1202,returning,Sarah Johnson,3,207.77119756888908,0.06468795433192011,582.9927114871933
2023-05-21,Product B,West,CUST3396,returning,Robert Wilson,1,231.77475645481277,0.07949509328246772,213.3498005699162
2023-05-21,Product C,Central,CUST2875,returning,John Smith,2,516.8525854545587,0.020290579555517788,1012.7306939018358
2023-05-21,Product C,South,CUST2020,new,Emily Davis,3,418.76546131519285,0.03771170641716803,1208.9193035412732
2023-05-21,Product B,Central,CUST2964,new,John Smith,4,297.23654847799787,0.05823966042362147,1119.7023713166
2023-05-21,Product A,Central,CUST2371,returning,John Smith,2,98.73297229474221,0.06457649506929368,184.71428599234818
2023-05-21,Product A,Central,CUST3719,returning,Mike Brown,1,116.53485188632828,0.0932292575873167,105.67039416191798
2023-05-21,Product A,West,CUST3659,new,Emily Davis,3,115.62561270124874,0.04008631794863805,332.97182288250116
2023-05-21,Product A,South,CUST2377,returning,Emily Davis,1,115.53405508190167,0.020849447495426054,113.1252338665379
2023-05-21,Product B,South,CUST4084,returning,Robert Wilson,2,280.7893356934504,0.0013133373709933727,560.8411291310156
2023-05-21,Product D,West,CUST3844,new,Emily Davis,3,80.92904468497993,0.08467562669950396,222.22898132426127
2023-05-21,Product D,Central,CUST2179,returning,Robert Wilson,2,60.961118003091855,0.05590065389858902,115.10670328865994
2023-05-21,Product D,West,CUST2563,returning,John Smith,2,79.84206099356349,0.05463684910261374,150.95948471003297
2023-05-21,Product B,North,CUST1437,returning,John Smith,3,281.1339479201512,0.05625228436045802,795.9585634151059
2023-05-21,Product E,East,CUST1448,returning,Robert Wilson,3,1235.98756331491,0.0772956712350709,3421.353224910853
2023-05-21,Product B,Central,CUST2094,returning,John Smith,1,246.16114176657774,0.053085631739973396,233.09352204606583
2023-05-21,Product C,Central,CUST3895,returning,Emily Davis,2,536.9706006656415,0.05109967919343425,1019.0631504706431
2023-05-21,Product B,West,CUST3945,returning,Mike Brown,2,214.7301345711893,0.057109260898625405,404.93411058633257
2023-05-21,Product C,Central,CUST4209,returning,Mike Brown,1,525.6558918130428,0.008280427471454577,521.3032363259422
2023-05-21,Product E,Central,CUST3832,new,Robert Wilson,3,1307.7263224765002,0.026682176673905957,3818.500013097195
2023-05-22,Product D,North,CUST1952,returning,Sarah Johnson,4,81.32626882750627,0.06662630261917867,303.63120091886464
2023-05-22,Product A,Central,CUST2084,returning,John Smith,1,106.29885475424614,0.024024555751998845,103.74507199182912
2023-05-22,Product B,South,CUST4205,returning,Sarah Johnson,3,256.45840583758894,0.06819974472807336,716.9040240782901
2023-05-22,Product E,East,CUST2070,returning,John Smith,2,1391.8174119997502,0.052178881713734415,2638.387871783799
2023-05-22,Product E,West,CUST3746,new,Mike Brown,2,1689.3726184652944,0.009851507346853383,3345.459503405821
2023-05-22,Product A,South,CUST4317,new,Robert Wilson,3,114.27875341315865,0.03351242666962247,331.34698520851293
2023-05-22,Product C,South,CUST1416,returning,Sarah Johnson,2,569.0267051040989,0.06011294099302688,1069.6416727134394
2023-05-22,Product A,West,CUST1877,new,Robert Wilson,2,101.84991870411555,0.0024496731751618706,203.20083938074734
2023-05-22,Product E,West,CUST3875,new,Emily Davis,4,1358.2189532706402,0.027014708049410953,5286.108259123429
2023-05-22,Product A,North,CUST2482,returning,John Smith,2,82.48099501411133,0.030065187300516397,160.00237690055823
2023-05-22,Product C,West,CUST1280,new,Emily Davis,3,400.1714581376432,0.03654258803022472,1156.644472204395
2023-05-22,Product D,East,CUST2902,new,Robert Wilson,4,64.87437460130711,0.09739238788871947,234.22441738439406
2023-05-22,Product B,North,CUST4705,new,Mike Brown,1,209.66897163377433,0.07179144017227383,194.61653420074606
2023-05-22,Product A,West,CUST2363,returning,Mike Brown,2,96.07478062596996,0.007096463328553549,190.7859789369179
2023-05-22,Product E,South,CUST2056,returning,Emily Davis,2,1721.3000836209644,0.09007947002628694,3132.492568664369
2023-05-22,Product A,South,CUST2872,returning,Mike Brown,2,92.14420188348369,0.07879702674082639,169.76702548731743
2023-05-22,Product C,Central,CUST2562,new,Robert Wilson,4,549.8209922799496,0.09167675026668848,1997.6607619172712
2023-05-22,Product C,North,CUST4901,returning,Emily Davis,3,539.8549590670781,0.03679133130975384,1559.9789292264827
2023-05-22,Product E,East,CUST3483,returning,Emily Davis,1,1584.5713319089052,0.08595595326534654,1448.3679925577355
2023-05-22,Product A,Central,CUST1895,returning,John Smith,2,88.00863988338008,0.08457959326969645,161.1298098356492
2023-05-22,Product A,North,CUST4964,returning,Robert Wilson,1,82.74011852408523,0.07901235947217104,76.20262653649017
2023-05-22,Product B,South,CUST4909,returning,Emily Davis,1,248.18912312704396,0.071977812682247,230.32501291283444
2023-05-22,Product A,Central,CUST2338,new,John Smith,4,100.97501946621428,0.0003124349647371627,403.773885358272
2023-05-22,Product A,Central,CUST4598,returning,John Smith,3,98.64263137274942,0.09383297785765186,268.16009858198913
2023-05-22,Product B,West,CUST1041,new,Robert Wilson,4,224.2180718172753,0.05461444704633772,847.8901032287151
2023-05-22,Product B,West,CUST2415,new,John Smith,2,250.7659996451231,0.03198504928457496,485.4904735751562
2023-05-22,Product A,South,CUST3669,new,Robert Wilson,3,101.86598201213587,0.05348181649431442,289.2540127654491
2023-05-22,Product A,South,CUST1833,returning,John Smith,1,114.68656386470708,0.03155988352855745,111.06706926684646
2023-05-22,Product C,West,CUST3292,returning,Mike Brown,4,591.7108015899055,0.044029004600869615,2262.633455937277
2023-05-22,Product A,East,CUST2892,new,John Smith,2,97.1577999124132,0.08315546881815777,178.15719502271142
2023-05-22,Product C,East,CUST1674,returning,John Smith,4,596.2820640735811,0.09659770015516557,2154.730352161192
2023-05-22,Product A,Central,CUST4954,returning,Emily Davis,3,101.8121280946303,0.018683440629458304,299.72978173204643
2023-05-22,Product A,West,CUST4546,returning,Emily Davis,2,94.16522545390781,0.02311748711880426,183.9767241348756
2023-05-22,Product A,South,CUST2475,returning,Emily Davis,4,119.38966428546695,0.07699681218792903,440.7881629091958
2023-05-22,Product C,West,CUST2807,returning,Mike Brown,2,524.285875723901,0.09991495667786589,943.8037503282609
2023-05-22,Product A,West,CUST4709,returning,John Smith,4,97.48356480557483,0.016107417806946866,383.6534251917634
2023-05-22,Product A,West,CUST1424,returning,Robert Wilson,2,91.77559543756949,0.07464597592217775,169.8498331005863
2023-05-22,Product C,Central,CUST4403,returning,Emily Davis,1,400.22919012565126,0.039505677360325044,384.4178648703631
2023-05-22,Product B,South,CUST3993,returning,Sarah Johnson,4,290.02770271276916,0.024620476850878162,1131.5483294880642
2023-05-22,Product C,East,CUST2767,returning,Mike Brown,4,401.97665755509234,0.045383788125698044,1534.9337363885431
2023-05-22,Product A,South,CUST3805,returning,Robert Wilson,1,101.34805988706206,0.052254483131130694,96.05216940132075
2023-05-22,Product B,Central,CUST1256,returning,Mike Brown,3,268.32766104223896,0.006395789681913955,799.8344812691186
2023-05-22,Product D,Central,CUST2464,returning,Sarah Johnson,2,61.36808171478259,0.018076991930090314,120.51746279371869
2023-05-23,Product C,North,CUST4260,returning,Robert Wilson,4,533.5763877002723,0.08013471439617123,1963.2735850534812
2023-05-23,Product B,Central,CUST3738,new,Robert Wilson,1,282.2182905816734,0.061958710022268805,264.7324093525431
2023-05-23,Product D,West,CUST3841,returning,Sarah Johnson,2,62.80793418379963,0.06039282843853099,118.02957078011775
2023-05-23,Product C,Central,CUST1001,returning,Mike Brown,2,576.534387060129,0.02022608776840129,1129.7467038918987
2023-05-23,Product B,East,CUST2087,returning,Sarah Johnson,2,217.86536508259965,0.09467672854968892,394.477170104591
2023-05-23,Product E,Central,CUST3568,returning,Robert Wilson,1,1759.4566697872892,0.010665506962969064,1740.6911724246304
2023-05-23,Product A,East,CUST1443,new,Robert Wilson,2,87.28437049372263,0.07848683119938885,160.86739368087382
2023-05-23,Product A,West,CUST1676,returning,Sarah Johnson,1,110.77298015614723,0.0009581015098923507,110.66684839660434
2023-05-23,Product C,Central,CUST3398,returning,John Smith,2,437.6828957090947,0.06623155244421268,817.3889560960058
2023-05-23,Product E,South,CUST3441,returning,Robert Wilson,3,1770.6762193604266,0.004984687411445432,5285.549855700105
2023-05-23,Product C,Central,CUST1565,returning,John Smith,4,440.5681588161361,0.021941563855690384,1723.6056177067517
2023-05-23,Product A,West,CUST2577,returning,Robert Wilson,3,83.79330455276836,0.06921053978139173,233.98177414381416
2023-05-23,Product B,Central,CUST4630,new,Robert Wilson,1,259.42460053504044,0.03776290801401447,249.62797320846326
2023-05-23,Product C,Central,CUST4800,new,John Smith,2,498.26712383484613,0.0921866435515026,904.6671001929014
2023-05-23,Product A,South,CUST4435,returning,Robert Wilson,1,88.09123070157504,0.08553476686836227,80.5563678203687
2023-05-23,Product A,South,CUST2857,returning,Emily Davis,3,91.72472412947795,0.07304362943536913,255.07445211030867
2023-05-23,Product C,West,CUST4363,returning,Robert Wilson,3,536.9736680053695,0.03063503081851944,1561.5703894118747
2023-05-23,Product D,West,CUST4000,new,John Smith,1,65.33409714330244,0.012711929185704851,64.50357472700482
2023-05-23,Product C,Central,CUST1164,returning,John Smith,3,574.7998851075788,0.046100984883962116,1644.9031328787935
2023-05-23,Product D,South,CUST4668,returning,Emily Davis,1,88.1829488129939,0.09628366332428062,79.69237145854132
2023-05-23,Product A,South,CUST1061,new,John Smith,4,88.50712512038797,0.08129477019446214,325.2478348926141
2023-05-23,Product C,West,CUST2903,returning,Mike Brown,1,433.02974242199485,0.05365770177834342,409.7943616419626
2023-05-23,Product E,East,CUST1856,returning,John Smith,3,1547.9362984495685,0.004533130204799407,4622.757904979884
2023-05-23,Product C,West,CUST3013,new,Mike Brown,4,404.3965413468817,0.09854753990044324,1458.1770282115947
2023-05-23,Product E,Central,CUST2772,new,Mike Brown,4,1359.6899681578388,0.061355091033575976,5105.064265536299
2023-05-23,Product A,West,CUST4493,new,Robert Wilson,4,112.38609328281808,0.010649631700445106,444.7568911244168
2023-05-23,Product E,South,CUST3113,returning,Robert Wilson,3,1762.9527466291022,0.07605020044172399,4886.639510636014
2023-05-23,Product C,East,CUST4296,returning,Sarah Johnson,3,409.32829018516225,0.01942367580066491,1204.1328905416956
2023-05-23,Product D,West,CUST2002,returning,Sarah Johnson,3,76.66176536934887,0.09218345099671071,208.7844578343065
2023-05-23,Product E,West,CUST3439,new,John Smith,3,1718.309509782333,0.05308079280904163,4881.300836135312
2023-05-23,Product C,Central,CUST1574,new,Robert Wilson,4,596.300737860644,0.040816466490155495,2287.8473951028
2023-05-23,Product E,North,CUST1993,new,Sarah Johnson,4,1269.9280126291185,0.07570960836883199,4695.129040545435
2023-05-23,Product A,East,CUST1485,new,Emily Davis,3,106.40753111370303,0.03579678255596656,307.7954515803257
2023-05-23,Product A,North,CUST3967,returning,Robert Wilson,2,101.8720810365805,0.07034631642899991,189.41151077740096
2023-05-23,Product A,South,CUST3610,new,Mike Brown,3,111.14141484013622,0.04293839966655334,319.10754105067275
2023-05-24,Product A,South,CUST1168,new,Emily Davis,2,99.24718636448769,0.02888277800310779,192.76130382657826
2023-05-24,Product D,North,CUST2972,new,Sarah Johnson,2,61.105554621773756,0.0675814866416092,113.95190079674846
2023-05-24,Product B,North,CUST2123,new,Emily Davis,1,266.70015326808647,0.02903206039335662,258.9572983114899
2023-05-24,Product A,West,CUST3522,returning,Robert Wilson,2,111.68423117659832,0.07924119971840687,205.66847741707355
2023-05-24,Product C,East,CUST3604,returning,John Smith,4,542.0871616481738,0.01964140868147011,2125.7592246610557
2023-05-24,Product D,East,CUST2184,returning,Robert Wilson,1,63.11345784530016,0.01583892611869916,62.11380844939281
2023-05-24,Product D,West,CUST3497,returning,Mike Brown,3,68.91265959561723,0.05573119719840234,195.2162237226825
2023-05-24,Product A,East,CUST1363,returning,Emily Davis,3,100.03987346448781,0.0756732313125627,277.40859893799035
2023-05-24,Product A,Central,CUST4544,new,Mike Brown,1,107.08579749316654,0.050825196965292335,101.64314074339094
2023-05-24,Product C,East,CUST4976,returning,Robert Wilson,2,582.4119795642015,0.06150511655285649,1093.1813257586507
2023-05-24,Product B,East,CUST2513,returning,Emily Davis,4,207.66036163137102,0.03370713620905832,802.6429021465603
2023-05-24,Product A,North,CUST1102,returning,Emily Davis,1,106.30108138788425,0.09447301283260302,96.25849796180708
2023-05-24,Product C,West,CUST2408,new,Robert Wilson,4,522.0516910380463,0.07179305248344979,1938.2880263371126
2023-05-24,Product A,South,CUST4369,returning,John Smith,2,86.68294625407992,0.022768662592959843,169.4185829965142
2023-05-24,Product A,North,CUST4894,new,Robert Wilson,4,111.23302851308536,0.051258396693423317,422.12560724860305
2023-05-24,Product A,West,CUST1857,returning,Emily Davis,1,91.55687327263388,0.08136238231382414,84.1075879459675
2023-05-24,Product C,East,CUST1437,returning,Robert Wilson,3,567.1702642359908,0.04069359120313468,1632.2702080817926
2023-05-24,Product B,South,CUST2868,new,John Smith,3,212.85515978604494,0.002629444066838671,636.8864071471486
2023-05-24,Product B,North,CUST1513,returning,Sarah Johnson,1,289.05024873479124,0.08037549475691907,265.81769198312185
2023-05-24,Product C,East,CUST4456,returning,Emily Davis,1,547.4213960806607,0.06675288182241695,510.87944032102575
2023-05-24,Product A,East,CUST1027,returning,Robert Wilson,3,84.93014832552237,0.004321993725495721,253.68924227206213
2023-05-24,Product B,West,CUST1657,returning,Mike Brown,1,246.3328901546273,0.004961273666193178,245.1107652735859
2023-05-24,Product B,North,CUST2222,new,Emily Davis,2,283.4571956870947,0.008182332708871698,562.2757092065183
2023-05-24,Product E,North,CUST4642,returning,John Smith,4,1293.5557513042988,0.08604899427966485,4728.986319439551
2023-05-24,Product A,West,CUST3941,returning,Robert Wilson,4,108.26265360994908,0.047069121764044576,412.6673023387353
2023-05-24,Product A,East,CUST4201,returning,Emily Davis,4,115.32611945487328,0.037195495773769974,444.146029064337
2023-05-24,Product B,East,CUST2517,new,Emily Davis,1,222.40825915780033,0.015667213434751803,218.9237414919235
2023-05-24,Product B,East,CUST3321,returning,John Smith,2,242.9656922186002,0.02763793453158995,472.5012446472802
2023-05-24,Product A,Central,CUST1518,returning,Emily Davis,1,103.87152920057761,0.05322968174831954,98.34248075851959
2023-05-24,Product B,East,CUST1391,returning,Robert Wilson,3,215.63145983418178,0.05257479140952607,612.8840424362043
2023-05-24,Product B,West,CUST3035,returning,Sarah Johnson,1,225.80438940367156,0.01695860008207134,221.9750630669984
2023-05-24,Product A,South,CUST2238,returning,Sarah Johnson,2,97.04341054690818,0.09885030699282063,174.90127924543197
2023-05-25,Product A,West,CUST2318,new,Sarah Johnson,2,116.60973240110728,0.02114130157759041,228.28890176306672
2023-05-25,Product E,Central,CUST1122,new,John Smith,3,1200.512218462442,0.04745464264481737,3430.6270204337097
2023-05-25,Product B,North,CUST1785,returning,Emily Davis,1,255.32374528854945,0.07165271762214047,237.0291050651617
2023-05-25,Product A,West,CUST2589,returning,Emily Davis,4,95.18616063474693,0.010996482813170616,376.55779062110093
2023-05-25,Product B,East,CUST2463,new,Sarah Johnson,1,289.6827329086946,0.049637480797285416,275.3036118166341
2023-05-25,Product C,South,CUST1172,returning,Mike Brown,1,534.5964614547296,0.02676481623668492,520.2880854031117
2023-05-25,Product B,Central,CUST1385,returning,Sarah Johnson,1,278.8205111071631,0.05457313273906327,263.6044023441384
2023-05-25,Product A,North,CUST1066,new,Emily Davis,1,91.72663922923661,0.09355655602022196,83.14501076763985
2023-05-25,Product C,West,CUST1743,new,John Smith,1,478.8475472258602,0.06339032270481124,448.49324668080556
2023-05-25,Product C,South,CUST3255,new,Sarah Johnson,4,433.8495194885789,0.048247202299006545,1651.6699758179466
2023-05-25,Product C,East,CUST4722,returning,John Smith,3,581.3366277296585,0.03615902664203097,1680.94818335878
2023-05-25,Product B,Central,CUST4460,returning,Emily Davis,2,278.08146310852953,0.010358865463202915,550.4017092887552
2023-05-25,Product A,South,CUST1470,returning,Emily Davis,2,112.48406912868884,0.08828056791884849,205.10782324837035
2023-05-25,Product A,North,CUST1779,returning,Sarah Johnson,3,109.29471600589262,0.06943854525115413,305.1163497684162
2023-05-25,Product C,Central,CUST3875,returning,Robert Wilson,1,551.5053988265689,0.07250068244473122,511.520881039689
2023-05-25,Product C,East,CUST2431,returning,Robert Wilson,3,531.9405879120513,0.0745751329984277,1476.8131434637448
2023-05-25,Product E,South,CUST2127,returning,Sarah Johnson,1,1675.211524764081,0.003743197745307014,1668.9408767616717
2023-05-25,Product B,Central,CUST1255,returning,Emily Davis,4,218.3845726889298,0.08837870622601444,796.3361067798447
2023-05-25,Product B,West,CUST1974,new,Robert Wilson,4,239.0640654804339,0.05278742078895624,905.7779602415985
2023-05-25,Product E,South,CUST4906,new,John Smith,1,1551.7607059159607,0.04661145249394758,1479.4308854901842
2023-05-25,Product A,South,CUST1222,returning,Sarah Johnson,3,97.30640430762867,0.06731133023099543,272.26974238106135
2023-05-25,Product D,North,CUST1649,returning,Emily Davis,2,67.83382384677242,0.09004053185650673,123.45206053949688
2023-05-25,Product B,East,CUST4469,returning,Sarah Johnson,2,219.27904358191057,0.09806301251465471,395.5517599738723
2023-05-25,Product C,North,CUST2976,returning,John Smith,3,599.7295769868441,0.04712369928003699,1714.4043022547166
2023-05-25,Product D,North,CUST1398,returning,Robert Wilson,1,71.8821556175007,0.08353945781128533,65.87715931090825
2023-05-25,Product B,Central,CUST4803,returning,Emily Davis,2,267.1956140494912,0.0633283513639688,500.54911264010724
2023-05-25,Product D,South,CUST1789,returning,John Smith,2,83.40182769654506,0.024670540727502854,162.68851901921852
2023-05-25,Product A,South,CUST2958,new,Robert Wilson,3,95.99465852146376,0.04862855723513465,273.9797303258567
2023-05-25,Product C,West,CUST1937,new,Sarah Johnson,3,430.69940036514106,0.06477557612860042,1208.4017957047388
2023-05-25,Product B,Central,CUST2459,returning,John Smith,1,201.87247137943908,0.0810587344410973,185.5089443309251
2023-05-25,Product A,Central,CUST4911,new,Emily Davis,1,90.07035195155014,0.09838411716692158,81.20885989188297
2023-05-25,Product A,North,CUST3829,new,Mike Brown,4,115.48567994776575,0.06737405742435558,430.81976446109695
2023-05-25,Product A,South,CUST2378,returning,Mike Brown,4,116.7573897244199,0.004308097000592481,465.0175502558045
2023-05-25,Product A,South,CUST3267,returning,Sarah Johnson,1,103.16884758284428,0.09414255948352723,93.4562682124294
2023-05-25,Product B,East,CUST3063,returning,John Smith,4,285.1435037857475,0.008979726607286033,1130.3319723116313
2023-05-25,Product C,South,CUST4233,new,Mike Brown,4,409.9169941048005,0.08622516283024872,1498.287338164912
2023-05-25,Product B,West,CUST2308,returning,Mike Brown,4,208.51671667105563,0.08848588964833388,760.2637179594708
2023-05-25,Product B,Central,CUST4251,returning,Robert Wilson,2,257.856005519912,0.011910767978878078,509.56948493240805
2023-05-25,Product E,Central,CUST4338,new,Mike Brown,2,1362.9820784472581,0.0171635017415373,2679.177066340289
2023-05-26,Product C,North,CUST4177,returning,Mike Brown,1,419.42277350273184,0.0061107078468933046,416.85980346952294
2023-05-26,Product A,Central,CUST1204,returning,John Smith,3,105.11028309046387,0.0947344902931878,285.45814199194825
2023-05-26,Product C,East,CUST4691,returning,John Smith,3,505.6466465429916,0.01626004084036986,1492.2744342582193
2023-05-26,Product A,South,CUST4132,returning,Robert Wilson,3,86.08238911112129,0.06941434149596486,240.32111026972015
2023-05-26,Product C,Central,CUST1582,returning,Robert Wilson,1,414.0219278545684,0.08569838057113759,378.5409191164915
2023-05-26,Product C,South,CUST3423,returning,John Smith,1,569.1525292235608,0.07765054174666708,524.9575269928655
2023-05-26,Product E,South,CUST4083,new,Emily Davis,3,1246.0437082471537,0.05938762253652211,3516.132404513291
2023-05-26,Product D,South,CUST1419,returning,Emily Davis,4,84.10270707294488,0.03837405695128313,323.50138000788246
2023-05-26,Product A,East,CUST1354,returning,Emily Davis,2,91.59341849518562,0.09073512715168691,166.56535604353454
2023-05-26,Product E,Central,CUST3353,returning,John Smith,3,1596.333626760727,0.050900462156205986,4545.238522209341
2023-05-26,Product D,Central,CUST3676,returning,Emily Davis,1,78.89651111013598,0.09099296989772163,71.71748324965611
2023-05-26,Product E,East,CUST1891,returning,John Smith,4,1507.0769965652512,0.0126309926622055,5952.1644723210275
2023-05-26,Product C,East,CUST3074,returning,Mike Brown,3,530.5019985573506,0.06360430054379329,1490.2793700060777
2023-05-26,Product B,Central,CUST4367,new,Mike Brown,3,230.83234218197313,0.005314959217294791,688.81643309173
2023-05-26,Product C,West,CUST3193,returning,Mike Brown,1,443.56491746572874,0.026164901324460033,431.95908516924567
2023-05-26,Product D,South,CUST2473,returning,John Smith,1,74.17075860596302,0.08893376120214483,67.57447407191837
2023-05-26,Product A,West,CUST1368,returning,Mike Brown,1,94.7430677535255,0.07965909363976444,87.19592084762886
2023-05-26,Product B,East,CUST2675,returning,Sarah Johnson,4,265.6533069903002,0.06525349649409644,993.2739994158542
2023-05-26,Product C,North,CUST1992,returning,Mike Brown,2,590.9555104850431,0.04213570877456068,1132.110362393047
2023-05-26,Product A,North,CUST4092,returning,Sarah Johnson,2,101.28322282731588,0.07478922540260834,187.41665809156228
2023-05-26,Product E,West,CUST4837,returning,Robert Wilson,4,1625.5572562676998,0.019745232482600808,6373.841001315661
2023-05-26,Product B,South,CUST4368,returning,Emily Davis,2,233.10942920003558,0.05175988248754383,442.08742507580666
2023-05-26,Product C,North,CUST4424,new,Robert Wilson,3,575.789780519079,0.050102057201562515,1640.824583998311
2023-05-26,Product B,North,CUST1957,new,Emily Davis,1,260.10970613725095,0.059013575670455204,244.75970231150043
2023-05-26,Product D,West,CUST2718,new,Emily Davis,2,75.87715009731329,0.08952948141563388,138.16781639560924
2023-05-26,Product B,East,CUST2395,returning,John Smith,3,285.76174997682784,0.004243073724864455,853.6477254117897
2023-05-26,Product B,Central,CUST4200,new,Emily Davis,4,227.56353700161947,0.07508303636863345,841.9095027070081
2023-05-26,Product A,North,CUST3073,returning,Emily Davis,4,83.60031761783755,0.015453939802914941,329.23345336746763
2023-05-26,Product A,Central,CUST4526,returning,Robert Wilson,1,101.26015938011375,0.07085933076220029,94.08493225356514
2023-05-26,Product E,Central,CUST3563,returning,Emily Davis,4,1470.1283585739463,0.033383152370207204,5684.203358303639
2023-05-26,Product E,South,CUST3846,new,Robert Wilson,4,1583.0867499679432,0.04512054082123965,6046.6280785698045
2023-05-27,Product A,Central,CUST4164,returning,John Smith,3,88.33944826971158,0.05992388584682837,249.13741576747677
2023-05-27,Product A,Central,CUST3024,new,John Smith,4,111.41780123408958,0.03024195561127978,432.19323613944744
2023-05-27,Product B,South,CUST2012,new,Emily Davis,3,257.0392134056763,0.07507881764540007,713.2230395240235
2023-05-27,Product C,West,CUST2929,returning,Emily Davis,3,599.9849653666353,0.05313983069963222,1704.3055976541827
2023-05-27,Product E,East,CUST2021,returning,Emily Davis,2,1663.9566912479934,0.03735485541413044,3203.5996592620995
2023-05-27,Product B,South,CUST4848,returning,Robert Wilson,4,265.4168311991932,0.09121999004962014,964.8220419928044
2023-05-27,Product A,East,CUST3577,returning,Mike Brown,3,95.96557234513081,0.08885513827033681,262.3156144356366
2023-05-27,Product B,West,CUST2892,new,John Smith,1,209.68921611641684,0.03614751253399386,202.1094725486053
2023-05-27,Product A,Central,CUST4779,new,Mike Brown,1,90.9452557094295,0.03382165171825056,87.86933694539793
2023-05-27,Product C,North,CUST3378,returning,Emily Davis,3,598.8123966766221,0.07748652675011075,1657.2375116497235
2023-05-27,Product B,West,CUST4886,new,John Smith,2,287.0632348731992,0.022628262729366768,561.134985149093
2023-05-27,Product E,West,CUST3620,returning,Emily Davis,3,1339.6249202333229,0.009938277895086013,3978.9340665025848
2023-05-27,Product A,Central,CUST1343,returning,Sarah Johnson,1,81.42519181560559,0.06608950539389279,76.04384116190937
2023-05-27,Product B,South,CUST4448,returning,Mike Brown,3,295.95534142998997,0.08373878159418832,813.5172051970518
2023-05-27,Product C,North,CUST2383,returning,John Smith,2,423.3827144351183,0.05041484897283163,804.0758776583286
2023-05-27,Product A,Central,CUST4360,new,Emily Davis,2,96.78002960845355,0.016355171132294646,190.39435132403747
2023-05-27,Product A,North,CUST1740,returning,Sarah Johnson,3,113.26181325371185,0.07289330117180372,315.0173573668333
2023-05-27,Product D,West,CUST4937,returning,Mike Brown,4,79.5251507651072,0.07736697713650498,293.49012097634414
2023-05-27,Product D,East,CUST3824,returning,Robert Wilson,1,70.35621302505997,0.00703307826844396,69.86139227218341
2023-05-27,Product C,North,CUST1695,returning,John Smith,4,406.5156764784349,0.08978310796014195,1480.0697424387256
2023-05-27,Product B,West,CUST3663,returning,Emily Davis,2,242.90727674550033,0.05637751984296409,458.425533861561
2023-05-27,Product B,Central,CUST2613,new,Robert Wilson,1,295.6549354474828,0.07132817223822362,274.56640928880387
2023-05-27,Product A,West,CUST1984,returning,Sarah Johnson,2,118.91251445880857,0.03651633556780287,229.140530355239
2023-05-27,Product D,South,CUST3167,returning,Emily Davis,1,65.98021602787718,0.0022686842182447543,65.83052775305835
2023-05-27,Product E,East,CUST4650,returning,Emily Davis,1,1238.282846458761,0.08132842131676772,1137.5752574126363
2023-05-27,Product B,South,CUST1894,new,Robert Wilson,2,280.78351365272624,0.04400331530040054,536.856216340622
2023-05-27,Product D,North,CUST2403,new,John Smith,4,61.35275915734134,0.027295486764047118,238.71242292729744
2023-05-27,Product C,North,CUST3313,returning,Emily Davis,4,492.9149134080507,0.07848372497826353,1816.916459625795
2023-05-27,Product C,Central,CUST1600,new,Mike Brown,2,507.88493420887505,0.06717727263622299,947.5332190313906
2023-05-27,Product C,West,CUST1185,returning,John Smith,3,430.5777691289593,0.07943663984222346,1189.1223538757822
2023-05-27,Product E,North,CUST4095,new,John Smith,3,1775.851262640214,0.09562261970761539,4818.11913808644
2023-05-28,Product C,Central,CUST3159,new,Emily Davis,3,500.81498936801773,0.011687138622040183,1484.8856854898345
2023-05-28,Product A,West,CUST2283,new,John Smith,2,87.70139270895095,0.09833675603649453,158.1542445001401
2023-05-28,Product C,West,CUST2832,returning,Emily Davis,4,409.855750005818,0.050530927935371575,1556.5814345535052
2023-05-28,Product B,South,CUST1280,new,Robert Wilson,4,288.9596463136194,0.0112730532129529,1142.8087553773196
2023-05-28,Product C,South,CUST4559,new,Mike Brown,2,501.9445411132962,0.015543330392573919,988.2853025440467
2023-05-28,Product C,West,CUST2291,returning,Sarah Johnson,2,562.8847134158303,0.04766071814874842,1072.114447478959
2023-05-28,Product C,North,CUST4123,returning,Robert Wilson,1,580.1254589189795,0.06383543048854777,543.09290051152
2023-05-28,Product B,West,CUST4386,new,Emily Davis,4,216.29364389690463,0.038722330507017844,831.6729997254458
2023-05-28,Product C,West,CUST4933,new,Emily Davis,3,568.6367253314703,0.05052106190319509,1619.725782391707
2023-05-28,Product D,Central,CUST4057,returning,Robert Wilson,1,75.84443642386091,0.049147823441844644,72.11684745345478
2023-05-28,Product B,East,CUST4676,returning,Mike Brown,2,254.34451885418923,0.060849108656361686,477.73576318056126
2023-05-28,Product B,West,CUST3805,new,Mike Brown,1,292.4243934343791,0.005683906107981963,290.7622806384145
2023-05-28,Product E,West,CUST3499,returning,Mike Brown,1,1284.6216065611213,0.02785627134497355,1248.836838513139
2023-05-28,Product B,Central,CUST1697,returning,Mike Brown,2,287.0600842575712,0.06265033072660964,538.1513500808519
2023-05-28,Product A,Central,CUST4132,returning,Emily Davis,3,85.21296454240485,0.020022394040730664,250.520390966874
2023-05-28,Product D,Central,CUST3277,new,Emily Davis,1,73.32346108550924,0.09095515907751013,66.65431401836312
2023-05-28,Product B,Central,CUST2948,returning,Robert Wilson,3,288.52289842111725,0.09769275142337952,781.0089078771301
2023-05-28,Product B,West,CUST4240,returning,Emily Davis,2,235.01001382111897,0.03741051349563065,452.43633705491135
2023-05-28,Product A,East,CUST4336,returning,Mike Brown,4,116.13774786163711,0.023624696771511466,453.5761151387187
2023-05-28,Product B,North,CUST3815,returning,John Smith,4,212.74430555701232,0.06706058097213455,793.9101953113831
2023-05-28,Product E,North,CUST2862,returning,Robert Wilson,3,1204.5548497043485,0.05683472507982469,3408.282917933497
2023-05-28,Product C,North,CUST3838,returning,Emily Davis,3,502.7494581141515,0.013046236141972612,1488.5714098900366
2023-05-28,Product A,Central,CUST1065,returning,Robert Wilson,3,109.71916537955826,0.05839433939937642,309.9365615933041
2023-05-28,Product D,West,CUST1580,returning,Mike Brown,2,70.15673437664938,0.02739693463756029,136.46930982109527
2023-05-28,Product A,East,CUST3251,returning,Sarah Johnson,2,95.945158465763,0.09971731279111168,172.75553017647945
2023-05-28,Product C,West,CUST1917,returning,John Smith,4,535.0800442839114,0.09250866324861406,1942.3220186247902
2023-05-28,Product E,South,CUST4176,returning,Robert Wilson,3,1736.456264133831,0.04061697659572348,4997.779982082029
2023-05-28,Product A,East,CUST4619,returning,Robert Wilson,1,89.71990371443319,0.0784989307662147,82.67698720440245
2023-05-28,Product A,South,CUST4204,returning,Mike Brown,4,106.54595958016154,0.0584414624883448,401.2770315202913
2023-05-28,Product C,South,CUST1325,returning,Sarah Johnson,1,474.27260379601375,0.06436337881196207,443.7468165377553
2023-05-28,Product A,South,CUST1860,returning,Sarah Johnson,2,115.26183350161827,0.05236005730592374,218.4534345885754
2023-05-28,Product B,Central,CUST3608,returning,Sarah Johnson,2,273.56975053062536,0.05704497348723445,515.927942729393
2023-05-28,Product B,South,CUST4590,returning,Mike Brown,3,219.21428486965544,0.00899438712548345,651.7277601843053
2023-05-28,Product D,West,CUST1084,returning,Emily Davis,2,67.68393272886347,0.08614986228540222,123.7059424906749
2023-05-28,Product A,South,CUST3910,returning,Sarah Johnson,1,94.27084188346242,0.0963767649942309,85.18532310945167
2023-05-28,Product B,North,CUST4708,returning,Robert Wilson,4,282.4149405199891,0.08534027221808783,1033.2542904702327
2023-06-01,Product D,North,CUST4591,new,Sarah Johnson,1,65.58921522346041,0.05373166952330477,62.06499718678053
2023-06-01,Product A,South,CUST4070,returning,Mike Brown,4,114.62037754424588,0.06701074493444349,427.7583226413552
2023-06-01,Product A,Central,CUST4770,new,Mike Brown,3,84.58775568459133,0.05022379736882281,241.01831214961476
2023-06-01,Product D,South,CUST2776,returning,Sarah Johnson,4,83.79719099521705,0.07959358380543546,308.5098890043166
2023-06-01,Product D,East,CUST2390,new,Emily Davis,2,60.30367675620342,0.054272236693825485,114.0617226755656
2023-06-01,Product E,North,CUST4570,returning,Robert Wilson,4,1356.8332084806154,0.05968282213652403,5103.414293719751
2023-06-01,Product A,East,CUST1567,returning,Mike Brown,3,103.39739950178502,0.05914798860744082,291.8449538820433
2023-06-01,Product A,Central,CUST1387,new,Robert Wilson,1,114.78278979770585,0.02695046737897934,111.68933996559453
2023-06-01,Product A,West,CUST3199,returning,Mike Brown,1,116.79608502639589,0.023429996422372115,114.05955317208037
2023-06-01,Product A,North,CUST2042,returning,Robert Wilson,1,113.91941839712985,0.05667998438047111,107.46246754174818
2023-06-01,Product A,West,CUST1021,new,John Smith,1,87.6003717932501,0.01925164166867568,85.9139208254437
2023-06-01,Product C,Central,CUST1468,returning,Mike Brown,1,510.27253576236285,0.05864677720405473,480.3466960441595
2023-06-01,Product B,West,CUST4692,returning,Robert Wilson,3,233.00708004491543,0.09023692429824398,635.9437134058426
2023-06-01,Product B,East,CUST3404,returning,John Smith,1,222.2573111288635,0.07977065734873767,204.52769931955115
2023-06-01,Product B,East,CUST4969,new,Mike Brown,4,251.67606342967997,0.034997603097818096,971.472017810187
2023-06-01,Product C,North,CUST1259,returning,Emily Davis,2,435.6130876649464,0.07936951838373803,802.0773733906531
2023-06-01,Product B,Central,CUST3911,new,Emily Davis,2,209.59585298631745,0.09217427503515334,380.55301437385816
2023-06-01,Product A,West,CUST2429,returning,Robert Wilson,1,90.62781226245934,0.046999008881858685,86.3683949089926
2023-06-01,Product B,Central,CUST4400,new,Robert Wilson,1,253.05941458002695,0.0781030704333919,233.29469729925017
2023-06-01,Product A,Central,CUST1574,returning,Sarah Johnson,3,114.35510305034929,0.04714670772924939,326.89090928845883
2023-06-01,Product A,West,CUST2832,returning,Emily Davis,1,87.71324662853365,0.02890340642234972,85.17803501260535
2023-06-01,Product E,East,CUST3811,returning,Robert Wilson,3,1739.8816307469863,0.07805386926395003,4812.231412217739
2023-06-02,Product C,North,CUST3318,returning,Sarah Johnson,2,554.0022779804564,0.025013410433704232,1080.2895832402482
2023-06-02,Product C,North,CUST1266,returning,Mike Brown,4,482.2993436939054,0.05391908707225317,1825.176813545533
2023-06-02,Product E,West,CUST3470,returning,Robert Wilson,3,1471.559972962627,0.0906946003148664,4014.292288126278
2023-06-02,Product B,West,CUST4065,returning,Sarah Johnson,3,215.07310842759378,0.08762278012802394,588.6834142091762
2023-06-02,Product C,East,CUST2452,returning,Sarah Johnson,4,502.04264047286205,0.07967360388912227,1848.172376001513
2023-06-02,Product C,West,CUST4835,returning,Robert Wilson,1,416.7226938063053,0.006041199169449419,414.2051890145919
2023-06-02,Product D,East,CUST4440,returning,Mike Brown,4,65.43877416041738,0.09261742576066234,237.5120134109847
2023-06-02,Product B,East,CUST4665,returning,Sarah Johnson,2,214.7085992270387,0.002635244502082801,428.2855791427515
2023-06-02,Product C,South,CUST3384,new,Mike Brown,3,448.8160020924972,0.01851158355648922,1321.5231215048175
2023-06-02,Product C,West,CUST2813,returning,Mike Brown,2,573.5482117343389,0.011466320614196036,1133.9434481017884
2023-06-02,Product B,North,CUST3571,returning,Emily Davis,4,297.7051859454235,0.04291525045518977,1139.7163733150674
2023-06-02,Product B,Central,CUST2841,returning,Mike Brown,4,205.46730719775547,0.014494106764001558,809.9569684428773
2023-06-02,Product C,West,CUST2667,new,Emily Davis,2,403.8014800051343,0.07901671372452204,743.7888281160606
2023-06-02,Product D,West,CUST3707,returning,Emily Davis,1,60.17418782727729,0.021998549513811118,58.85044297690556
2023-06-03,Product C,West,CUST3175,returning,Robert Wilson,1,404.0956922248799,0.05456960755331153,382.0443488861844
2023-06-03,Product D,Central,CUST3259,returning,Sarah Johnson,3,88.06665357597551,0.05920029821593453,248.55924426419506
2023-06-03,Product A,South,CUST4469,returning,Emily Davis,1,83.3733085947814,0.019495949603351048,81.7478667721529
2023-06-03,Product B,East,CUST4170,returning,Sarah Johnson,4,218.37093854493918,0.06902597417930809,813.1906871176997
2023-06-03,Product A,West,CUST1455,returning,Sarah Johnson,3,89.96386607522207,0.0864405624341864,246.56201667877815
2023-06-03,Product B,West,CUST1678,new,Robert Wilson,1,207.51805850140258,0.034343138178974976,200.3912371436563
2023-06-03,Product A,Central,CUST2226,returning,John Smith,1,87.0147121016151,0.015503436139780169,85.66568506932636
2023-06-03,Product D,South,CUST4068,new,Mike Brown,1,67.64402473431191,0.03454491339731491,65.30726775801928
2023-06-03,Product B,Central,CUST2631,returning,Robert Wilson,2,272.4980245998835,0.02210028923246478,532.9514788819015
2023-06-03,Product A,East,CUST3924,new,Emily Davis,4,102.42609834563909,0.05525197803669779,387.0674152378448
2023-06-03,Product B,North,CUST2251,returning,Mike Brown,1,253.06355823724564,0.0027603177573014785,252.3650224037175
2023-06-03,Product D,North,CUST1022,returning,Sarah Johnson,4,69.73351960939019,0.04586406631983575,266.1410273652382
2023-06-03,Product B,Central,CUST2008,new,Emily Davis,3,265.6008108470918,0.009605271958955431,789.1489284791592
2023-06-03,Product C,East,CUST4397,returning,Mike Brown,4,428.8729117739349,0.09082324961678356,1559.685121016056
2023-06-03,Product A,East,CUST1508,returning,Robert Wilson,3,105.06850303827152,0.01552067791792834,310.3133059298869
2023-06-03,Product C,South,CUST2758,returning,John Smith,4,437.59866392593693,0.09701539625917217,1580.5794245707114
2023-06-03,Product C,West,CUST2460,returning,Emily Davis,2,538.936483487061,0.023290455721551608,1052.7688143633536
2023-06-03,Product A,West,CUST1462,returning,Mike Brown,3,92.85954771160763,0.026395846824704153,271.22532394200215
2023-06-03,Product A,West,CUST2815,returning,Robert Wilson,4,98.93833409679075,0.08174352692338845,363.40306287917815
2023-06-04,Product B,Central,CUST4139,new,Robert Wilson,3,213.28261044422152,0.017716542126477264,628.5119402743243
2023-06-04,Product D,East,CUST1605,returning,Robert Wilson,1,73.97356719539918,0.016250515605918236,72.7714585872649
2023-06-04,Product A,North,CUST4019,new,Sarah Johnson,3,107.51173045658233,0.0217549430014358,315.51845666554095
2023-06-04,Product D,South,CUST1881,new,Robert Wilson,2,85.77637945929501,0.07075544169787576,159.414467686816
2023-06-04,Product C,West,CUST4863,returning,Robert Wilson,1,543.3098136046583,0.041037837538896,521.0135537406625
2023-06-04,Product B,East,CUST1530,returning,Emily Davis,2,259.9848633210081,0.0686830395751549,484.25662532918017
2023-06-04,Product B,Central,CUST2525,new,Emily Davis,2,235.67313281123054,0.06002022080701613,443.05595868323854
2023-06-04,Product C,South,CUST3675,returning,Emily Davis,4,522.3670109198362,0.003604107526520084,2081.937376176697
2023-06-04,Product D,Central,CUST4908,returning,Robert Wilson,4,61.273191773752245,0.05578448250391125,231.42039391716227
2023-06-04,Product C,North,CUST4465,returning,Sarah Johnson,3,419.66473341839276,0.04927829345196203,1196.9531146006855
2023-06-04,Product C,West,CUST2646,returning,Emily Davis,3,568.7247577179282,0.0725365152843702,1582.414336911366
2023-06-04,Product B,South,CUST3905,returning,Emily Davis,4,278.9731763320011,0.004818637447488727,1110.5156229507313
2023-06-04,Product E,East,CUST3030,returning,Emily Davis,3,1454.8711000191286,0.014880210712845643,4299.666934472443
2023-06-05,Product A,East,CUST4642,new,Sarah Johnson,2,81.92504910459404,0.057507661449249715,154.4274622329478
2023-06-05,Product A,West,CUST2840,new,John Smith,4,111.17226604753725,0.0742376382872638,411.6763982924989
2023-06-05,Product D,East,CUST4224,returning,Emily Davis,4,71.45692462927593,0.061701720693371015,268.1916376967723
2023-06-05,Product A,East,CUST3544,returning,John Smith,1,115.31902939679237,0.054347492038436335,109.05172936477
2023-06-05,Product D,South,CUST2086,new,John Smith,2,77.62158572276422,0.00980693699063544,153.72071144493574
2023-06-05,Product B,South,CUST1440,returning,Mike Brown,4,213.05733307866402,0.0036835817103303306,849.0900759331348
2023-06-05,Product A,Central,CUST1539,new,Mike Brown,2,100.76396967048736,0.06578635056049698,188.2701516757548
2023-06-05,Product A,East,CUST3650,returning,Emily Davis,2,112.17761287161704,0.08611191683627711,205.03556720224853
2023-06-05,Product A,West,CUST4197,new,John Smith,3,106.42915880596698,0.0606463685175565,299.92385046002033
2023-06-05,Product D,North,CUST4871,returning,Emily Davis,2,64.18663813690694,0.046595519780573635,122.39165673990033
2023-06-05,Product C,West,CUST4752,returning,Emily Davis,1,596.9330988911403,0.0644696718351118,558.4490178981122
2023-06-05,Product D,South,CUST1912,returning,Mike Brown,3,65.22604526029448,0.010279602298136903,193.66664236661515
2023-06-05,Product C,East,CUST4817,returning,Sarah Johnson,2,547.6531846824533,0.04967912584296959,1040.8925064046214
2023-06-05,Product C,West,CUST2091,returning,Mike Brown,2,519.7804001381529,0.07744809584543674,959.0487957793475
2023-06-05,Product C,Central,CUST2914,returning,Sarah Johnson,3,483.24393615152536,0.008878527569413408,1436.8603246249565
2023-06-05,Product A,Central,CUST2172,returning,John Smith,1,94.71643751264283,0.019925237327458004,92.82919001639208
2023-06-05,Product B,Central,CUST4864,returning,Mike Brown,2,219.55025901965536,0.005972328897194424,436.47806532665146
2023-06-05,Product C,West,CUST3985,new,Emily Davis,3,498.91297404192943,0.0259372533524196,1457.9176255001844
2023-06-05,Product B,North,CUST4345,returning,Sarah Johnson,4,204.206584721517,0.06991964733528545,759.7141293369818
2023-06-06,Product D,West,CUST4390,returning,John Smith,4,63.27044233603519,0.06399449351048,236.88592969822633
2023-06-06,Product C,West,CUST1217,returning,Sarah Johnson,1,425.01424789011384,0.019468500630018672,416.7398577372982
2023-06-06,Product A,North,CUST4277,returning,Robert Wilson,3,117.7704745386851,0.06456467922587326,330.499984883448
2023-06-06,Product E,West,CUST3301,returning,Sarah Johnson,1,1737.960574832987,0.05514668787372698,1642.117805475829
2023-06-06,Product B,Central,CUST4160,returning,John Smith,3,250.20716073198236,0.06258798329986451,703.6415974037476
2023-06-06,Product E,South,CUST2405,new,John Smith,2,1595.290858924832,0.05317427316146414,3020.9248540407525
2023-06-06,Product A,North,CUST4526,returning,Sarah Johnson,4,87.37961647414602,0.03242721549306129,338.1845552841514
2023-06-06,Product A,South,CUST1854,new,Emily Davis,1,106.99478423614639,0.07256224779846958,99.23100218925936
2023-06-06,Product A,East,CUST2247,new,Emily Davis,4,82.86608391934345,0.09739780950872451,299.18043545213305
2023-06-06,Product B,East,CUST2087,returning,John Smith,1,276.5746760034309,0.027933101853034062,268.84908740865717
2023-06-06,Product C,North,CUST1011,returning,Mike Brown,3,592.5283325893762,0.02829377329944969,1727.2904108207745
2023-06-06,Product A,Central,CUST4042,returning,Robert Wilson,2,91.86786790512345,0.012161945871355618,181.50115173668897
2023-06-06,Product A,East,CUST3555,returning,Emily Davis,3,94.50947472483506,0.05689858479644604,267.3960580894094
2023-06-06,Product A,West,CUST2604,returning,Mike Brown,1,94.7654363185654,0.03228787646551393,91.70566161751104
2023-06-06,Product A,East,CUST2503,returning,Sarah Johnson,2,92.30768974612292,0.04100624484785706,177.04499603810675
2023-06-06,Product C,West,CUST3578,new,Mike Brown,2,519.7756076976733,0.05765350007681589,979.6174493186969
2023-06-06,Product B,East,CUST3880,returning,Sarah Johnson,4,273.1548682538566,0.062496351709321586,1024.3347421454007
2023-06-06,Product B,East,CUST1001,returning,Mike Brown,2,215.36808239388378,0.09477760314674712,389.9120235005607
2023-06-06,Product C,West,CUST1960,returning,John Smith,3,564.6698320807772,0.06309911542136425,1587.1189955140494
2023-06-06,Product A,East,CUST2896,returning,Mike Brown,4,116.06653658707032,0.010715246253916556,459.2914202628026
2023-06-06,Product B,North,CUST2545,new,Robert Wilson,4,244.99386621389573,0.06549806940388882,915.7889638443637
2023-06-07,Product C,South,CUST1978,returning,Robert Wilson,3,590.6526673441737,0.06839786768204108,1650.759853071367
2023-06-07,Product B,West,CUST1065,returning,Sarah Johnson,4,238.52582801062604,0.08375995675057703,874.1876598902418
2023-06-07,Product A,Central,CUST4322,returning,Emily Davis,2,86.71816817469657,0.02748850916073995,168.66883002884768
2023-06-07,Product A,South,CUST3727,returning,Robert Wilson,4,92.21869810112003,0.01124506732335332,364.72677053000376
2023-06-07,Product A,South,CUST3860,returning,Emily Davis,4,110.41666975186111,0.04675709622524175,421.01562759761043
2023-06-07,Product C,North,CUST2723,returning,Mike Brown,1,550.2107582427067,0.09518374354168085,497.8396385362591
2023-06-07,Product C,Central,CUST1270,new,Robert Wilson,1,445.9640841050089,0.039845889081982604,428.19424867521275
2023-06-07,Product A,South,CUST4005,new,Sarah Johnson,1,92.2037992461405,0.058435240262488634,86.81584808407803
2023-06-07,Product A,West,CUST3519,returning,Sarah Johnson,4,83.20573421334177,0.014131274449416021,328.1197245896315
2023-06-07,Product C,West,CUST4897,new,John Smith,4,466.68050644028267,0.017584070537823248,1833.8974539856385
2023-06-07,Product A,West,CUST2593,returning,Robert Wilson,3,96.94487670885079,0.04093868368164492,278.9282432001333
2023-06-07,Product C,West,CUST3991,returning,Mike Brown,1,490.0597252487494,0.04313682994046717,468.920102220022
2023-06-07,Product A,South,CUST4729,new,Emily Davis,3,108.24495791663293,0.09523515039590554,293.80869920953177
2023-06-07,Product B,North,CUST2039,returning,John Smith,1,273.8204303607289,0.057307065851693144,258.12858492650764
2023-06-07,Product D,South,CUST1175,returning,John Smith,2,60.29085505003124,0.05560738628722898,113.87647636735365
2023-06-07,Product C,Central,CUST3973,returning,Mike Brown,3,507.63778892173303,0.08383456742961048,1395.240583429667
2023-06-07,Product C,Central,CUST3392,returning,John Smith,1,420.28168028607354,0.05568587557372619,396.8779269317467
2023-06-07,Product C,East,CUST2189,returning,John Smith,3,524.2594068433579,0.037144092923237164,1514.358800159061
2023-06-07,Product C,North,CUST2221,returning,John Smith,1,423.1325442367702,0.029697095735157032,410.56673656191026
2023-06-07,Product B,North,CUST3188,new,Mike Brown,1,210.74993209922425,0.07981535151770311,193.9288521863926
2023-06-07,Product E,East,CUST3619,returning,Robert Wilson,2,1492.485686792065,0.06038172189682717,2804.733662234383
2023-06-08,Product D,North,CUST3510,returning,Robert Wilson,4,88.38856660539503,0.06331189552850368,331.17007564224025
2023-06-08,Product C,South,CUST1565,new,Robert Wilson,4,426.2234471733763,0.03740051993732892,1641.1298745584454
2023-06-08,Product A,North,CUST3089,returning,Sarah Johnson,1,88.0782989754276,0.06953897509239716,81.95342433679463
2023-06-08,Product C,South,CUST4860,returning,Robert Wilson,3,579.2165121265185,0.06413409614899966,1626.2069539401245
2023-06-08,Product B,West,CUST4970,new,Emily Davis,2,269.1908231160757,0.08043696250082402,495.07586194304395
2023-06-08,Product A,West,CUST2366,returning,Mike Brown,3,99.72859374382375,0.09368254730147876,271.1572951293241
2023-06-08,Product A,Central,CUST4891,returning,Robert Wilson,3,119.52990929583636,0.021351478132911873,350.9333071538321
2023-06-08,Product E,Central,CUST2171,returning,Robert Wilson,3,1598.1465740452277,0.03389082032837228,4631.952226937571
2023-06-08,Product B,North,CUST4588,returning,John Smith,3,245.18130784109204,0.0778579454135216,678.2759848763534
2023-06-08,Product C,North,CUST1767,new,Sarah Johnson,2,540.1813368258908,0.007658722741705981,1072.0884754737942
2023-06-08,Product E,West,CUST2215,returning,Emily Davis,1,1747.2206202199816,0.0050832098534123295,1738.3391311471942
2023-06-08,Product B,North,CUST1745,returning,Mike Brown,1,215.60364492051082,0.09075063492653966,196.03747725149825
2023-06-08,Product A,Central,CUST4306,new,Robert Wilson,1,112.23548911180323,0.07499627217200269,103.8182458230166
2023-06-08,Product C,Central,CUST3108,returning,Emily Davis,3,538.965141091183,0.06624157460811585,1509.7897244592532
2023-06-09,Product D,East,CUST2302,returning,John Smith,3,80.85103594641988,0.09198410239886763,220.2420779306096
2023-06-09,Product A,South,CUST4574,returning,John Smith,1,116.39764213569475,0.0888209415288842,106.05909396946022
2023-06-09,Product D,North,CUST2892,new,Emily Davis,1,87.60774750335322,0.06079043165963325,82.28203471589622
2023-06-09,Product C,East,CUST2126,returning,Sarah Johnson,1,599.2320592433348,0.03728134221419915,576.8918837769648
2023-06-09,Product D,Central,CUST2678,new,Sarah Johnson,2,89.79794904435815,0.06409941161261559,168.0839066931903
2023-06-09,Product C,East,CUST4180,returning,Sarah Johnson,1,481.52164064357817,0.06707115062227445,449.225430156088
2023-06-09,Product C,Central,CUST1194,returning,Robert Wilson,2,438.47663624485,0.09590466717342461,792.8493607649298
2023-06-09,Product E,North,CUST4506,returning,Sarah Johnson,4,1202.2669111220864,0.02259575406376523,4700.403134717476
2023-06-09,Product B,Central,CUST3919,returning,Mike Brown,1,212.7958164108303,0.010036680469016724,210.66005279637125
2023-06-09,Product C,East,CUST3143,returning,Robert Wilson,4,417.0064907003875,0.04840548025156716,1587.2843650000582
2023-06-09,Product C,North,CUST4874,returning,John Smith,3,544.707387059193,0.021939671056357603,1598.2700584954387
2023-06-09,Product E,West,CUST2512,returning,Sarah Johnson,1,1798.425811557258,0.014214331338038944,1772.8623911849015
2023-06-09,Product A,North,CUST3535,returning,Emily Davis,1,99.58692262066248,0.07518854286189643,92.09912702071443
2023-06-10,Product D,West,CUST3921,returning,John Smith,4,75.2209062967369,0.0767288195641983,277.7971798001564
2023-06-10,Product B,North,CUST3697,returning,John Smith,4,254.33059265666546,0.018780777755756907,998.2162652779627
2023-06-10,Product C,East,CUST1722,returning,Mike Brown,1,413.7369372438778,0.08727982978990213,377.6260477834367
2023-06-10,Product D,South,CUST3898,returning,Emily Davis,1,88.99972311877588,0.0487600821398706,84.66008930907863
2023-06-10,Product B,East,CUST4597,new,John Smith,4,250.39819256863626,0.03568875466407201,965.8471716229085
2023-06-10,Product C,Central,CUST2522,new,Mike Brown,2,416.2363410783386,0.036534653214422744,802.0585814036027
2023-06-10,Product D,West,CUST3103,returning,Sarah Johnson,4,77.51284262633958,0.09658303979980173,280.1056666478562
2023-06-10,Product A,South,CUST2482,returning,John Smith,4,100.90355484114963,0.08242547219650079,370.34612674824945
2023-06-10,Product A,North,CUST4677,returning,John Smith,3,98.25120441094516,0.04968426413714917,280.1089968575962
2023-06-10,Product C,South,CUST3195,new,John Smith,4,408.756784133975,0.059613138812826184,1537.5580368828475
2023-06-10,Product B,East,CUST4876,new,Robert Wilson,3,217.18664344939248,0.09585082693602053,589.1073722259287
2023-06-10,Product C,South,CUST4499,returning,Sarah Johnson,4,521.4866352054987,0.07259224369960053,1934.523001186306
2023-06-10,Product B,North,CUST3341,returning,Sarah Johnson,4,252.0745361386193,0.07445671952103165,933.2235724118079
2023-06-10,Product B,South,CUST4727,returning,Sarah Johnson,2,248.45377502140568,0.06793893186267032,463.14818185840636
2023-06-10,Product E,Central,CUST2671,returning,Mike Brown,1,1336.4853879877749,0.09128738429764635,1214.4811327663458
2023-06-10,Product E,South,CUST4178,returning,Emily Davis,3,1566.5225651799703,0.004117729896301581,4680.2161451402935
2023-06-10,Product C,South,CUST4571,returning,John Smith,2,588.1211720848156,0.03871577061334354,1130.7032153870582
2023-06-10,Product A,South,CUST3272,returning,Sarah Johnson,2,97.52550285478267,0.045072460910453784,186.25957687917625
2023-06-10,Product B,Central,CUST4627,returning,Robert Wilson,4,226.9276483510752,0.06376642845894569,849.8291307885584
2023-06-10,Product B,East,CUST1340,returning,Sarah Johnson,3,298.43091908625354,0.0639670675559954,838.0235049727961
2023-06-10,Product C,North,CUST4259,returning,Emily Davis,2,461.6515979009651,0.09001050918403941,840.1962050165477
2023-06-11,Product A,East,CUST2296,returning,Mike Brown,3,96.5047870023614,0.02990119932921097,280.8575343899422
2023-06-11,Product A,South,CUST2141,returning,Robert Wilson,4,84.82276067820462,0.06498659624090002,317.24167271188657
2023-06-11,Product B,West,CUST1829,new,John Smith,1,278.36375533670537,0.06701067957222666,259.7104109233157
2023-06-11,Product A,North,CUST3607,new,Emily Davis,3,83.08019732808779,0.03080759959896641,241.56208762260283
2023-06-11,Product C,East,CUST2645,new,Mike Brown,3,548.5023066278973,0.06230937353277806,1542.9764145618876
2023-06-11,Product A,West,CUST2436,returning,Sarah Johnson,3,82.87551565620491,0.013391758869642445,245.29700020301922
2023-06-11,Product C,East,CUST3168,new,Emily Davis,3,421.34733640291955,0.06193445553903361,1185.754255589948
2023-06-11,Product A,Central,CUST4189,returning,John Smith,4,117.92877789980129,0.0823220977952436,432.88253405064114
2023-06-11,Product E,Central,CUST2878,returning,Mike Brown,1,1292.216193761937,0.06681439245824626,1205.8775538510256
2023-06-11,Product A,Central,CUST2593,new,Emily Davis,4,95.90927829214749,0.0792255488178181,353.24325233092503
2023-06-11,Product B,North,CUST3498,new,John Smith,3,298.05406486806936,0.06180726797216618,838.8964722317255
2023-06-11,Product E,South,CUST1445,new,Emily Davis,4,1731.1540486791862,0.030578681398961017,6712.870562288415
2023-06-11,Product D,East,CUST1442,new,Emily Davis,4,62.28102189925904,0.07612642812249876,230.1591606489973
2023-06-11,Product A,Central,CUST4422,new,Robert Wilson,4,81.87040055244665,0.09157638641811175,297.49202046100083
2023-06-11,Product E,West,CUST1024,returning,Robert Wilson,1,1351.7487566986592,0.028920088749100483,1312.6560626884477
2023-06-11,Product A,Central,CUST3857,returning,Robert Wilson,3,81.0652674765642,0.036110547944907215,234.41386874605502
2023-06-11,Product A,South,CUST3308,returning,John Smith,4,86.36969576039571,0.07012729846749952,321.25128930903725
2023-06-12,Product B,East,CUST3931,returning,John Smith,4,281.7636335833504,0.006454780502388325,1119.7796447000578
2023-06-12,Product C,South,CUST3684,returning,Emily Davis,1,502.15632360141615,0.020158108624003537,492.0338018840285
2023-06-12,Product C,South,CUST3739,returning,Robert Wilson,3,580.8420627213585,0.05210796961040165,1651.7266865058928
2023-06-12,Product B,East,CUST3790,new,Mike Brown,4,204.06001019205996,0.06547625285062506,762.795701472094
2023-06-12,Product A,North,CUST3434,returning,Robert Wilson,4,107.52747128673845,0.012503161560862253,424.7321517640375
2023-06-12,Product A,North,CUST4919,returning,Robert Wilson,3,104.96233771109394,0.0819262004722029,289.08951656923136
2023-06-12,Product A,South,CUST2917,returning,Mike Brown,2,96.2854797550911,0.022091776717589065,188.31672487039137
2023-06-12,Product D,Central,CUST3815,returning,Emily Davis,1,65.95620608483682,0.07193225538047203,61.2118274248153
2023-06-12,Product A,West,CUST2437,new,Mike Brown,3,87.6449989990572,0.045188249365093205,251.05342478605337
2023-06-12,Product C,Central,CUST4289,returning,Emily Davis,1,521.9754254616212,0.046326106610021636,497.7943362538747
2023-06-12,Product E,North,CUST4128,returning,Mike Brown,1,1405.410900981197,0.03567362688921079,1355.2747968735641
2023-06-12,Product A,South,CUST1961,returning,Sarah Johnson,4,82.32118508377123,0.023323268411894617,321.6047439523087
2023-06-12,Product C,West,CUST3370,returning,Mike Brown,1,594.2014782556023,0.02864648171450218,577.179696474023
2023-06-12,Product E,Central,CUST4260,returning,Emily Davis,3,1529.6846878112945,0.07260865035708707,4255.849041472243
2023-06-12,Product C,East,CUST4781,returning,Robert Wilson,1,558.6596551708975,0.06402192043670052,522.8931911763517
2023-06-12,Product E,West,CUST4468,returning,Mike Brown,1,1288.8847306334255,0.08335234421809977,1181.4531669082155
2023-06-12,Product E,West,CUST1267,returning,Emily Davis,2,1543.256764036904,0.025295285133357073,3008.4392883132173
2023-06-13,Product C,East,CUST2380,returning,Robert Wilson,1,431.81276812363666,0.0182703866590735,423.92338188569295
2023-06-13,Product E,South,CUST4463,returning,John Smith,4,1558.1998278603994,0.06841977434746807,5806.352588999709
2023-06-13,Product D,West,CUST2084,returning,Emily Davis,1,85.13962429822607,0.08081683109125393,78.25890966214351
2023-06-13,Product D,East,CUST2636,new,John Smith,4,61.08403619446081,0.0872617970196613,223.0149337076725
2023-06-13,Product A,West,CUST1224,new,John Smith,1,101.4316904726245,0.07053352168113013,94.27735613351996
2023-06-13,Product D,South,CUST3179,returning,Sarah Johnson,2,83.2038979055423,0.0409238397047462,159.59774984969164
2023-06-13,Product A,East,CUST1539,new,Mike Brown,2,111.26632877580246,0.0537564816582714,210.5700848275657
2023-06-13,Product A,East,CUST1025,returning,Sarah Johnson,4,100.29809586947427,0.06857331015524998,373.68129373374325
2023-06-13,Product E,East,CUST2044,returning,Mike Brown,2,1396.258665658675,0.009414675228322357,2766.2266875735354
2023-06-13,Product A,Central,CUST3410,returning,Robert Wilson,1,107.64178179744992,0.049743286763307616,102.28732577778598
2023-06-13,Product A,West,CUST1891,new,Emily Davis,2,99.3481443326069,0.07533402207477691,183.72769806873237
2023-06-13,Product A,West,CUST4680,returning,Robert Wilson,3,118.11301259785907,0.010139488383301344,350.746221236119
2023-06-13,Product E,South,CUST2218,returning,Robert Wilson,1,1266.2053366732664,0.04546941649255642,1208.631718854972
2023-06-13,Product A,Central,CUST1171,returning,Robert Wilson,2,105.84748736059527,0.0989828490411016,190.74080299560313
2023-06-13,Product C,West,CUST3955,returning,John Smith,1,450.83661320887904,0.06659656183070332,420.8124448217691
2023-06-13,Product E,South,CUST3263,new,John Smith,4,1472.757664172832,0.06290303313512473,5520.466960093438
2023-06-13,Product A,West,CUST2173,new,John Smith,4,113.46985327009835,0.03831500030112677,436.4890232315429
2023-06-14,Product D,North,CUST4689,new,Mike Brown,2,82.15012607423294,0.03320080113171888,158.84535215099342
2023-06-14,Product D,West,CUST1841,new,Mike Brown,2,78.64988103610845,0.08922798858564818,143.26422069751197
2023-06-14,Product A,North,CUST4999,returning,Emily Davis,4,101.84503809475738,0.07971677722253738,374.90511952694715
2023-06-14,Product C,Central,CUST3557,returning,Mike Brown,1,490.40254933879544,0.048249937486574614,466.7406569899417
2023-06-14,Product A,North,CUST3925,returning,Robert Wilson,3,86.2943270101814,0.0499462134172914,245.95275640988805
2023-06-14,Product B,Central,CUST2042,returning,Robert Wilson,4,296.5462075044205,0.06864123437411651,1104.7636390894168
2023-06-14,Product A,West,CUST3557,new,Emily Davis,2,84.66027127290965,0.07545379761511038,156.54466459648637
2023-06-14,Product C,Central,CUST2937,returning,Emily Davis,2,580.9182031706337,0.0755192259625745,1074.0954202392356
2023-06-14,Product A,North,CUST4973,returning,Mike Brown,4,97.53868322259275,0.026344340748754094,379.8763636623679
2023-06-14,Product A,Central,CUST1870,returning,John Smith,1,103.940238729625,0.03797052226438888,99.99357358077587
2023-06-15,Product C,South,CUST1868,new,Mike Brown,2,543.8115442027322,0.05936147043805608,1023.0601825953362
2023-06-15,Product C,South,CUST2009,new,John Smith,4,479.0784955674254,0.04991835244550885,1820.654745506506
2023-06-15,Product E,Central,CUST2036,returning,John Smith,3,1243.2129722194634,0.005854142195007794,3707.8050801042373
2023-06-15,Product E,Central,CUST3042,new,Mike Brown,2,1251.301174695706,0.05750471664439502,2358.690910416062
2023-06-15,Product A,North,CUST4468,returning,John Smith,1,108.01903605286162,0.0424030445597287,103.43870005381319
2023-06-15,Product B,Central,CUST2317,returning,Emily Davis,2,206.7223234954598,0.058142114465261734,389.4061010005238
2023-06-15,Product A,Central,CUST1551,new,John Smith,4,106.65824998299334,0.0692114996586309,397.1050902028209
2023-06-15,Product A,Central,CUST1090,new,Emily Davis,4,94.85333433709384,0.006788471186569878,376.8377008399856
2023-06-15,Product C,West,CUST2547,returning,Emily Davis,4,460.8506566819524,0.07102822844905679,1712.4690038329954
2023-06-15,Product A,South,CUST1781,returning,Sarah Johnson,4,119.77475905467175,0.03905162605582657,460.3894398125679
2023-06-15,Product A,West,CUST3031,new,John Smith,4,96.32040925990147,0.09927011622905123,347.03468414976504
2023-06-15,Product B,Central,CUST3052,new,John Smith,3,291.335619753489,0.07670116940184214,806.969511089958
2023-06-15,Product C,North,CUST3654,returning,Robert Wilson,2,519.3407946375922,0.06422216758104463,971.9752061854078
2023-06-16,Product A,North,CUST2777,returning,Robert Wilson,3,98.06112859516347,0.03782051336915041,283.0572191104083
2023-06-16,Product D,East,CUST3647,returning,Robert Wilson,2,79.87462188106375,0.09399832853908265,144.73308186310504
2023-06-16,Product B,East,CUST2387,returning,Sarah Johnson,1,267.9642464071325,0.08843861674538583,244.26585911766597
2023-06-16,Product B,North,CUST1706,returning,Robert Wilson,3,268.52107463384687,0.06187381412176327,755.7199547225283
2023-06-16,Product D,East,CUST2352,returning,Mike Brown,1,78.30084940425941,0.07584101904270625,72.3624331935309
2023-06-16,Product B,East,CUST1377,returning,Mike Brown,1,291.8690926683193,0.015441010784226517,287.36233886084534
2023-06-16,Product E,West,CUST2023,new,Robert Wilson,4,1239.1838860019582,0.06925639915143326,4613.44988868393
2023-06-17,Product D,South,CUST1084,returning,Mike Brown,2,88.3737381582511,0.06762628928342468,164.79470035300716
2023-06-17,Product B,West,CUST4874,returning,Sarah Johnson,1,271.28396881493,0.09302394910430536,246.048062707076
2023-06-17,Product C,South,CUST2613,new,Robert Wilson,4,500.41806736320694,0.09706412467498882,1807.3817027321907
2023-06-17,Product C,East,CUST4942,returning,John Smith,4,534.9007557532475,0.007455188487023212,2123.6518791890235
2023-06-17,Product A,North,CUST3134,new,Sarah Johnson,2,108.759149887076,0.0978502383297728,196.23408230016426
2023-06-17,Product A,North,CUST4854,returning,Robert Wilson,3,87.57621919228421,0.014036273138610056,259.0409263777636
2023-06-17,Product C,West,CUST4314,returning,Sarah Johnson,4,494.0239532132938,0.06406531658201124,1849.4966090063497
2023-06-17,Product A,North,CUST3371,new,Robert Wilson,2,99.25005129486289,0.00998673529219899,196.51773460968784
2023-06-17,Product C,East,CUST2685,returning,Sarah Johnson,1,511.6285456881311,0.05285012911185027,484.5889109912052
2023-06-17,Product C,Central,CUST2687,new,Mike Brown,4,478.89548819642374,0.051010494065356606,1817.867170951416
2023-06-17,Product E,West,CUST3929,returning,Mike Brown,2,1767.9035972384745,0.09016454232550886,3217.0027570356933
2023-06-17,Product C,East,CUST4387,returning,John Smith,2,555.5316210521581,0.09027510149740778,1010.7618951533101
2023-06-17,Product A,West,CUST1224,returning,Mike Brown,2,115.16962670066042,0.03654541591882737,221.92140958333738
2023-06-17,Product B,North,CUST1224,returning,John Smith,2,256.4056673343788,0.0689754640977749,477.4399348653807
2023-06-17,Product B,West,CUST1245,returning,Robert Wilson,1,297.5633065365505,0.024806026951296446,290.18194313488794
2023-06-17,Product A,West,CUST1137,new,Mike Brown,2,110.65382901141712,0.057697165477679516,208.53883345641304
2023-06-17,Product C,East,CUST4018,returning,Sarah Johnson,3,424.29245241961064,0.05168757431949261,1207.0854142559167
2023-06-18,Product A,North,CUST1293,returning,Sarah Johnson,1,94.86535250290991,0.03491554014678518,91.55307747905563
2023-06-18,Product A,South,CUST3768,new,Mike Brown,1,116.5892693911522,0.03468022197880038,112.54592764832088
2023-06-18,Product C,North,CUST1227,returning,Robert Wilson,2,475.76199095424005,0.08573901695871815,869.9412510870019
2023-06-18,Product A,East,CUST2046,returning,Emily Davis,4,82.51449537053401,0.08967781168692344,300.459103973015
2023-06-18,Product C,East,CUST4852,returning,Sarah Johnson,2,413.3737154378709,0.08926153340890317,752.9506874539019
2023-06-18,Product D,Central,CUST3253,new,Sarah Johnson,4,82.55350363313012,0.03564781651478325,318.4426059318552
2023-06-18,Product D,East,CUST4175,new,John Smith,2,69.61468911796086,0.08681236112213547,127.14254717369451
2023-06-18,Product E,West,CUST3771,returning,Emily Davis,4,1781.547560526654,0.07638577581141384,6581.850671883575
2023-06-18,Product B,North,CUST4642,new,John Smith,3,296.4513833429438,0.0639573873332081,832.4733821790414
2023-06-18,Product E,East,CUST1760,new,Mike Brown,1,1407.0197798790375,0.07166718682829376,1306.1826304433418
2023-06-18,Product D,Central,CUST1942,new,Mike Brown,2,65.2126708868947,0.06516521611507163,121.92614619021833
2023-06-19,Product C,Central,CUST4661,returning,Sarah Johnson,3,456.0855070116557,0.013257286726953045,1350.1171520195833
2023-06-19,Product D,North,CUST2277,returning,Mike Brown,3,86.9697316815628,0.09746858584883919,235.4787447687237
2023-06-19,Product D,West,CUST1998,returning,Emily Davis,2,71.47599208318684,0.06608175834598394,133.50546569361245
2023-06-19,Product C,West,CUST2941,returning,John Smith,1,528.4665241115702,0.00759886518955416,524.450778237654
2023-06-19,Product E,West,CUST3039,returning,John Smith,2,1601.1614283365027,0.08757212980691675,2921.8886237847805
2023-06-19,Product E,Central,CUST2932,returning,John Smith,1,1586.3966837125188,0.05741220937740219,1495.318145151599
2023-06-19,Product A,Central,CUST1310,new,Mike Brown,1,86.13008863374614,0.09032236249709362,78.35061554626212
2023-06-19,Product C,West,CUST2093,returning,Sarah Johnson,4,510.2421418273213,0.06276418014401731,1912.8688484824083
2023-06-19,Product A,Central,CUST1191,new,Emily Davis,1,115.52454620721508,0.03541687396663928,111.43302791414095
2023-06-19,Product A,South,CUST3687,new,Sarah Johnson,3,82.15100511794864,0.07053090605220667,229.07046088164077
2023-06-19,Product C,North,CUST1254,returning,Robert Wilson,1,460.3283692900074,0.06851785781802198,428.78765553339275
2023-06-19,Product C,East,CUST1837,returning,Emily Davis,1,420.7360580742059,0.08069774029964305,386.7836089250381
2023-06-19,Product C,West,CUST4746,new,Mike Brown,3,469.8081991381037,0.09001379512930036,1282.5569404524629
2023-06-19,Product E,East,CUST3166,new,John Smith,3,1263.1638373238031,0.013890084628813427,3736.855154169956
2023-06-19,Product A,Central,CUST1162,new,Robert Wilson,3,118.9989825041164,0.07173445183964587,331.387967174124
2023-06-19,Product A,Central,CUST4685,new,Robert Wilson,1,93.18555297310894,0.005093357985573377,92.71092559273328
2023-06-19,Product A,North,CUST2360,returning,Mike Brown,4,99.01825384648096,0.06717978965760621,369.46491352324364
2023-06-20,Product A,East,CUST1797,new,John Smith,4,102.35180461722409,0.012890505388163742,404.1297525132699
2023-06-20,Product A,East,CUST4086,returning,Robert Wilson,1,84.67841124161461,0.08286618044544196,77.66143473583364
2023-06-20,Product B,South,CUST4619,returning,John Smith,3,260.16357358233364,0.029619363021534208,757.3730827542566
2023-06-20,Product E,West,CUST4300,returning,John Smith,3,1451.139358882415,0.01117530037196628,4304.767321995965
2023-06-20,Product C,Central,CUST2155,returning,Mike Brown,4,411.760906777661,0.04874665740503456,1566.755755688736
2023-06-20,Product C,West,CUST3542,new,Mike Brown,2,413.987072878103,0.07909176002781292,762.4882133108227
2023-06-20,Product C,North,CUST4758,new,Mike Brown,4,551.3697663908581,0.05611123857080787,2081.72690355268
2023-06-20,Product A,Central,CUST4343,returning,Emily Davis,3,108.5084931282605,0.06172938264580871,305.430992506878
2023-06-20,Product B,Central,CUST1764,new,Sarah Johnson,2,239.92753840155774,0.09963985318994728,432.0423873980022
2023-06-20,Product A,West,CUST4775,returning,John Smith,2,105.45229090481263,0.010327616553190033,208.72644015938454
2023-06-20,Product E,South,CUST1744,returning,Robert Wilson,1,1487.157227157575,0.08453117813301048,1361.4460746769241
2023-06-20,Product A,South,CUST3969,returning,Mike Brown,4,102.48327605744292,0.01781686160228383,402.62938284551524
2023-06-20,Product B,West,CUST1989,returning,John Smith,3,299.8922508463333,0.08169005946848834,826.1821051216724
2023-06-20,Product A,East,CUST3847,new,Mike Brown,1,101.79414231344153,0.08370112605030168,93.2738579764818
2023-06-21,Product C,South,CUST2224,returning,John Smith,2,453.70522713721556,0.037994180841802866,872.934137376986
2023-06-21,Product C,East,CUST2977,returning,Emily Davis,1,446.22306096962234,0.051405245529354764,423.28485495961866
2023-06-21,Product A,South,CUST2575,returning,Robert Wilson,3,85.72828622079749,0.008062095217578325,255.11140984333684
2023-06-21,Product A,Central,CUST3204,returning,Mike Brown,2,108.87020012903965,0.06633258578816675,203.2971164784105
2023-06-21,Product A,Central,CUST1361,returning,Robert Wilson,1,119.35048538275608,0.03576943625530062,115.08138580381839
2023-06-21,Product C,Central,CUST3947,new,Sarah Johnson,1,561.595569822828,0.0022093747104774855,560.3547947733452
2023-06-21,Product E,East,CUST3272,returning,Emily Davis,2,1768.2214727022326,0.02934235499156016,3432.675381093009
2023-06-21,Product B,North,CUST4355,new,Mike Brown,3,250.4641883366228,0.04644761457173383,716.4921727582237
2023-06-21,Product C,East,CUST3065,returning,Sarah Johnson,1,515.6894486005551,0.09208659530831548,468.20136304250747
2023-06-21,Product C,West,CUST3534,new,Robert Wilson,2,594.2399135832177,0.028077540726024322,1155.1102364171115
2023-06-21,Product A,North,CUST1895,new,John Smith,2,110.45877315749266,0.023200620128180718,215.79212224328157
2023-06-21,Product A,Central,CUST3724,returning,Mike Brown,3,87.51343849138283,0.04729201168617794,250.12425580665223
2023-06-21,Product D,Central,CUST1953,returning,Sarah Johnson,1,64.26463255965952,0.09026711702750369,58.46364945166721
2023-06-21,Product E,South,CUST2889,new,Mike Brown,1,1577.610221025824,0.011279256642678037,1559.8159504607618
2023-06-21,Product A,South,CUST1809,new,Emily Davis,2,106.36458967599047,0.04844251953919391,202.42404192466594
2023-06-21,Product C,Central,CUST4345,returning,Sarah Johnson,1,544.5290879161737,0.047511095848335884,518.6579142279815
2023-06-21,Product C,Central,CUST4817,returning,Sarah Johnson,3,593.441460321138,0.07911897655632999,1639.466938003307
2023-06-21,Product C,West,CUST2262,returning,Mike Brown,1,481.69299333108114,0.05280714117368049,456.256163429874
2023-06-21,Product C,South,CUST4117,returning,Emily Davis,4,422.6761419214005,0.05232470752399798,1602.2389456719652
2023-06-21,Product A,South,CUST3917,returning,Mike Brown,3,115.53704568751427,0.0068564806926097455,344.23460449342997
2023-06-21,Product C,West,CUST4682,new,John Smith,4,408.5086969859802,0.03279983483710397,1580.438716781278
2023-06-21,Product A,South,CUST4555,returning,Sarah Johnson,3,86.23561749820558,0.05782046056765962,243.74830313136846
2023-06-21,Product B,West,CUST2162,returning,John Smith,4,243.98952020255825,0.09005779305631646,888.0654499369853
2023-06-21,Product A,West,CUST4159,returning,Mike Brown,2,92.12186993274346,0.06515497829534785,172.23934299349742
2023-06-22,Product B,North,CUST1058,returning,Emily Davis,2,265.52548308390993,0.028351003565161004,515.9951383327139
2023-06-22,Product A,South,CUST2587,returning,Sarah Johnson,4,117.70981014002531,0.007832455610801592,467.1514131085907
2023-06-22,Product A,West,CUST3361,returning,Emily Davis,4,101.98832881476379,0.03368785451388722,394.21024332615013
2023-06-22,Product D,West,CUST1558,returning,Mike Brown,3,72.5565292550033,0.061790742411864864,204.21962233652536
2023-06-22,Product B,North,CUST3195,new,Robert Wilson,2,215.68536523685722,0.01947937836376018,422.96789679976536
2023-06-22,Product A,Central,CUST3501,returning,Robert Wilson,4,91.36360241275229,0.060456286689001264,343.360393089388
2023-06-22,Product E,West,CUST4495,returning,Robert Wilson,3,1614.6541118970993,0.0003464409097531318,4842.284188972912
2023-06-22,Product D,North,CUST2295,returning,Mike Brown,4,89.68065045382556,0.061936928309195,336.50442574378
2023-06-22,Product B,West,CUST2387,new,Mike Brown,1,266.53496322635664,0.04148171247588592,255.47863651703008
2023-06-22,Product A,East,CUST4865,returning,Robert Wilson,1,104.22445229946575,0.07788736482559627,96.10668435946931
2023-06-22,Product A,East,CUST1120,returning,Sarah Johnson,2,94.02544325913631,0.05588008343539963,177.54258728953067
2023-06-22,Product B,North,CUST2371,new,Robert Wilson,2,298.00991031079775,0.08297444376533422,546.5654075324043
2023-06-22,Product C,North,CUST4394,returning,Emily Davis,3,440.97744573835513,0.007049409285256792,1313.6064457133352
2023-06-22,Product E,North,CUST3153,returning,John Smith,1,1427.4181569875882,0.08567638875394631,1305.122124055078
2023-06-22,Product A,West,CUST1815,returning,Emily Davis,2,100.24811989064433,0.03997775476738868,192.48085027552875
2023-06-22,Product C,Central,CUST2996,returning,Sarah Johnson,2,415.79096538631364,0.010944332710326877,822.4808214463557
2023-06-22,Product E,East,CUST3916,returning,Mike Brown,3,1462.4749363783023,0.09583093627029349,3966.9737818599956
2023-06-22,Product D,Central,CUST1899,returning,Mike Brown,4,64.35151922404279,0.038897164130825335,247.39371047486895
2023-06-22,Product B,Central,CUST3013,returning,John Smith,2,232.91092810627322,0.07052913924997943,432.9678416500479
2023-06-23,Product A,East,CUST4015,returning,Sarah Johnson,1,106.26121744752743,0.056402379360218205,100.26783194977335
2023-06-23,Product A,South,CUST3079,returning,Sarah Johnson,4,88.84874624309825,0.07296413655419434,329.4638967581915
2023-06-23,Product B,South,CUST3398,new,Mike Brown,1,243.42917694302972,0.09466560308858446,220.38480709836008
2023-06-23,Product B,West,CUST3887,returning,Robert Wilson,3,263.7463628877623,0.02192670403138518,773.8898233481041
2023-06-23,Product A,East,CUST1394,returning,Sarah Johnson,1,101.8952493387774,0.046140563383851675,97.19374512814818
2023-06-23,Product C,North,CUST3446,returning,Robert Wilson,2,583.0653473864187,0.0710486068289564,1083.2787335287442
2023-06-23,Product C,West,CUST1298,returning,John Smith,2,567.4571555699522,0.065417935903406,1060.670559477896
2023-06-23,Product C,East,CUST3600,returning,Robert Wilson,4,407.1402857714327,0.011288381849184759,1610.1773230378342
2023-06-23,Product C,West,CUST4554,returning,Emily Davis,3,536.6998308932756,0.044865260733630896,1537.8619591336594
2023-06-23,Product D,East,CUST3293,returning,John Smith,2,87.36745410019321,0.04770061263577291,166.39994603037246
2023-06-23,Product C,Central,CUST4313,returning,Sarah Johnson,4,514.6651527778126,0.06550913108473859,1923.7995432789758
2023-06-23,Product E,East,CUST3931,returning,Emily Davis,4,1548.0702198252186,0.02776172817729814,6020.372460732243
2023-06-23,Product A,Central,CUST2042,returning,John Smith,3,81.36197526214251,0.01104276364633331,241.39054259857159
2023-06-24,Product C,North,CUST2579,returning,Mike Brown,2,590.3677093933319,0.018106401011909336,1159.3565498051478
2023-06-24,Product A,East,CUST2573,new,Sarah Johnson,3,98.35407270584518,0.09376369703165807,267.3960936924739
2023-06-24,Product B,North,CUST3767,new,Sarah Johnson,1,210.28868077485055,0.051825231141320996,199.39042128729045
2023-06-24,Product B,South,CUST3318,returning,Robert Wilson,4,291.7725809091236,0.04989713568704347,1108.8558593989687
2023-06-24,Product C,West,CUST1731,returning,John Smith,1,517.5418059903728,0.09961151701929123,465.98868157476807
2023-06-24,Product A,North,CUST4669,returning,Emily Davis,4,89.80476228689375,0.021537692170507584,351.4822998452521
2023-06-24,Product B,Central,CUST1575,returning,John Smith,3,216.3451108980927,0.08348270980085402,594.852104364461
2023-06-24,Product C,North,CUST1968,new,Emily Davis,4,546.8151831387257,0.061971205674734735,2051.713547833472
2023-06-24,Product D,Central,CUST1642,returning,John Smith,3,77.2597373622919,0.033479554097365895,224.0193474171683
2023-06-24,Product D,South,CUST1014,returning,Robert Wilson,2,75.6685644090996,0.028897699624803208,146.96383392753074
2023-06-24,Product D,West,CUST1442,returning,Mike Brown,4,77.01519300555604,0.04573366800158083,293.9720229502491
2023-06-24,Product A,Central,CUST2152,returning,Mike Brown,3,100.14748142778936,0.07677715701934723,277.37532756334747
2023-06-24,Product C,East,CUST3415,returning,John Smith,2,490.8927013682939,0.016875380776677308,965.2174002244244
2023-06-24,Product B,West,CUST4657,returning,Sarah Johnson,1,204.19356655988688,0.09151703597940235,185.50637658226321
2023-06-24,Product C,North,CUST2294,returning,Robert Wilson,4,551.5665103909388,0.022056807363694267,2157.602856491923
2023-06-24,Product C,Central,CUST2172,new,John Smith,2,526.2996565374576,0.07906590510067633,969.3745956782968
2023-06-24,Product A,East,CUST3190,new,Robert Wilson,1,115.38885091022486,0.07997627009912084,106.16048100340153
2023-06-25,Product A,Central,CUST3978,new,Robert Wilson,1,102.07336777349066,0.05862768484196185,96.08904253690879
2023-06-25,Product E,North,CUST3005,returning,Robert Wilson,3,1251.4337810575694,0.07331215250802695,3479.0654305409403
2023-06-25,Product A,North,CUST1700,returning,Sarah Johnson,3,97.37783804879514,0.027150992673788867,284.20179924402873
2023-06-25,Product C,South,CUST4252,returning,Robert Wilson,3,400.89589538394154,0.017379962283342053,1181.785019527866
2023-06-25,Product B,West,CUST1148,returning,Sarah Johnson,1,295.7016433134833,0.04523448529996449,282.3257316758442
2023-06-25,Product A,Central,CUST4908,returning,Mike Brown,1,97.80386747490178,0.09925380699054777,88.09646128961877
2023-06-25,Product D,South,CUST2251,new,John Smith,2,83.44583199731608,0.08711964372184074,152.35212168727463
2023-06-26,Product A,Central,CUST2800,returning,John Smith,2,93.44517688112349,0.01969930558389406,183.2087435728024
2023-06-26,Product B,Central,CUST1456,new,Emily Davis,4,203.7365660138611,0.09784193991066462,735.210340657311
2023-06-26,Product A,Central,CUST1448,returning,Robert Wilson,2,98.0988020165737,0.048803324648521086,186.6225086682557
2023-06-26,Product C,West,CUST4230,returning,John Smith,3,544.2970818873099,0.07481025653169485,1510.734232685602
2023-06-26,Product C,South,CUST2962,new,Emily Davis,2,509.6714848871352,0.0002980130782330948,1019.0391922380727
2023-06-26,Product E,South,CUST3702,returning,Sarah Johnson,2,1646.3298665655013,0.018613006610838458,3231.373435750994
2023-06-26,Product B,Central,CUST4451,returning,Robert Wilson,2,277.50374265431935,0.03050716374793491,538.0757810729984
2023-06-26,Product A,West,CUST2652,new,Mike Brown,2,119.43615308493855,0.08003373878157294,219.75446241572524
2023-06-26,Product A,West,CUST3838,returning,Emily Davis,2,86.4858001427298,0.007519655420957916,171.67091345370127
2023-06-26,Product A,Central,CUST3430,returning,Sarah Johnson,1,86.34188346997396,0.010669007054927139,85.42070130609711
2023-06-26,Product C,West,CUST2729,returning,John Smith,3,420.69427454135587,0.06862250031859937,1175.4755446578263
2023-06-26,Product A,West,CUST3261,returning,John Smith,2,87.68141096139472,0.05447248766557845,165.81037276859925
2023-06-26,Product B,Central,CUST3467,new,Robert Wilson,2,221.02012144525204,0.04465817770955044,422.29953116872707
2023-06-26,Product A,South,CUST4673,returning,Sarah Johnson,2,92.4353880205935,0.061639552477685926,173.47542413980574
2023-06-26,Product C,South,CUST2362,returning,Mike Brown,1,563.1809172762914,0.04830274151905406,535.977735000631
2023-06-26,Product B,West,CUST1685,returning,Sarah Johnson,3,214.5706611747509,0.0068912179927881345,639.276023921217
2023-06-26,Product B,East,CUST3967,new,Sarah Johnson,1,236.48410612382736,0.019373851146504875,231.90249825327007
2023-06-26,Product B,North,CUST4042,returning,Emily Davis,3,251.5186958872616,0.04311835985659595,722.0208667419988
2023-06-26,Product C,East,CUST4430,new,John Smith,2,415.24379367771616,0.02227658764169499,811.9871578303691
2023-06-26,Product A,North,CUST4012,new,John Smith,1,112.5983186997161,0.08371755836394879,103.17186238229012
2023-06-26,Product A,East,CUST3070,new,Emily Davis,3,118.62236873274632,0.006650839546658183,353.5002911749809
2023-06-27,Product B,South,CUST3950,new,Mike Brown,3,207.1981937056429,0.04625910206930886,592.8401739433114
2023-06-27,Product B,South,CUST2110,returning,John Smith,2,200.17050315022652,0.021744601241410724,391.63575075786457
2023-06-27,Product A,East,CUST2454,new,Robert Wilson,4,115.92078964853914,0.05255860926993006,439.31261663655926
2023-06-27,Product A,Central,CUST1757,returning,Emily Davis,3,95.72957726900778,0.08485861892000056,262.8182926564929
2023-06-27,Product B,East,CUST3799,returning,Mike Brown,1,283.6255009371402,0.0468690067229141,270.33225542692753
2023-06-27,Product A,North,CUST2121,returning,Mike Brown,4,116.39245425422644,0.05318571093571644,440.8081553086502
2023-06-27,Product A,North,CUST2462,returning,Mike Brown,4,84.1405307606673,0.08568144371338537,307.7249944411313
2023-06-27,Product B,North,CUST1286,returning,John Smith,2,252.8027350730221,0.03487223488002855,487.97387743448405
2023-06-27,Product A,South,CUST1727,returning,Sarah Johnson,4,119.13736895956157,0.08685388285702977,435.1593034882123
2023-06-27,Product B,North,CUST3975,returning,Robert Wilson,3,247.66743288487248,0.033381956855260124,718.1994279775699
2023-06-27,Product A,West,CUST1764,returning,Robert Wilson,1,91.85526093978876,0.08419386306424859,84.12161167849337
2023-06-27,Product C,South,CUST2756,new,Mike Brown,2,517.0508452476365,0.08567594515799969,945.5040507726053
2023-06-27,Product C,West,CUST1676,returning,Emily Davis,4,457.4207933376222,0.005047901302713509,1820.4471132761798
2023-06-27,Product B,North,CUST4044,returning,Mike Brown,4,292.1614223280444,0.0378804115319572,1124.3769096659846
2023-06-27,Product A,South,CUST4085,returning,Robert Wilson,1,82.65522429117405,0.004567573856635321,82.27769044958735
2023-06-27,Product E,Central,CUST3956,returning,John Smith,2,1765.5541285661466,0.09515042120351598,3195.121819150942
2023-06-27,Product C,Central,CUST3228,new,Robert Wilson,4,409.07545055606454,0.09647478149424267,1478.4399433960373
2023-06-27,Product A,South,CUST2584,returning,John Smith,2,86.42249511232706,0.028055811717283965,167.99568372263542
2023-06-27,Product A,East,CUST3524,returning,John Smith,4,114.58902278071956,0.006207848403203609,455.5106859945024
2023-06-27,Product C,West,CUST4303,returning,Sarah Johnson,2,465.70702331924116,0.04722639640037149,887.4267176590592
2023-06-28,Product E,North,CUST3145,new,John Smith,1,1635.0954907798978,0.00812286282213085,1621.813834407208
2023-06-28,Product E,Central,CUST2173,new,Emily Davis,4,1457.0586865396115,0.02241540044236986,5697.59253045117
2023-06-28,Product B,Central,CUST2296,returning,Emily Davis,2,234.60305095945316,0.07715701704845336,433.00355871391093
2023-06-28,Product D,Central,CUST1890,new,Mike Brown,2,70.27906174884514,0.05670359132189304,132.58797310590506
2023-06-28,Product B,South,CUST4109,returning,John Smith,4,228.7056606119156,0.02589731849908994,891.1311891060162
2023-06-28,Product E,South,CUST2111,returning,Emily Davis,1,1789.536217155882,0.006838112210743142,1777.2991676977813
2023-06-28,Product A,North,CUST4024,returning,Emily Davis,3,91.83932854864833,0.0234160740101667,269.06643610292747
2023-06-28,Product E,South,CUST3416,returning,John Smith,1,1611.4462393982901,0.02029714270243962,1578.7384851199133
2023-06-28,Product C,West,CUST2364,returning,Robert Wilson,2,400.72317235431353,0.08413749661359962,734.0146555947232
2023-06-28,Product C,North,CUST2770,returning,Robert Wilson,2,488.59953935089106,0.08638860326789571,892.7802151780606
2023-06-28,Product B,East,CUST3125,returning,John Smith,1,299.849500714727,0.03886130608930408,288.196957486727
2023-06-28,Product C,South,CUST1557,returning,Robert Wilson,2,413.4350862531713,0.07610081283323746,763.9446802710506
2023-06-28,Product C,South,CUST3912,returning,Robert Wilson,1,584.3142946353132,0.06453059290176053,546.6081467615224
2023-06-28,Product B,East,CUST2992,returning,Mike Brown,4,274.8003648968869,0.0946321177664542,995.1816976148004
2023-06-28,Product C,North,CUST4941,returning,Mike Brown,2,528.3504154263098,0.04391809464994206,1010.2925437465619
2023-06-28,Product C,South,CUST3981,returning,John Smith,3,478.09568810522137,0.09934163572758094,1291.802641243636
2023-06-28,Product A,South,CUST4996,returning,Mike Brown,3,92.63661129822543,0.09703394127248512,250.9431473934942
2023-06-28,Product A,South,CUST4579,new,John Smith,2,91.44275769194026,0.06980753687315865,170.11872802515364
2023-07-01,Product C,Central,CUST3294,new,Mike Brown,1,534.3212382202943,0.02365201422732264,521.6834646919472
2023-07-01,Product B,East,CUST4298,returning,Emily Davis,2,294.6066985947991,0.051635416266649595,558.7891181558266
2023-07-01,Product A,West,CUST4793,returning,Sarah Johnson,3,90.99862334881074,0.0981668292637757,246.19673108186822
2023-07-01,Product A,West,CUST3532,returning,Mike Brown,3,82.811049435508,0.03692688229555415,239.25928668069503
2023-07-01,Product B,North,CUST4110,returning,Sarah Johnson,2,229.11385674793695,0.08932877678525329,417.294792360184
2023-07-01,Product E,North,CUST3136,returning,John Smith,4,1771.2239547275044,0.07869961187666291,6527.317267775207
2023-07-01,Product A,South,CUST2370,returning,Emily Davis,4,81.33562283315902,0.09490286509515977,294.4665567679717
2023-07-01,Product C,South,CUST1272,returning,Sarah Johnson,4,559.172862835447,0.023976742019163257,2183.062877436498
2023-07-01,Product A,Central,CUST2927,new,John Smith,4,103.41311412200955,0.05592580130393432,390.5186113976038
2023-07-01,Product D,East,CUST4067,returning,Mike Brown,4,87.83945716300757,0.023299698805295255,343.17129707155544
2023-07-01,Product B,North,CUST2820,returning,Mike Brown,1,278.19838535767093,0.026145084876734705,270.9248649599241
2023-07-01,Product B,East,CUST2465,returning,Emily Davis,1,251.27146241182967,0.02123776291654733,245.9350186654331
2023-07-01,Product B,Central,CUST1259,returning,Robert Wilson,2,253.3648618117687,0.0426619731941896,485.11163373761093
2023-07-01,Product B,North,CUST1796,returning,Emily Davis,3,228.7359836381635,0.04643304413962627,654.3452268407156
2023-07-01,Product A,West,CUST2112,new,Robert Wilson,3,113.31693710452457,0.04786802542001748,323.67803723606
2023-07-02,Product B,Central,CUST4630,returning,Mike Brown,4,272.7502005625017,0.03186044313464927,1056.2410332300635
2023-07-02,Product E,West,CUST1451,returning,Emily Davis,2,1799.934637290375,0.07265234719135165,3338.33032220043
2023-07-02,Product C,South,CUST2484,returning,Mike Brown,4,478.8261697545253,0.037886576441740365,1842.740341887259
2023-07-02,Product A,West,CUST4292,new,Sarah Johnson,1,85.93042302685319,0.06094497583802736,80.69339547173016
2023-07-02,Product B,North,CUST2582,returning,Mike Brown,4,258.1009519550177,0.05490476975177273,975.7199144608564
2023-07-02,Product B,Central,CUST2318,returning,John Smith,3,237.24516435038677,0.03364549443606653,687.7888004797564
2023-07-02,Product C,West,CUST3053,returning,John Smith,2,489.61388060906927,0.08384598385310688,897.1234461625285
2023-07-02,Product B,Central,CUST1230,returning,Sarah Johnson,4,288.7985299046667,0.06099907288150555,1084.728349323761
2023-07-02,Product A,East,CUST1933,returning,Emily Davis,3,115.85729154036501,0.055261658098182675,328.3644765212397
2023-07-02,Product E,West,CUST2324,returning,Sarah Johnson,4,1413.5638260103815,0.09230845940043164,5132.3197078687335
2023-07-02,Product B,West,CUST2231,new,Mike Brown,2,272.0573768059968,0.022626293899879493,531.8034532815082
2023-07-02,Product A,North,CUST2397,returning,Robert Wilson,2,98.18850244332431,0.06979323144133129,182.6712191348393
2023-07-02,Product A,North,CUST2949,new,Emily Davis,4,91.42836979449311,0.019231587306040222,358.6802284741655
2023-07-02,Product C,Central,CUST2453,new,Sarah Johnson,4,551.7895539182532,0.04023679950243623,2118.349233078823
2023-07-02,Product D,East,CUST1238,new,Emily Davis,1,65.71288390169286,0.0701459119437275,61.103393733956324
2023-07-02,Product C,East,CUST4207,new,John Smith,1,570.7457275928765,0.01939014150906442,559.6788871691567
2023-07-02,Product A,North,CUST2061,returning,Mike Brown,1,81.56409741368974,0.0480669036245897,77.64356380407926
2023-07-02,Product B,North,CUST1370,returning,John Smith,3,280.3574085383873,0.09246909356939317,763.2990392861358
2023-07-03,Product B,West,CUST4635,returning,John Smith,1,278.95625168209665,0.031520899251972136,270.1632997771175
2023-07-03,Product E,North,CUST3402,returning,John Smith,2,1243.0679900017683,0.01092874379529666,2458.965636837809
2023-07-03,Product D,West,CUST2813,returning,Mike Brown,1,72.68057007636477,0.08028775378898348,66.84521036083063
2023-07-03,Product B,South,CUST4881,returning,Mike Brown,1,254.4936948976097,0.02683658548382463,247.66395309939563
2023-07-03,Product A,South,CUST1533,returning,John Smith,2,82.52234102304975,0.03785416248511412,158.79705383462246
2023-07-03,Product B,West,CUST3853,returning,John Smith,1,208.987047068934,0.0824612616166715,191.75371150608697
2023-07-03,Product D,West,CUST4485,new,Mike Brown,1,89.23683551210284,0.05366170693642597,84.44823459691833
2023-07-03,Product B,South,CUST1692,returning,John Smith,2,264.7142679330109,0.04033814716659846,508.0723696720614
2023-07-03,Product C,West,CUST2931,returning,Sarah Johnson,2,582.3178775345461,0.031478467995866524,1127.974805726308
2023-07-03,Product A,South,CUST2307,returning,Robert Wilson,1,93.06914762350024,0.03152782983311286,90.13487937451367
2023-07-03,Product A,Central,CUST1245,returning,Mike Brown,2,89.31079424954396,0.06161456264079193,167.61589744551313
2023-07-03,Product D,West,CUST4740,returning,Emily Davis,4,64.57784214645277,0.0006167710620640144,258.1520496086652
2023-07-03,Product A,Central,CUST3562,returning,John Smith,4,93.45207093816272,0.0559174798746506,352.90586656893436
2023-07-03,Product D,Central,CUST1940,returning,Robert Wilson,2,79.25358893114414,0.08084933404891877,145.69197809014875
2023-07-03,Product C,West,CUST3880,returning,Mike Brown,4,503.1019768901167,0.07478572189189607,1861.9085294525973
2023-07-03,Product D,East,CUST3358,returning,Robert Wilson,1,70.50909165638923,0.08493815481562843,64.52017951336951
2023-07-03,Product A,East,CUST2683,returning,Emily Davis,3,86.32597842278088,0.02842840597184866,251.61560538678307
2023-07-03,Product B,Central,CUST1614,returning,Sarah Johnson,4,237.05293327797114,0.07367590901264513,878.3513717384109
2023-07-03,Product C,North,CUST2897,new,John Smith,2,457.2200074840801,0.0934014891581597,829.0299558243241
2023-07-03,Product D,North,CUST2016,returning,Sarah Johnson,4,69.8779162945864,0.05904913456548047,263.00674324860796
2023-07-03,Product C,South,CUST3210,returning,Robert Wilson,3,476.62083336884643,0.0029059041905962427,1425.7074566755034
2023-07-04,Product E,Central,CUST1970,new,Robert Wilson,4,1665.0147529547316,0.006447254466635111,6617.119916606924
2023-07-04,Product B,East,CUST4411,returning,Emily Davis,1,217.83780391436437,0.04598150236693002,207.8212944180692
2023-07-04,Product A,North,CUST1355,new,Emily Davis,1,93.86756298586837,0.049153924426519696,89.25360388875943
2023-07-04,Product B,Central,CUST1358,returning,Sarah Johnson,3,260.0206176405968,0.09971401828635337,702.2787510550603
2023-07-04,Product A,South,CUST1096,returning,Robert Wilson,2,117.38516874971118,0.06541455922412723,219.41293935299808
2023-07-04,Product C,West,CUST2397,returning,John Smith,1,577.3760570242081,0.05477846040483869,545.7482855458056
2023-07-04,Product C,North,CUST3176,returning,Robert Wilson,3,486.75468033209444,0.002775059798863844,1456.211720960388
2023-07-04,Product A,Central,CUST1654,returning,John Smith,3,112.45845067990207,0.011728945722547202,333.41829484750724
2023-07-04,Product D,East,CUST1985,new,John Smith,4,67.02225063727477,0.020353471792042745,262.6324605979591
2023-07-04,Product C,South,CUST3364,new,Robert Wilson,4,428.2750111209536,0.02094458218293609,1677.2198798145316
2023-07-04,Product A,West,CUST4387,returning,John Smith,2,106.54823279183086,0.02461874678868623,207.85029765589354
2023-07-05,Product A,Central,CUST2049,returning,Robert Wilson,1,103.15665199387179,0.006804905500496394,102.4546807253059
2023-07-05,Product B,Central,CUST2023,new,Robert Wilson,4,222.62057658036466,0.06922619040119661,828.8376086351526
2023-07-05,Product D,Central,CUST2914,returning,Sarah Johnson,4,88.10221287941174,0.057398442037511245,332.1811324803054
2023-07-05,Product A,West,CUST3828,returning,John Smith,2,104.80548639842749,0.03787806713127026,201.67131429780483
2023-07-05,Product E,West,CUST4925,returning,Sarah Johnson,3,1621.61471596559,0.032323357706785426,4707.596050316541
2023-07-05,Product B,North,CUST1903,new,Robert Wilson,3,295.4611870709715,0.009812659658689039,877.6857809996754
2023-07-05,Product C,Central,CUST4576,new,Emily Davis,1,422.1873045031356,0.09757105662839081,380.99404310767244
2023-07-05,Product A,West,CUST4625,returning,Robert Wilson,4,107.87960616887169,0.04818663985272878,410.72500175583224
2023-07-05,Product B,East,CUST2005,returning,Sarah Johnson,1,251.94726168593257,0.0364094858544017,242.77399142552335
2023-07-05,Product B,Central,CUST2249,returning,Sarah Johnson,1,298.33215976372355,0.06532552770683363,278.8434539952389
2023-07-05,Product C,West,CUST1840,new,Mike Brown,2,448.60335259414717,0.0432978766057497,858.3595599772003
2023-07-05,Product A,West,CUST1928,new,Robert Wilson,4,80.46120146932556,0.06259904657610356,301.697627883912
2023-07-05,Product A,North,CUST3638,returning,John Smith,1,90.72818742090001,0.025211896410349013,88.44075775814555
2023-07-06,Product C,East,CUST3840,returning,Sarah Johnson,1,534.8994460413226,0.06118514835317286,502.17154408125424
2023-07-06,Product B,Central,CUST2495,returning,Robert Wilson,1,255.31578948810923,0.06167259493093792,239.56980222353647
2023-07-06,Product A,Central,CUST3866,new,John Smith,1,80.69933149634171,0.03154444660818978,78.15371574263875
2023-07-06,Product A,South,CUST3214,returning,Sarah Johnson,3,88.01821845221521,0.07936625096978661,243.0976273098696
2023-07-06,Product B,Central,CUST1698,returning,Emily Davis,2,264.9086020031517,0.010890803345048827,524.0470690286472
2023-07-06,Product E,North,CUST3927,returning,Mike Brown,2,1253.0676881634529,0.03437028772804831,2419.9987823571096
2023-07-06,Product A,West,CUST1745,returning,Robert Wilson,3,88.70124695177469,0.04060449324826883,255.298733306425
2023-07-06,Product A,East,CUST1009,returning,Sarah Johnson,2,108.33494362428793,0.015148505461207485,213.3876622783116
2023-07-06,Product E,North,CUST2709,returning,Sarah Johnson,4,1537.6893718906756,0.012331401227534455,6074.910029130306
2023-07-06,Product D,North,CUST1710,returning,Mike Brown,1,85.92824281022125,0.06640158905283466,80.22247094310474
2023-07-06,Product C,North,CUST2540,new,John Smith,2,450.043391778426,0.06252630275433342,843.807684823002
2023-07-06,Product B,West,CUST1370,returning,Mike Brown,4,231.8339522130427,0.0862886608249486,847.3172437712965
2023-07-06,Product A,North,CUST4318,returning,Robert Wilson,4,93.23811620603112,0.07839253681002178,343.71577499701095
2023-07-06,Product A,West,CUST2113,returning,Emily Davis,1,94.28622513127411,0.05656475633753975,88.95294778073718
2023-07-06,Product A,Central,CUST1984,returning,Robert Wilson,4,100.86172131072726,0.08875290560107213,367.6398019218986
2023-07-06,Product C,West,CUST3877,returning,Mike Brown,2,514.7738433814411,0.05428634773412075,973.6573030304128
2023-07-06,Product A,Central,CUST4876,new,John Smith,2,108.3952578643468,0.0590751451560577,203.9835845435644
2023-07-07,Product B,South,CUST3390,new,Emily Davis,4,269.5302710681597,0.010354817273798278,1066.9573374459665
2023-07-07,Product C,East,CUST2729,new,Robert Wilson,1,572.4494738449679,0.016984987569196308,562.7264266477181
2023-07-07,Product D,West,CUST2433,returning,Emily Davis,2,83.09448478313081,0.09289382545737919,150.75104043443162
2023-07-07,Product A,Central,CUST4368,new,Sarah Johnson,1,85.35746795490897,0.06689328244354036,79.6476267423358
2023-07-07,Product B,East,CUST1756,returning,Emily Davis,2,268.0471388923528,0.07040830359006298,498.3487891215445
2023-07-07,Product E,East,CUST3704,returning,Emily Davis,1,1580.5745438017937,0.0187841288534545,1550.8848279085307
2023-07-07,Product B,South,CUST3318,returning,John Smith,1,277.1362312388489,0.03951480082336537,266.18524826050765
2023-07-07,Product C,North,CUST2165,returning,John Smith,2,511.43463331098815,0.0785455968610946,942.527389564283
2023-07-07,Product C,East,CUST4869,new,Sarah Johnson,1,528.0557890554345,0.05476668900148858,499.13592188079986
2023-07-07,Product A,West,CUST3343,returning,Robert Wilson,1,80.15098519288493,0.0024077668326494828,79.95800030913333
2023-07-07,Product C,North,CUST3220,returning,John Smith,2,474.9064856840349,0.0999410587856637,854.8876573611876
2023-07-07,Product C,North,CUST4441,returning,Mike Brown,1,556.561847210561,0.0897461280569979,506.6125763991627
2023-07-07,Product B,North,CUST3619,returning,John Smith,1,233.88104202306775,0.025592809206812152,227.89536913748097
2023-07-07,Product A,North,CUST3419,new,Robert Wilson,3,116.01758238393197,0.055176155916687834,328.84853450771686
2023-07-07,Product C,West,CUST4589,returning,Sarah Johnson,3,425.37140474218313,0.06521420616113863,1192.8934387748197
2023-07-07,Product C,Central,CUST4120,returning,Mike Brown,3,520.0033016175962,0.0910994910126781,1417.8937965459631
2023-07-07,Product A,Central,CUST2604,new,Robert Wilson,1,118.44147712267028,0.019674052243235998,116.11125331399282
2023-07-07,Product B,North,CUST2851,returning,Robert Wilson,1,262.394421679596,0.06738667648165328,244.71253367528254
2023-07-07,Product B,North,CUST2308,new,Robert Wilson,3,266.30711119142256,0.012138394209725912,789.2237114847833
2023-07-07,Product A,South,CUST4606,returning,Robert Wilson,4,92.06081615554547,0.01678887570307558,362.0608742239453
2023-07-08,Product C,Central,CUST4322,returning,Robert Wilson,2,515.1492568642647,0.0031028442418032267,1027.1016579178684
2023-07-08,Product B,South,CUST1053,returning,Emily Davis,4,257.58460579035705,0.07568141730332913,952.360950994494
2023-07-08,Product B,Central,CUST2255,returning,John Smith,3,204.7139573628733,0.06684652551688978,573.0886217650575
2023-07-08,Product A,North,CUST3157,returning,Sarah Johnson,2,89.19664880681101,0.05242497313418742,169.0410337789088
2023-07-08,Product D,Central,CUST1754,new,Robert Wilson,3,84.02136177655454,0.03820331159802727,242.43440253514274
2023-07-08,Product C,South,CUST2282,new,Emily Davis,2,491.275318649589,0.04896350142045546,934.4415177741103
2023-07-08,Product D,North,CUST1366,returning,Sarah Johnson,4,62.71809048016075,0.057747933232802355,236.38500151449426
2023-07-08,Product C,South,CUST2352,new,Robert Wilson,1,451.27943003620595,0.03079412595458536,437.3826744269575
2023-07-08,Product B,North,CUST3847,new,John Smith,3,251.72236151162502,0.03302635608371151,730.2266674983281
2023-07-08,Product B,South,CUST1675,returning,Mike Brown,1,297.9462975642382,0.06822824046021103,277.6179459297958
2023-07-08,Product C,West,CUST1560,returning,Emily Davis,2,590.3254451556621,0.07405954868872032,1093.2124182159316
2023-07-08,Product D,West,CUST4235,new,Emily Davis,4,62.50273026633461,0.05922391132609566,235.20429644560934
2023-07-08,Product B,South,CUST2108,returning,Mike Brown,2,205.85317392753768,0.0701372113102662,382.830412737786
2023-07-08,Product E,East,CUST4166,returning,Emily Davis,3,1439.622152610815,0.06490602505713831,4038.5460033019385
2023-07-08,Product A,North,CUST1584,new,John Smith,2,112.43168288651313,0.005969782227991438,223.5209804483081
2023-07-08,Product E,North,CUST4753,returning,Mike Brown,1,1621.5548591591134,0.026189973560007396,1579.0863802716347
2023-07-08,Product D,East,CUST2064,returning,Robert Wilson,4,68.19499813234731,0.02121879727513273,266.9919291671959
2023-07-08,Product A,Central,CUST1704,new,Emily Davis,1,104.03718402414842,0.09499249709744732,94.1544321227079
2023-07-08,Product A,West,CUST1957,new,Emily Davis,4,109.33623779658429,0.09481225427392383,395.87929046904134
2023-07-08,Product D,East,CUST4254,returning,Sarah Johnson,4,86.67849315635024,0.028537851757253953,336.81950067244867
2023-07-08,Product A,North,CUST2086,new,Mike Brown,3,118.41177163524526,0.005426977371655395,353.30746089012945
2023-07-09,Product B,West,CUST2347,new,Robert Wilson,1,280.4358511336332,0.019933245971421366,274.84585433378163
2023-07-09,Product A,North,CUST3674,returning,John Smith,4,94.56071663705346,0.006983695310956961,375.60133361469815
2023-07-09,Product A,West,CUST4739,new,Mike Brown,1,107.8576508442948,0.05855866468419893,101.54165083487834
2023-07-09,Product D,West,CUST2071,new,John Smith,3,70.05859128515586,0.019935946957802476,205.9857207760699
2023-07-09,Product D,South,CUST4600,new,John Smith,3,79.99257587296339,0.05375177369454923,227.07849911218742
2023-07-09,Product A,West,CUST4063,returning,Sarah Johnson,2,116.57540196435237,0.08339581246649569,213.70700320785375
2023-07-09,Product D,East,CUST1342,new,John Smith,4,72.79808341379648,0.04147968443881781,279.11376754416585
2023-07-09,Product E,Central,CUST4737,returning,Robert Wilson,1,1366.7589602071344,0.06520141271689504,1277.6443451581547
2023-07-09,Product A,East,CUST1067,returning,Sarah Johnson,4,105.47417707074035,0.07473245684517227,390.3673307380848
2023-07-09,Product C,South,CUST1124,new,Robert Wilson,4,534.1410796111146,0.08308452800594213,1959.048880492163
2023-07-09,Product C,South,CUST2474,returning,Mike Brown,3,401.7006283481909,0.07158826551728585,1118.83073132262
2023-07-09,Product C,North,CUST4865,new,John Smith,4,458.97014338147454,0.03104782331172782,1778.8804778576325
2023-07-09,Product A,South,CUST2326,new,Emily Davis,3,112.04351400063635,0.041653389747518636,322.12956552985884
2023-07-09,Product B,Central,CUST4185,returning,Robert Wilson,3,284.3772474349274,0.08084904541911345,784.1568553226956
2023-07-09,Product A,Central,CUST2319,returning,Emily Davis,3,102.51920242407793,0.05415742062462708,290.90108056888755
2023-07-09,Product B,North,CUST2801,returning,Sarah Johnson,3,226.8273566348704,0.07016496783649684,632.7360673564414
2023-07-09,Product B,Central,CUST3140,new,Mike Brown,1,272.86688817626305,0.020845324562948533,267.17888932974705
2023-07-09,Product A,East,CUST4989,new,Sarah Johnson,4,88.4951825642028,0.06862423299072766,329.68907414943993
2023-07-09,Product A,North,CUST4804,returning,Emily Davis,1,118.5526925907904,0.09332366912398429,107.48892033369006
2023-07-09,Product A,Central,CUST4099,returning,John Smith,1,97.573220111728,0.09309703884986642,88.4894422482799
2023-07-09,Product B,West,CUST4223,returning,Emily Davis,1,297.86274511607536,0.07602677763239621,275.2172004281604
2023-07-10,Product B,South,CUST3122,returning,Robert Wilson,3,218.29817365436807,0.002314634535534166,653.3786794877509
2023-07-10,Product A,North,CUST2688,returning,Sarah Johnson,4,99.86664723773403,0.03572595337625905,385.1952642187017
2023-07-10,Product A,South,CUST4679,returning,Sarah Johnson,3,116.60313607268067,0.03125296209283628,338.876828043286
2023-07-10,Product B,North,CUST4054,new,Emily Davis,4,277.35664883786296,0.04372545006830922,1060.9164181519577
2023-07-10,Product A,North,CUST1321,returning,Robert Wilson,1,102.51876939616811,0.05652099682851924,96.7243063562636
2023-07-10,Product B,South,CUST4891,returning,Emily Davis,1,261.7755514131576,0.08257464822673381,240.15952734085684
2023-07-10,Product C,East,CUST2348,returning,Sarah Johnson,2,538.101479829229,0.060500571978354234,1011.0920650343236
2023-07-10,Product B,Central,CUST3988,returning,John Smith,1,210.67135552119575,0.06543260502590868,196.88657992510457
2023-07-10,Product D,East,CUST3737,new,Mike Brown,4,72.4709183722263,0.018060250628013853,284.6483016927262
2023-07-10,Product E,Central,CUST4565,returning,Mike Brown,4,1510.8026714143518,0.031162279968354002,5854.8904623632025
2023-07-10,Product A,West,CUST3259,returning,Sarah Johnson,4,81.27440635913773,0.029446246401172195,315.52472065351026
2023-07-10,Product A,South,CUST1535,new,John Smith,4,95.7860250799466,0.09459462487820665,346.9007278757382
2023-07-10,Product B,West,CUST4664,new,Robert Wilson,4,293.21368173075285,0.06125504091988049,1101.0114626322672
2023-07-11,Product B,West,CUST4475,new,John Smith,2,245.27666092780757,0.04043830058328755,470.71617917428756
2023-07-11,Product C,South,CUST3595,returning,Robert Wilson,1,538.9515033428746,0.08265331172988477,494.405376729786
2023-07-11,Product A,West,CUST1138,new,Emily Davis,4,101.16606795799731,0.018386664144794108,397.2238457744168
2023-07-11,Product A,West,CUST4894,returning,Sarah Johnson,1,99.1928072562976,0.09557029102151048,89.71292179957264
2023-07-11,Product C,East,CUST1674,new,Emily Davis,1,560.267263045316,0.05642315628575716,528.6552157007168
2023-07-11,Product D,South,CUST3355,returning,John Smith,4,69.96716597689849,0.05892096105220436,263.37853326176213
2023-07-11,Product C,East,CUST4004,new,Emily Davis,3,514.1134178514906,0.05375194262680704,1459.4364687343966
2023-07-11,Product A,Central,CUST4111,returning,Sarah Johnson,1,114.8967982007183,0.03552330320665401,110.81528440076045
2023-07-11,Product C,South,CUST2989,new,Emily Davis,1,539.4365560618093,0.052367662280411356,511.18752467225625
2023-07-11,Product C,Central,CUST1582,returning,Robert Wilson,2,574.5460968120699,0.09362339011968529,1041.510286896982
2023-07-11,Product A,East,CUST4314,new,Emily Davis,2,97.47885734535767,0.08639517200542654,178.1143093962261
2023-07-11,Product A,East,CUST4986,returning,Sarah Johnson,1,100.66741563819728,0.07063876345584273,93.55639387721966
2023-07-11,Product D,North,CUST2579,returning,Robert Wilson,2,69.04347076818932,0.007394729448486537,137.06582596334815
2023-07-11,Product B,East,CUST2776,new,Mike Brown,1,294.18251242722056,0.03087757763619975,285.09886906053674
2023-07-11,Product E,South,CUST4966,new,John Smith,1,1284.8143458792624,0.03917273511513292,1234.4846538360111
2023-07-11,Product A,North,CUST1150,returning,John Smith,4,92.52226748865559,0.02421560095147415,361.127140720099
2023-07-11,Product B,South,CUST2378,new,Sarah Johnson,3,279.7843222630355,0.08332134181708034,769.4169513380908
2023-07-11,Product C,South,CUST1242,returning,Sarah Johnson,1,517.872210399215,0.056128064071355094,488.80504579315357
2023-07-11,Product B,North,CUST3684,returning,Sarah Johnson,3,214.61039995756659,0.030276575058250377,624.3381962249106
2023-07-11,Product E,South,CUST1229,returning,John Smith,1,1220.5833240387183,0.049700095823468626,1159.920215873466
2023-07-12,Product B,East,CUST3019,returning,John Smith,2,287.2879313328333,0.07014750617029408,534.2707987940247
2023-07-12,Product A,West,CUST2600,returning,Mike Brown,1,82.30801877964178,0.0770037023691219,75.96999659894215
2023-07-12,Product A,West,CUST3330,new,Robert Wilson,3,82.49333992633764,0.06461901695332371,231.488104185304
2023-07-12,Product C,South,CUST1206,returning,Emily Davis,4,445.38877535266636,0.05442718943008257,1684.5900644260573
2023-07-12,Product A,North,CUST2928,returning,John Smith,4,110.76537245718245,0.04737872392009616,422.06980182250794
2023-07-12,Product A,South,CUST3415,returning,Mike Brown,2,93.73428762791234,0.09740641242251491,169.20793389819454
2023-07-12,Product A,Central,CUST2299,returning,Emily Davis,2,85.78307559185501,0.06503411692644334,160.40849804700878
2023-07-12,Product C,East,CUST1674,new,Emily Davis,1,466.2502493983992,0.045672141207433514,444.95560216987445
2023-07-12,Product A,Central,CUST3307,returning,Emily Davis,2,111.05407229070727,0.0915752772681566,201.76852965785568
2023-07-12,Product C,Central,CUST2022,returning,Mike Brown,3,481.0649415353275,0.017265794614904295,1418.2769191750426
2023-07-12,Product C,Central,CUST4578,new,Sarah Johnson,2,442.8968734718597,0.0019038967529248496,884.1072871051522
2023-07-12,Product A,North,CUST3340,new,Sarah Johnson,4,106.94125039596625,0.07502493796598185,395.6719588760174
2023-07-12,Product A,East,CUST2475,returning,Robert Wilson,4,103.78692985559603,0.07215951708485088,385.1908604699877
2023-07-12,Product B,South,CUST1101,returning,Mike Brown,4,242.10281187946805,0.07873786035900997,892.1606179407153
2023-07-12,Product A,West,CUST3980,returning,Emily Davis,4,86.6913895717365,0.035694481869513885,334.38794135370074
2023-07-12,Product B,North,CUST1616,returning,Sarah Johnson,2,232.47336402028162,0.04878334727478434,442.26507034228575
2023-07-12,Product B,South,CUST3934,new,Robert Wilson,2,212.77260646231295,0.0725926979942235,394.65373779990097
2023-07-12,Product C,South,CUST2314,new,Mike Brown,1,561.12160136739,0.018848377516761772,550.5453695920074
2023-07-12,Product A,South,CUST3454,returning,Emily Davis,1,96.77875612676806,0.029117806474891518,93.96077103498811
2023-07-12,Product C,North,CUST3245,returning,Mike Brown,4,420.48773795321614,0.028669794347209055,1633.7297639222973
2023-07-12,Product A,West,CUST2997,returning,John Smith,3,107.03083408695807,0.04548066876826598,306.4890005215737
2023-07-13,Product E,North,CUST4951,returning,Emily Davis,2,1776.186690314212,0.05602547245168339,3353.3499836539327
2023-07-13,Product E,Central,CUST2363,new,Sarah Johnson,3,1762.8511557096924,0.06548851125676257,4942.213973865004
2023-07-13,Product D,East,CUST1293,new,Sarah Johnson,2,69.84481260431059,0.04119624569415259,133.93493708760272
2023-07-13,Product A,Central,CUST4048,returning,Robert Wilson,2,105.1539618046911,0.03471504710174057,203.00707413541323
2023-07-13,Product E,Central,CUST3981,new,Mike Brown,1,1640.195548140315,0.0988610242386963,1478.0441362994136
2023-07-13,Product A,East,CUST3615,returning,Sarah Johnson,4,96.52962577303025,0.022979645517860005,377.2456367631773
2023-07-13,Product D,Central,CUST4151,new,Robert Wilson,3,69.97498118038915,0.012843020166049247,207.22887325791152
2023-07-13,Product C,North,CUST1015,new,Emily Davis,2,558.146967458143,0.07873833125513381,1028.3988132907507
2023-07-13,Product A,Central,CUST1273,returning,Mike Brown,2,105.59271438394107,0.034398630597180305,203.92093921618863
2023-07-13,Product B,East,CUST2491,returning,Mike Brown,1,242.08985224757194,0.03560417107030245,233.47044373376514
2023-07-13,Product A,North,CUST1712,returning,Sarah Johnson,3,85.74062833113048,0.007393564351669758,255.320098434035
2023-07-13,Product B,East,CUST1153,new,Emily Davis,4,226.05532153697757,0.05502841774693387,854.4634194780932
2023-07-13,Product A,East,CUST4800,returning,Sarah Johnson,3,96.34883048910642,0.049944871932564285,274.61010146842693
2023-07-14,Product B,East,CUST2630,returning,Sarah Johnson,1,246.59738263472534,0.005708610123798108,245.18965431971463
2023-07-14,Product A,West,CUST3941,returning,Emily Davis,3,87.49820476683885,0.050082704231127186,249.34817417024
2023-07-14,Product A,Central,CUST1989,returning,Robert Wilson,3,97.05382645463978,0.06411117764696796,272.4947740364651
2023-07-14,Product A,Central,CUST4655,returning,Emily Davis,2,83.98487123798638,0.0001152340794587481,167.95038663732163
2023-07-14,Product A,Central,CUST3936,returning,Robert Wilson,3,94.27806278056346,0.04651047262829688,269.67943656647765
2023-07-14,Product C,Central,CUST2068,new,John Smith,1,530.0067368474097,0.03019307414472392,514.0042041445727
2023-07-14,Product B,Central,CUST2977,new,Emily Davis,4,232.84593931464067,0.014212703691587659,918.1462758934891
2023-07-14,Product C,South,CUST1462,new,Emily Davis,2,466.06855883465624,0.040551349722428166,894.3376994214481
2023-07-14,Product E,South,CUST2780,returning,Sarah Johnson,2,1447.3166694318566,0.010049284424431527,2865.5443451370297
2023-07-14,Product A,Central,CUST4070,returning,Mike Brown,1,107.01230034348315,0.038449358140732,102.89774608211299
2023-07-14,Product A,East,CUST4618,returning,Sarah Johnson,2,106.11696739776713,0.0013847635506381907,211.94004097842088
2023-07-14,Product A,North,CUST4128,returning,Sarah Johnson,4,83.86485878148373,0.03443824624800381,323.9068004928517
2023-07-14,Product C,East,CUST1599,returning,Sarah Johnson,3,573.6352105428577,0.018948140273081327,1688.2976703237393
2023-07-15,Product C,East,CUST4098,returning,Robert Wilson,2,567.6794496964266,0.0027486046287703795,1132.2382466666663
2023-07-15,Product D,North,CUST1912,returning,Sarah Johnson,3,71.78288942842732,0.06486793827417188,201.37944416352718
2023-07-15,Product B,South,CUST2179,new,Sarah Johnson,4,291.21777368825695,0.05270885849096399,1103.472069059476
2023-07-15,Product D,North,CUST4207,returning,Sarah Johnson,2,64.43288461052788,0.06465879505288259,120.53346385965945
2023-07-15,Product E,Central,CUST2411,returning,Robert Wilson,1,1738.768540469498,0.06624377467363361,1623.5859490650337
2023-07-15,Product A,Central,CUST3050,new,John Smith,2,116.60968177738997,0.02978644872250884,226.27258694115935
2023-07-15,Product A,Central,CUST4369,returning,Mike Brown,4,98.24264837067666,0.06031412451214775,369.26891617777807
2023-07-15,Product B,Central,CUST2199,returning,John Smith,4,238.91714717030214,0.016468493966109343,939.9301662949118
2023-07-15,Product D,West,CUST3393,returning,Robert Wilson,3,71.66000839654802,0.0854869024783276,196.60204874146856
2023-07-15,Product C,East,CUST1349,new,Sarah Johnson,3,402.8797545065639,0.09753820837519928,1090.7507551840606
2023-07-15,Product C,East,CUST1192,returning,John Smith,4,463.70544089799483,0.021397633563906483,1815.1329671682795
2023-07-15,Product A,Central,CUST2124,returning,Mike Brown,4,84.47137196419769,0.06056793158976498,317.42046274310627
2023-07-15,Product C,South,CUST4978,returning,Sarah Johnson,1,520.8928588232613,0.07553812888481569,481.5455869182897
2023-07-15,Product B,West,CUST1100,returning,Emily Davis,2,264.0753997076126,0.08202211977415282,484.83075128677496
2023-07-15,Product C,Central,CUST3769,returning,Emily Davis,4,485.6358076228721,0.061447442708251844,1823.1789166275603
2023-07-16,Product E,North,CUST3096,returning,Sarah Johnson,4,1655.0330378981312,0.09797175003857866,5971.546219214344
2023-07-16,Product A,South,CUST1731,new,Mike Brown,1,99.65280559612013,0.02177985609037464,97.48238183123456
2023-07-16,Product A,South,CUST4789,new,Robert Wilson,4,97.72407609983391,0.04642112847939034,372.7504568306952
2023-07-16,Product C,West,CUST2790,returning,Robert Wilson,2,575.9563530891959,0.0003110877623242803,1151.5543602322339
2023-07-16,Product D,South,CUST2136,returning,John Smith,3,80.86046989525005,0.004328248950118074,241.53145695395963
2023-07-16,Product A,South,CUST4777,new,Mike Brown,4,99.17744356238131,0.07622836576456131,366.4692364756559
2023-07-16,Product D,North,CUST1979,returning,Emily Davis,1,77.08712709262257,0.03471122571083173,74.41133842471098
2023-07-16,Product B,East,CUST3187,returning,Robert Wilson,1,256.28731332090064,0.09576094831283544,231.74499715674241
2023-07-16,Product C,North,CUST1416,returning,Mike Brown,4,546.5666486384578,0.08308462829083817,2004.6214472006493
2023-07-16,Product C,East,CUST3935,new,John Smith,4,443.9504487585178,0.05019692206275333,1686.6620107298486
2023-07-16,Product A,East,CUST2490,new,John Smith,1,84.4238582667584,0.027219913927656547,82.12584811129656
2023-07-16,Product D,East,CUST2195,returning,Sarah Johnson,3,89.58974125937387,0.006540328471611712,267.01138477155257
2023-07-16,Product C,Central,CUST1067,new,Emily Davis,4,442.0803381740965,0.011286046438523822,1748.3639957916212
2023-07-16,Product B,North,CUST2071,new,Mike Brown,4,243.5197091635195,0.04036651615000206,934.758667562906
2023-07-16,Product C,South,CUST4706,returning,Emily Davis,4,533.0773247570064,0.08635774001340034,1948.1678869544075
2023-07-16,Product B,South,CUST4068,returning,Robert Wilson,1,297.2557963046919,0.07411459846147578,275.2248023212234
2023-07-17,Product D,West,CUST2367,returning,Mike Brown,2,67.49770982919279,0.05096801335283312,128.11497130666567
2023-07-17,Product D,South,CUST2806,new,Robert Wilson,3,65.47194358744417,0.05796042878298953,185.0314849915806
2023-07-17,Product C,North,CUST3652,returning,Robert Wilson,3,485.014149097682,0.046048082350875874,1388.0405328560757
2023-07-17,Product A,East,CUST1057,returning,Sarah Johnson,1,98.1388895012618,0.09581841559755686,88.73537660074719
2023-07-17,Product C,South,CUST4131,returning,Sarah Johnson,3,546.9829764319134,0.0797524148935303,1510.0792894674519
2023-07-17,Product B,North,CUST2029,returning,Emily Davis,2,209.57653601064948,0.06587501710662261,391.5413562316025
2023-07-17,Product D,North,CUST3867,returning,Sarah Johnson,3,87.0889628067271,0.03706014031809827,251.5843008748565
2023-07-17,Product B,North,CUST3977,new,John Smith,3,246.53154744851008,0.04338365240273626,707.5083254630857
2023-07-17,Product B,West,CUST3990,returning,Robert Wilson,1,244.49222693488025,0.08801721806407566,222.9727012817814
2023-07-17,Product A,South,CUST2787,returning,John Smith,1,111.21872160619763,0.07782498861850351,102.56312586303079
2023-07-17,Product A,North,CUST4065,returning,Mike Brown,1,96.8753639989895,0.08316396259946435,88.81882485056803
2023-07-17,Product D,Central,CUST3076,returning,Emily Davis,4,79.06866923393147,0.09429499947200082,286.4515564410644
2023-07-18,Product A,South,CUST4680,returning,Emily Davis,3,93.39366114960914,0.024498021593384225,273.3171036662424
2023-07-18,Product A,West,CUST1888,returning,Emily Davis,1,91.05726446803232,0.017392447700972702,89.47355575797842
2023-07-18,Product C,East,CUST1800,returning,John Smith,3,578.1011700870355,0.0028164994016766087,1729.4188454621305
2023-07-18,Product B,West,CUST4215,new,John Smith,4,248.47027586769252,0.09307482653818058,901.3757921656527
2023-07-18,Product B,North,CUST4558,returning,Emily Davis,2,275.6480579976562,0.0793432958824941,507.5544651450266
2023-07-18,Product B,East,CUST1199,returning,Emily Davis,1,202.12998379269294,0.053488626995700075,191.31832848495867
2023-07-18,Product D,East,CUST3818,new,Emily Davis,1,68.49908589599107,0.03279549304795903,66.25262460069754
2023-07-18,Product B,Central,CUST2343,new,Emily Davis,2,267.7162391402834,0.06344814959190119,501.46027830225904
2023-07-18,Product C,East,CUST4784,returning,Mike Brown,2,494.70479299399227,0.0042926847105049905,985.1623625857868
2023-07-18,Product E,North,CUST1539,returning,Robert Wilson,1,1658.4520697947985,0.019012936231276912,1626.920026349161
2023-07-18,Product A,South,CUST3513,returning,John Smith,2,107.10392843153768,0.001763019215264583,213.83020429536512
2023-07-18,Product C,Central,CUST3511,returning,Mike Brown,3,472.08317058960023,0.0009999795455803318,1414.8332912255937
2023-07-18,Product A,East,CUST1296,returning,Emily Davis,2,83.05622908699168,0.09855774344892192,149.74078913760215
2023-07-18,Product D,North,CUST3019,returning,Emily Davis,1,78.49138813846915,0.0744028285485822,72.65140684426241
2023-07-18,Product A,Central,CUST2764,new,John Smith,2,80.00981162047974,0.006679606305534803,158.95075515654986
2023-07-18,Product B,South,CUST3112,returning,Robert Wilson,4,221.48275411000256,0.05653995179846721,835.8405194737251
2023-07-18,Product C,East,CUST1249,returning,Emily Davis,4,516.8996959359324,0.03653336135474853,1992.0624502405815
2023-07-18,Product C,East,CUST1893,new,Robert Wilson,3,535.1320993675878,0.00931405090448766,1590.4435552603582
2023-07-19,Product A,Central,CUST3748,returning,Robert Wilson,3,115.30419262475581,0.07485378626845846,320.01971170249556
2023-07-19,Product A,Central,CUST2820,returning,Robert Wilson,3,106.29804034176557,0.01935984777548673,312.72037938574937
2023-07-19,Product C,West,CUST2967,returning,Mike Brown,4,582.6128313553874,0.08747713325615963,2126.5901242806544
2023-07-19,Product B,West,CUST2375,returning,John Smith,4,259.95098294218946,0.06701725416482361,970.1191273918281
2023-07-19,Product D,South,CUST2211,returning,Mike Brown,2,60.79935873491603,0.08498797646073215,111.26428853185074
2023-07-19,Product D,North,CUST2895,returning,Emily Davis,4,63.019864948903376,0.09635061152472128,227.79144969148476
2023-07-19,Product A,South,CUST4917,returning,Sarah Johnson,3,103.73806956682242,0.08824611478477513,283.7507639168328
2023-07-19,Product A,West,CUST1986,new,Sarah Johnson,2,112.2048009928284,0.07024995732190771,208.6448370235381
2023-07-19,Product C,North,CUST2506,new,Sarah Johnson,4,489.4481416457018,0.015012039581332149,1928.4021070812282
2023-07-19,Product A,North,CUST3424,new,Mike Brown,1,86.04961184431649,0.029098951505242023,83.54565836221383
2023-07-19,Product D,Central,CUST4761,new,Emily Davis,2,71.47298903942249,0.005752999877208009,142.12360988451
2023-07-19,Product A,East,CUST4371,returning,Sarah Johnson,4,115.3556036440055,0.026634111280240305,449.13283863900705
2023-07-19,Product A,West,CUST3705,returning,Sarah Johnson,1,113.77268965625294,0.05319944392413483,107.72004583278712
2023-07-19,Product C,West,CUST2312,new,John Smith,4,499.46309277113465,0.0372404563225554,1923.4514371202513
2023-07-19,Product E,West,CUST3788,returning,John Smith,4,1714.7374543650947,0.0025554284649379477,6841.422261857259
2023-07-19,Product A,South,CUST4355,returning,Robert Wilson,4,99.81025495421936,0.08725684612518537,364.40450758385407
2023-07-19,Product A,Central,CUST4600,new,Mike Brown,3,101.66016329930972,0.053949854800871326,288.5268367508373
2023-07-19,Product B,South,CUST3968,returning,John Smith,1,233.90763418039128,0.06942494378939389,217.6686098255075
2023-07-19,Product B,West,CUST4367,returning,Mike Brown,3,213.23729594025025,0.07343061396880106,592.7374511349323
2023-07-19,Product A,North,CUST3627,returning,Mike Brown,4,115.96491319233553,0.0876605438658752,423.1974633301456
2023-07-19,Product B,Central,CUST2767,returning,Robert Wilson,4,221.7482308787054,0.06695157076020122,827.6073540323214
2023-07-20,Product C,East,CUST3133,returning,Mike Brown,3,425.37865619662216,0.0718599815095728,1184.4328614832978
2023-07-20,Product A,East,CUST3588,new,Sarah Johnson,4,109.53933211999372,0.03422263089272676,423.16243195446145
2023-07-20,Product C,Central,CUST4713,returning,Robert Wilson,3,449.7767153004391,0.007771246200352667,1338.8441691319604
2023-07-20,Product A,North,CUST1555,new,Mike Brown,2,97.77765736707984,0.08456529107576898,179.01812262225187
2023-07-20,Product B,South,CUST3465,returning,Sarah Johnson,1,297.742836908247,0.08062951619074916,273.7359760190739
2023-07-20,Product C,West,CUST4853,new,Mike Brown,3,545.2451409387781,0.019599736877488883,1603.6754389279463
2023-07-20,Product A,South,CUST1154,new,Mike Brown,1,100.16307221223539,0.02262623192677318,97.89675930986323
2023-07-20,Product B,Central,CUST4139,new,Robert Wilson,3,278.1672667770422,0.04776503773982941,794.6417903443547
2023-07-20,Product A,West,CUST1787,new,Robert Wilson,4,102.36810433187142,0.014725446191863945,403.4427532790773
2023-07-20,Product D,Central,CUST4709,returning,Mike Brown,1,71.75402312773986,0.007912272707673152,71.18628572888049
2023-07-20,Product E,North,CUST3307,new,Robert Wilson,4,1728.5519972758516,0.05170813005577615,6556.687223170161
2023-07-20,Product A,Central,CUST1482,returning,John Smith,3,82.03907053874704,0.015628493469677575,242.27077038172146
2023-07-20,Product D,West,CUST2914,new,Emily Davis,3,68.50328468225176,0.04871917752884433,195.4975829835245
2023-07-20,Product D,North,CUST3235,returning,John Smith,4,88.93411799271372,0.08827538082459432,324.33369943443006
2023-07-20,Product D,North,CUST3038,new,Robert Wilson,2,72.22019641593101,0.08093173756255574,132.7505808657613
2023-07-21,Product C,Central,CUST4657,returning,Sarah Johnson,2,407.91014586725106,0.00488040245573761,811.8387603792805
2023-07-21,Product D,South,CUST1993,returning,Sarah Johnson,1,80.61645123543344,0.07458878333593512,74.60336822092172
2023-07-21,Product B,North,CUST1733,new,Emily Davis,4,252.6655616162955,0.02244387232458166,987.9790720422425
2023-07-21,Product A,North,CUST4080,returning,John Smith,3,85.2901436862421,0.038398562389269676,246.04537434814847
2023-07-21,Product D,Central,CUST2767,returning,Emily Davis,3,65.90674342623716,0.03267995047994739,191.25874294431938
2023-07-21,Product B,North,CUST3374,new,Mike Brown,4,258.6567505075013,0.023276596429335317,1010.5444068488596
2023-07-21,Product E,North,CUST4536,new,Sarah Johnson,4,1242.5594832315487,0.04306959368452669,4756.171804639642
2023-07-21,Product D,West,CUST1380,returning,Robert Wilson,3,89.40469167842842,0.07064086402755006,249.26720103044255
2023-07-21,Product E,South,CUST4474,returning,Mike Brown,4,1353.5323283765174,0.024583126828997104,5281.033085923559
2023-07-21,Product E,North,CUST4471,returning,John Smith,2,1575.4968859666421,0.010822042356740537,3116.8935838675966
2023-07-21,Product C,South,CUST2550,returning,Mike Brown,4,580.1241169961801,0.029110490552717496,2252.945677475837
2023-07-21,Product D,Central,CUST1501,returning,Sarah Johnson,4,76.56219311842895,0.06672070550215496,285.81563831510056
2023-07-22,Product D,Central,CUST4176,returning,Robert Wilson,2,71.64356072161127,0.055010673006916394,135.40480045940708
2023-07-22,Product A,Central,CUST1977,new,Mike Brown,2,115.04083329163497,0.016620144266904724,226.2576760914861
2023-07-22,Product B,North,CUST3647,new,Mike Brown,2,226.4240961875,0.042011652195944396,433.8232916193794
2023-07-22,Product A,West,CUST3992,new,John Smith,3,110.62362647661155,0.07529810739761968,306.88163030838444
2023-07-22,Product C,West,CUST2203,returning,Robert Wilson,2,473.86500378026307,0.006582301793814394,941.4917626317088
2023-07-22,Product E,Central,CUST4900,returning,Robert Wilson,2,1247.931994726556,0.01432275578101796,2460.116339069538
2023-07-22,Product A,Central,CUST4373,returning,John Smith,3,111.13126516047065,0.08618640162829054,304.65978392367083
2023-07-22,Product D,West,CUST4755,returning,Sarah Johnson,2,69.8513826923415,0.09888791192550135,125.88785062557349
2023-07-22,Product A,South,CUST2150,returning,Robert Wilson,3,90.85600638151806,0.005978157544533114,270.9385645845067
2023-07-22,Product B,Central,CUST2140,returning,Mike Brown,4,234.60545062987407,0.043019395460126564,898.0514638885053
2023-07-22,Product A,South,CUST3814,returning,Robert Wilson,4,111.54316867677213,0.0019875595861778453,445.2858799303838
2023-07-22,Product A,West,CUST4235,returning,John Smith,2,114.46412055092918,0.01677992671631584,225.0868419928741
2023-07-23,Product C,North,CUST1804,returning,Mike Brown,1,495.91771694393304,0.0542529240474183,469.01273071280474
2023-07-23,Product D,West,CUST4374,returning,Robert Wilson,2,89.60770728157014,0.010841984541543337,177.27236380884045
2023-07-23,Product C,West,CUST3310,returning,Sarah Johnson,1,532.4177354184955,0.03425208143859106,514.181319785591
2023-07-23,Product A,East,CUST1773,returning,Emily Davis,3,81.84161584622568,0.08652622291318057,224.2805098498208
2023-07-23,Product D,Central,CUST4113,returning,Mike Brown,3,70.3122474866411,0.08268016663758643,193.49645744334717
2023-07-23,Product D,West,CUST2958,new,Mike Brown,2,82.14413810464282,0.08624466264552023,150.11928925100176
2023-07-23,Product B,North,CUST4452,returning,John Smith,4,292.34361453455983,0.09321019599743645,1060.376835700778
2023-07-23,Product D,Central,CUST1416,returning,Emily Davis,3,87.15201154914249,0.055737155771802216,246.8832189168061
2023-07-23,Product D,South,CUST4178,returning,John Smith,4,61.84343748132777,0.0330230600335835,239.20471173079486
2023-07-23,Product D,North,CUST3883,new,John Smith,3,71.18852761922406,0.021970593748164825,208.87342019811624
2023-07-23,Product E,South,CUST2771,returning,Robert Wilson,2,1556.876742831454,0.010081521406538852,3082.362113242513
2023-07-23,Product B,East,CUST1295,new,Robert Wilson,4,202.69041538496342,0.08036104126575085,745.6080102001607
2023-07-23,Product C,South,CUST3072,returning,Sarah Johnson,1,477.02632142335614,0.004865578199913157,474.7053125530539
2023-07-23,Product A,Central,CUST4710,returning,John Smith,4,115.47459317566391,0.05238596624082862,437.7013801435607
2023-07-23,Product B,West,CUST4456,returning,John Smith,1,273.2421775929337,0.09061857710330502,248.48136025485346
2023-07-23,Product C,East,CUST1123,new,Emily Davis,3,402.7575409089102,0.006921866740938809,1199.9091206454916
2023-07-24,Product A,North,CUST2599,new,John Smith,1,93.90029496599873,0.014359089828314898,92.55197219567668
2023-07-24,Product A,North,CUST4951,returning,John Smith,1,88.12830373041724,0.008110244101397856,87.41356167492143
2023-07-24,Product A,West,CUST4913,returning,Mike Brown,2,85.45156310247481,0.021845773200769216,167.16961527057384
2023-07-24,Product C,West,CUST1047,new,Robert Wilson,2,431.2516635315292,0.07077291878066204,801.4614491487737
2023-07-24,Product A,South,CUST1165,new,Emily Davis,4,81.83575471500197,0.0052689436333389185,325.61826694486746
2023-07-24,Product A,West,CUST2623,returning,Mike Brown,2,84.66110442875008,0.08370028687209184,155.14989140231114
2023-07-24,Product C,Central,CUST2306,returning,Mike Brown,1,503.24346799531185,0.06815070229434715,468.9470722263885
2023-07-24,Product C,East,CUST2454,returning,Sarah Johnson,4,586.7136502415959,0.0038068231149879675,2337.9205406239093
2023-07-24,Product B,North,CUST4139,returning,Mike Brown,1,285.9999218781801,0.07096582446345308,265.70370162561187
2023-07-24,Product C,West,CUST3185,returning,Mike Brown,2,569.079100832103,0.09944639698960014,1024.972469304538
2023-07-25,Product B,South,CUST4498,new,Emily Davis,2,261.2667407327627,0.042672577987339366,500.2356307266918
2023-07-25,Product A,Central,CUST3356,new,John Smith,2,89.97259465644362,0.06934808763573784,167.4663345547877
2023-07-25,Product C,West,CUST4232,returning,Emily Davis,4,407.3664983029506,0.031531532685427424,1578.0864329870521
2023-07-25,Product B,Central,CUST4352,new,Emily Davis,1,260.72582053602065,0.07634330271478851,240.8211502932776
2023-07-25,Product C,West,CUST3588,returning,John Smith,4,547.1216213004233,0.05891636123824232,2059.548824874539
2023-07-25,Product A,North,CUST2353,returning,Sarah Johnson,3,103.04130693756413,0.08258169167543646,283.59594449463657
2023-07-25,Product C,South,CUST2795,returning,Robert Wilson,1,441.9711600969079,0.02409715349051186,431.3209132136731
2023-07-25,Product D,South,CUST1349,new,Robert Wilson,1,63.05700074674918,0.01691375933224738,61.99046981190532
2023-07-25,Product D,West,CUST2548,returning,John Smith,2,79.37584165697533,0.04986600208186545,150.83537154331754
2023-07-25,Product B,West,CUST2874,new,John Smith,4,263.1368529100637,0.07805964928940134,970.3859298271493
2023-07-25,Product A,North,CUST3061,new,John Smith,4,114.3952385779468,0.03025238209896878,443.73804044073626
2023-07-25,Product A,West,CUST4999,returning,Sarah Johnson,1,110.82130188152584,0.049614055723495025,105.32300763462555
2023-07-25,Product B,South,CUST2720,returning,John Smith,3,200.53463290039392,0.09750605256429473,542.9438773315396
2023-07-25,Product A,Central,CUST4674,returning,Sarah Johnson,4,113.91773847085453,0.05122285253655328,432.33018780745726
2023-07-26,Product B,Central,CUST3389,new,Robert Wilson,3,214.12560874655938,0.02147900387392543,628.5792119003562
2023-07-26,Product A,Central,CUST3203,new,Sarah Johnson,1,114.97554717053819,0.07593950917969666,106.24436055074047
2023-07-26,Product A,Central,CUST4789,returning,John Smith,1,92.01079343407208,0.024741513497120494,89.73430714644222
2023-07-26,Product A,South,CUST4623,returning,Mike Brown,4,92.24614248528404,0.0320225494476775,357.1687433047661
2023-07-26,Product B,South,CUST4919,new,John Smith,2,203.58796817888492,0.0493974653275481,387.062477159325
2023-07-26,Product C,East,CUST2471,returning,Sarah Johnson,3,445.5801015083399,0.028020560683606935,1299.2840917038534
2023-07-26,Product C,East,CUST3706,new,Emily Davis,1,559.765018310457,0.021598819343575507,547.6747548051162
2023-07-26,Product D,Central,CUST2061,returning,Sarah Johnson,4,66.773167880924,0.027724111976250188,259.6877643903373
2023-07-26,Product E,East,CUST2426,returning,John Smith,2,1733.4951125598934,0.02137409154893202,3392.8864586488244
2023-07-26,Product A,North,CUST4878,returning,Robert Wilson,1,85.69497862370466,0.07156390770222364,79.56231108293383
2023-07-26,Product C,North,CUST1255,returning,Mike Brown,2,529.7592329472812,0.015704067510445563,1042.8797163775905
2023-07-26,Product A,South,CUST3930,returning,Robert Wilson,3,109.07409639073194,0.08476891943646456,299.48400930354245
2023-07-26,Product A,East,CUST3333,new,Mike Brown,4,95.49450335285405,0.0591727459440488,359.37532546761
2023-07-27,Product A,Central,CUST2806,returning,Emily Davis,2,107.31232344279637,0.0147635185121485,211.45603193813395
2023-07-27,Product B,South,CUST2601,new,Robert Wilson,1,275.5339978355474,0.005934747005663876,273.89877326693426
2023-07-27,Product C,North,CUST4265,returning,Mike Brown,3,532.2332618535553,0.08659364506764247,1458.4357310502448
2023-07-27,Product E,North,CUST4776,returning,Emily Davis,3,1305.030080660074,0.050247987264380546,3718.364837362299
2023-07-27,Product B,Central,CUST1159,returning,John Smith,2,240.68161520310858,0.029104471367220164,467.3534080496268
2023-07-27,Product E,East,CUST1572,returning,Robert Wilson,2,1687.7403586024473,0.033878650538354795,3261.1239855877548
2023-07-27,Product B,East,CUST3052,returning,John Smith,3,237.2576676458029,0.09923394809279872,641.1409577100624
2023-07-27,Product C,North,CUST2178,returning,Mike Brown,4,593.0624532426929,0.011025945631526313,2346.0935155085576
2023-07-27,Product E,South,CUST4623,new,Sarah Johnson,4,1467.9947919485405,0.04633490380396835,5599.901577915513
2023-07-27,Product D,Central,CUST2180,new,Sarah Johnson,2,64.4632893854175,0.06444358628279438,120.6180876676712
2023-07-27,Product B,North,CUST4525,returning,Emily Davis,3,209.63910724944336,0.02495000062372781,613.2258341784361
2023-07-27,Product A,West,CUST1286,returning,Sarah Johnson,1,115.87047385025073,0.05128122969253716,109.92849346615291
2023-07-27,Product A,West,CUST1466,returning,Robert Wilson,3,112.38965161420724,0.08417604082132918,308.78740713610426
2023-07-27,Product B,North,CUST2608,returning,Mike Brown,4,216.2105210117502,0.07740043021554399,797.9029346732552
2023-07-27,Product C,East,CUST4890,returning,Robert Wilson,3,508.11974121113235,0.0772789338272733,1406.558368061238
2023-07-27,Product A,North,CUST1212,returning,John Smith,1,88.25840702768372,0.05625114161047662,83.29377087565439
2023-07-27,Product B,North,CUST3136,new,John Smith,1,270.9899797727873,0.06123738157392347,254.39526297873132
2023-07-27,Product E,North,CUST3965,returning,Sarah Johnson,4,1652.1351508434755,0.08244726578557587,6063.684499792764
2023-07-27,Product A,South,CUST1296,returning,Mike Brown,4,109.08720591783916,0.09472924390472667,395.0138295262521
2023-07-27,Product A,South,CUST2996,returning,Mike Brown,2,94.01635779272154,0.09200488564360401,170.73278709074808
2023-07-28,Product C,East,CUST2281,new,Sarah Johnson,4,479.7428498707478,0.014158135191305422,1891.8023429808627
2023-07-28,Product C,East,CUST1753,returning,John Smith,3,573.3241411279654,0.0764001456027842,1588.5662798045928
2023-07-28,Product C,West,CUST4187,new,Robert Wilson,2,534.5020985217466,0.054272329870497675,1010.9868486286022
2023-07-28,Product E,North,CUST4551,returning,Sarah Johnson,4,1678.7941687408481,0.06447752339478499,6282.198713803326
2023-07-28,Product E,Central,CUST3383,new,Sarah Johnson,3,1585.0184738053208,0.021058389408264447,4654.921612693905
2023-07-28,Product B,East,CUST4228,new,Emily Davis,3,264.20532476558895,0.06723507263003581,739.324381697197
2023-07-28,Product A,East,CUST1377,returning,John Smith,3,113.5527028882735,0.07033945146422178,316.6964041644977
2023-07-28,Product B,Central,CUST1970,new,Robert Wilson,4,286.81155732234805,0.07602586375302077,1060.02584377027
2023-07-28,Product A,South,CUST3221,new,Emily Davis,2,81.0273950121884,0.0746405008751446,149.95893932774095
2023-07-28,Product A,East,CUST4484,returning,Mike Brown,4,108.59109461738493,0.007742915050030497,431.0011319862907
2023-07-28,Product B,Central,CUST2118,new,John Smith,1,214.96856671006384,0.06536440572115654,200.91727409833172
2023-07-28,Product B,West,CUST2617,returning,Mike Brown,2,233.00468771260137,0.09268033664397855,422.81946963154473
2023-07-28,Product B,West,CUST4995,returning,Mike Brown,3,207.3928364886615,0.023679199785645567,607.4458202380042
2023-07-28,Product C,West,CUST2344,new,Emily Davis,4,429.04201212225564,0.07128107571157641,1593.8377438908883
2023-07-28,Product E,East,CUST4320,new,Emily Davis,1,1313.882375199833,0.08254363502228217,1205.4297479591287
2023-07-28,Product C,South,CUST2375,new,Emily Davis,2,596.365808829324,0.015343702920906033,1174.430698052922
2023-07-28,Product C,South,CUST4150,new,John Smith,4,542.0315562534461,0.08606649794869103,1981.5231937161323
2023-07-28,Product A,West,CUST1141,new,Emily Davis,4,119.43064282250937,0.06677333006004939,445.82344436015234
2023-07-28,Product A,West,CUST1688,returning,John Smith,4,102.29646630587578,0.07151354744582011,379.92353243668316
2023-07-28,Product D,South,CUST4103,returning,Emily Davis,1,82.48817059747061,0.09555064850789408,74.6063724026525
2023-08-01,Product C,West,CUST3631,returning,Robert Wilson,4,493.21160366376756,0.022835371254937387,1927.7957343474495
2023-08-01,Product A,South,CUST1029,returning,Mike Brown,2,100.95582012680815,0.0890632352801955,183.92873633189828
2023-08-01,Product A,Central,CUST1499,returning,Emily Davis,3,84.10611928047243,0.17782384900921766,207.45013627437135
2023-08-01,Product A,West,CUST3394,new,Robert Wilson,4,83.94688392341654,0.052124480823726844,318.2847847285551
2023-08-01,Product B,West,CUST1009,returning,Emily Davis,2,284.618502283805,0.10333475903256246,510.41503586819834
2023-08-01,Product D,North,CUST4345,returning,Mike Brown,2,85.79175263474471,0.0029640072651722863,171.07493051328692
2023-08-01,Product E,South,CUST4301,returning,Mike Brown,3,1283.7251108660428,0.00676348762012462,3825.1279559131717
2023-08-01,Product A,East,CUST3121,returning,Sarah Johnson,2,112.09415829443125,0.13584089529283735,193.73437494923735
2023-08-01,Product A,North,CUST1581,returning,John Smith,4,90.64619281809726,0.18583677514589308,295.203186662117
2023-08-01,Product A,Central,CUST3307,returning,Robert Wilson,2,100.06588382387996,0.17679747193987788,164.7489770727769
2023-08-01,Product B,West,CUST4807,new,Sarah Johnson,1,275.90745133976105,0.11160999795669843,245.11342125949244
2023-08-01,Product C,North,CUST4235,new,Emily Davis,1,455.9878621127599,0.03932612390663734,438.0556269473908
2023-08-01,Product B,East,CUST1470,returning,Sarah Johnson,3,227.54529722464738,0.0712908536087392,633.970196252544
2023-08-02,Product D,South,CUST4584,new,Emily Davis,2,76.31928773879524,0.08561899348114634,139.5698142788032
2023-08-02,Product A,East,CUST3721,returning,Robert Wilson,4,96.28378331019078,0.11818631883404708,339.6174295893771
2023-08-02,Product E,Central,CUST2536,returning,John Smith,3,1339.3929991120299,0.07211276163386958,3728.417013098971
2023-08-02,Product C,East,CUST3064,returning,Sarah Johnson,2,591.606903937922,0.06782568824356351,1102.9615170173772
2023-08-02,Product D,North,CUST3281,new,Robert Wilson,2,69.51405974544129,0.0022255494529349164,138.71870553560706
2023-08-02,Product A,East,CUST4898,returning,Robert Wilson,2,101.75806870559418,0.051135365119271296,193.10926541700346
2023-08-02,Product C,North,CUST2743,returning,John Smith,1,461.8455950867352,0.03623676595170363,445.1098043517519
2023-08-02,Product D,North,CUST3316,returning,John Smith,2,75.02625375163086,0.017072693174247068,147.49070708263213
2023-08-02,Product D,West,CUST1937,returning,Mike Brown,1,89.87104183725916,0.0260968847981536,87.52568761174216
2023-08-02,Product B,Central,CUST1778,returning,Emily Davis,3,255.64823060900633,0.1301371431615474,667.1367006697374
2023-08-02,Product C,Central,CUST2517,new,Sarah Johnson,2,436.5644213804679,0.05724771837082452,823.1442086691137
2023-08-02,Product D,East,CUST1044,returning,Robert Wilson,4,60.820628568715506,0.0639220446883536,227.73139852548928
2023-08-02,Product D,East,CUST2091,new,Emily Davis,3,89.97486900981878,0.0376814861272414,259.75344669427477
2023-08-02,Product C,North,CUST1391,returning,John Smith,1,503.58258854157634,0.028336301971080637,489.3129202452838
2023-08-02,Product C,Central,CUST4316,returning,Robert Wilson,3,554.4713846403661,0.09411804093492669,1506.8568724906158
2023-08-03,Product A,North,CUST3704,new,Robert Wilson,3,100.67852868901453,0.08210013525675863,277.238423598585
2023-08-03,Product C,East,CUST3753,returning,John Smith,2,569.0339046306893,0.0477295212631544,1083.7483775603262
2023-08-03,Product C,North,CUST2947,returning,John Smith,2,533.5601081434611,0.028045999389246335,1037.1917633526868
2023-08-03,Product B,South,CUST2949,returning,Sarah Johnson,4,235.49021252698003,0.1362971534757959,813.5742675525697
2023-08-03,Product B,Central,CUST1631,returning,Mike Brown,1,282.70004970323544,0.13730463796679523,243.88402172553768
2023-08-03,Product A,West,CUST1698,returning,Robert Wilson,3,110.9257738462907,0.12897579880732202,289.857100668435
2023-08-03,Product D,South,CUST3978,returning,John Smith,2,76.910847569513,0.021635639167359413,150.49366444688647
2023-08-03,Product A,South,CUST4127,returning,Mike Brown,1,86.05493245887578,0.13220712542578156,74.67785720977804
2023-08-03,Product B,North,CUST3978,returning,Sarah Johnson,1,268.0616307377943,0.05545843481012847,253.19535226442562
2023-08-03,Product C,Central,CUST4967,new,Robert Wilson,2,476.6309117670536,0.01761061697577949,936.4742946822149
2023-08-03,Product E,West,CUST3396,returning,Sarah Johnson,4,1747.7593423784588,0.0018935533226771884,6977.799467473832
2023-08-03,Product D,East,CUST3358,returning,Robert Wilson,2,86.94884917064216,0.060087489209526126,163.44862226864097
2023-08-03,Product B,South,CUST3921,new,Emily Davis,2,207.6826956864102,0.1852901637569308,338.40226998638883
2023-08-03,Product A,South,CUST1540,new,Sarah Johnson,2,117.54923066012881,0.11813288101773683,207.32560276165862
2023-08-03,Product A,Central,CUST2475,returning,John Smith,3,114.00556518524915,0.19471608788431555,275.42054260601134
2023-08-03,Product A,Central,CUST4233,new,Emily Davis,4,88.69193443395814,0.09553043147631034,320.87662267605396
2023-08-03,Product B,West,CUST3906,returning,Sarah Johnson,1,255.2367972729658,0.08869199563673758,232.59933636289702
2023-08-04,Product C,East,CUST3216,new,Mike Brown,4,491.4226079096918,0.05372319091694522,1860.0872692962253
2023-08-04,Product E,West,CUST3362,returning,Emily Davis,2,1328.1019035869856,0.057336407674536786,2503.9066228191878
2023-08-04,Product B,Central,CUST3037,returning,Robert Wilson,1,232.6752389378375,0.11012607055884265,207.05162915727365
2023-08-04,Product B,Central,CUST4857,returning,Robert Wilson,1,236.50141738592058,0.0782102770409076,218.0045760116004
2023-08-04,Product A,West,CUST1537,returning,Robert Wilson,1,102.64590365363058,0.1461976598815444,87.63931274304332
2023-08-04,Product B,West,CUST3473,returning,John Smith,1,220.48459742409716,0.14726433131899666,188.01508061829932
2023-08-04,Product A,North,CUST1424,returning,Sarah Johnson,2,81.4764982168773,0.05958438803033539,153.24354186353992
2023-08-04,Product C,Central,CUST2608,returning,Robert Wilson,3,426.2700169437141,0.08606183068926553,1168.7533167527813
2023-08-04,Product A,East,CUST2908,returning,Mike Brown,3,105.94546149489675,0.12418749470685049,278.3650801688533
2023-08-04,Product A,East,CUST1339,returning,Sarah Johnson,1,107.37804417401402,0.17767855639074737,88.29926829711331
2023-08-04,Product C,South,CUST3850,returning,Emily Davis,4,477.06200996229853,0.04172419986627665,1828.6279172400957
2023-08-05,Product A,North,CUST3243,returning,Emily Davis,3,104.9228558193179,0.11680077097543531,278.00335610003145
2023-08-05,Product D,West,CUST2449,returning,Emily Davis,3,79.56817663182072,0.03111411950525529,231.27744862584893
2023-08-05,Product A,West,CUST1523,returning,Sarah Johnson,1,101.64400206909671,0.07212123596017178,94.31331101193521
2023-08-05,Product A,East,CUST3074,new,Robert Wilson,3,94.87821149309099,0.1020754847052207,255.58041620090788
2023-08-05,Product E,South,CUST4238,new,John Smith,2,1510.5927673100236,0.06376129192728068,2828.550841780661
2023-08-05,Product E,East,CUST4739,new,Emily Davis,2,1405.244074052881,0.03804815486973803,2703.554259787071
2023-08-05,Product D,North,CUST3085,returning,Mike Brown,2,64.39496799353431,0.02446406408830053,125.63921073915286
2023-08-05,Product B,East,CUST1204,returning,Robert Wilson,4,232.68721496262884,0.19284131755198752,751.2620234069318
2023-08-05,Product E,Central,CUST1643,returning,John Smith,1,1749.1386694758926,0.05886979536143919,1646.1672339450668
2023-08-05,Product D,Central,CUST4925,returning,Robert Wilson,4,64.75996630401345,0.022880900364198542,253.11279986968984
2023-08-05,Product B,South,CUST4286,returning,John Smith,1,273.62976662108787,0.14594762287056173,233.6941526361135
2023-08-05,Product D,South,CUST4215,returning,Robert Wilson,2,70.77764249161042,0.0871403791426163,129.22010378014187
2023-08-05,Product C,East,CUST4917,returning,Emily Davis,1,487.5636593211239,0.07553122932649063,450.73737675767717
2023-08-05,Product A,Central,CUST4790,returning,Robert Wilson,1,90.70131393538453,0.14318479857136848,77.71426456938805
2023-08-06,Product B,East,CUST4907,new,Emily Davis,1,206.38135904054667,0.07418600737370207,191.07075001697
2023-08-06,Product B,South,CUST4687,new,Mike Brown,3,245.62616635142277,0.17327748955942837,609.1940426278251
2023-08-06,Product A,Central,CUST1270,returning,Emily Davis,2,108.44211206112877,0.09119215022234498,197.1060853752439
2023-08-06,Product A,East,CUST2308,new,John Smith,4,92.15911636597892,0.17702303541151343,303.3793193841218
2023-08-06,Product B,East,CUST3100,returning,John Smith,2,273.96592944666764,0.05521066739689146,517.6801752758149
2023-08-06,Product C,North,CUST4151,returning,Sarah Johnson,2,533.920032110421,0.04792851046998328,1016.6600805225656
2023-08-06,Product D,Central,CUST1065,new,Sarah Johnson,1,75.13458566495514,0.07989371852429591,69.13180422639961
2023-08-06,Product B,South,CUST4292,returning,John Smith,2,209.43626678159234,0.1971401235331901,336.29595055187815
2023-08-06,Product B,South,CUST4287,returning,Robert Wilson,2,248.5231053249011,0.12949841567075132,432.67951385550236
2023-08-06,Product C,West,CUST2597,new,Sarah Johnson,3,489.66282398785347,0.08314227466318924,1346.8534289505074
2023-08-06,Product B,West,CUST3103,returning,John Smith,2,205.2462962806411,0.06353791425248262,384.4107494138442
2023-08-06,Product A,North,CUST3240,returning,Robert Wilson,4,89.43787107571028,0.05145589406031932,339.3430618266321
2023-08-06,Product A,West,CUST3634,returning,Emily Davis,2,107.96592256604067,0.09780353269161376,194.81294785754534
2023-08-06,Product C,South,CUST1261,new,Sarah Johnson,3,583.8447028661116,0.03361796446734388,1692.651097172135
2023-08-06,Product E,East,CUST4482,new,Sarah Johnson,1,1507.9234240212247,0.05744409832063994,1421.3021225917535
2023-08-06,Product B,West,CUST3881,returning,Robert Wilson,4,271.0318524191043,0.11548164619422847,958.9305917226999
2023-08-06,Product B,West,CUST4579,returning,Robert Wilson,1,210.66367634288173,0.16674933419527277,175.53564857357776
2023-08-06,Product D,North,CUST3760,returning,John Smith,1,68.0368688072753,0.09995913967402331,61.235961935185664
2023-08-06,Product E,West,CUST4838,new,Emily Davis,3,1433.3417843348989,0.0006160508302674562,4297.376318815806
2023-08-07,Product C,Central,CUST4398,new,Sarah Johnson,3,409.73440360972467,0.03162153881423563,1190.3339137873563
2023-08-07,Product B,East,CUST3710,new,Emily Davis,3,240.24062665732268,0.08619758507174204,658.5973944100185
2023-08-07,Product D,East,CUST2778,new,Robert Wilson,4,85.22657451312661,0.07307549040752342,315.99440313930614
2023-08-07,Product C,South,CUST3707,returning,Mike Brown,4,505.0518227493184,0.08836081645090503,1841.7001253646833
2023-08-07,Product B,East,CUST1203,returning,Robert Wilson,2,224.02387280778186,0.09719001439120294,404.50197877124106
2023-08-07,Product B,South,CUST2684,returning,John Smith,4,248.18437248922578,0.0805990761040885,912.7237654524849
2023-08-07,Product D,North,CUST4716,returning,Emily Davis,4,69.87953790750956,0.06792970849440932,260.53056507091367
2023-08-07,Product A,North,CUST3926,returning,Robert Wilson,4,98.10967259358935,0.07322946183797963,363.7006162738417
2023-08-07,Product C,South,CUST1227,returning,Sarah Johnson,4,467.6225456096954,0.02827972829305533,1817.5932283045854
2023-08-07,Product A,East,CUST4446,returning,Emily Davis,2,96.15820173948421,0.14800195395954047,163.85319998560973
2023-08-07,Product B,South,CUST2855,returning,John Smith,4,282.36700841540625,0.06660124686758735,1054.2440543226785
2023-08-07,Product A,Central,CUST3529,returning,Sarah Johnson,2,100.80570895711315,0.10595932202876586,180.2488087587767
2023-08-07,Product B,Central,CUST4565,new,John Smith,1,285.09597787958324,0.13459861751624197,246.72245339755025
2023-08-07,Product B,West,CUST4227,returning,Sarah Johnson,4,220.61190782604797,0.16031519323553578,740.9778687714195
2023-08-07,Product B,West,CUST3491,returning,John Smith,2,244.27641442059587,0.05786518566440955,460.28262869342365
2023-08-08,Product B,North,CUST2249,returning,Sarah Johnson,2,277.9740771787519,0.19369782514128042,448.26220596714643
2023-08-08,Product D,North,CUST4515,returning,Sarah Johnson,2,89.16457455373535,0.002722931620606073,177.84357102849017
2023-08-08,Product B,South,CUST2962,new,Sarah Johnson,4,294.78728728646666,0.1337144862335975,1021.4798264750435
2023-08-08,Product B,South,CUST2238,returning,John Smith,3,224.254705813641,0.05476000425107011,635.9235515098907
2023-08-08,Product D,East,CUST2994,returning,Mike Brown,1,68.27874977260149,0.04579381034968545,65.15200565460134
2023-08-08,Product A,West,CUST1931,returning,John Smith,3,96.76198999912205,0.12123369587341266,255.09352899438684
2023-08-08,Product E,North,CUST1813,returning,Mike Brown,1,1675.5798256301323,0.06475073798456975,1567.0847953685245
2023-08-08,Product B,Central,CUST1947,returning,Robert Wilson,3,240.59847658269214,0.18832330711908296,585.864527354479
2023-08-08,Product C,Central,CUST4313,returning,Emily Davis,2,419.0285657515023,0.008866647043642461,830.62637471556
2023-08-08,Product B,West,CUST2353,returning,Robert Wilson,3,238.94488096262117,0.1866852694543394,583.0121744261376
2023-08-08,Product E,East,CUST3256,returning,Robert Wilson,3,1416.491150725998,0.07369799645356571,3936.2957727698586
2023-08-08,Product A,South,CUST2757,returning,Robert Wilson,2,102.51447469125357,0.09271723021966133,186.01923308091395
2023-08-08,Product D,Central,CUST1060,returning,Robert Wilson,3,72.33073201996179,0.04086717758270841,208.12433744944417
2023-08-08,Product B,Central,CUST3068,returning,Emily Davis,4,254.64466013712612,0.17343226783111815,841.92423695384
2023-08-08,Product D,North,CUST1792,returning,Sarah Johnson,1,66.68417303888003,0.09930273822719167,60.062252059703376
2023-08-08,Product A,West,CUST3595,new,Mike Brown,4,85.906266120972,0.194818571476722,276.68052029754045
2023-08-09,Product D,East,CUST4772,returning,Mike Brown,3,69.08143995071312,0.02701138069779352,201.64636463115795
2023-08-09,Product C,North,CUST1138,returning,Mike Brown,4,582.8030984073102,0.013022346551959009,2300.8545379531793
2023-08-09,Product C,West,CUST1875,returning,Mike Brown,4,475.2310477092624,0.08379170061884503,1741.6425201393113
2023-08-09,Product C,Central,CUST3816,new,Emily Davis,4,562.2890420184983,0.07220782425495384,2086.749494767761
2023-08-09,Product B,East,CUST1796,new,Mike Brown,2,285.8449712053312,0.13627540126363558,493.7826661102647
2023-08-09,Product C,South,CUST2658,new,Emily Davis,2,468.7956384327695,0.02270733166803046,916.3010807727011
2023-08-09,Product A,South,CUST3884,new,Mike Brown,4,80.37410553580726,0.05165541188124643,304.88939203907347
2023-08-09,Product B,East,CUST4632,returning,John Smith,1,293.82453534707986,0.12161982059406874,258.0896480720324
2023-08-09,Product C,West,CUST2085,returning,John Smith,2,582.1398272480446,0.0362024526857741,1122.1298753911854
2023-08-09,Product A,Central,CUST1643,returning,Mike Brown,4,100.73625194115772,0.12609503488463747,352.13564295395923
2023-08-09,Product C,Central,CUST4626,new,John Smith,4,499.5577733035523,0.04636393585966358,1905.5852349756403
2023-08-09,Product E,North,CUST1962,new,Sarah Johnson,3,1517.841012492932,0.07351587979194006,4218.7667852256745
2023-08-09,Product A,South,CUST2095,returning,John Smith,2,119.72487560232499,0.19052683944267446,193.82814690229327
2023-08-09,Product A,Central,CUST3904,new,Robert Wilson,3,110.67164765560204,0.13332761388964684,287.74818284533467
2023-08-09,Product B,South,CUST4807,returning,John Smith,4,218.73964463400694,0.13142149987458224,759.9702098166906
2023-08-10,Product A,East,CUST3070,returning,Emily Davis,3,102.74636915965951,0.09922250915741537,277.6548498144721
2023-08-10,Product C,East,CUST4102,returning,Emily Davis,2,424.61927852665735,0.030396960429409828,823.424286239436
2023-08-10,Product D,West,CUST4217,new,John Smith,3,88.48128017083232,0.007859476911599527,263.35759077666273
2023-08-10,Product B,South,CUST1872,new,Robert Wilson,1,229.73352118420982,0.17989713934675228,188.40511791111393
2023-08-10,Product A,North,CUST2240,new,Robert Wilson,2,99.92420867672989,0.08789993007552066,182.2817554423872
2023-08-10,Product D,West,CUST3272,returning,Emily Davis,4,68.4250110876866,0.09525216640119066,247.62952218223583
2023-08-10,Product C,Central,CUST3356,returning,Mike Brown,1,433.55079117310726,0.02529391689244899,422.58459349251916
2023-08-10,Product B,Central,CUST4062,returning,Robert Wilson,2,247.05821406020195,0.057885268818432416,465.5143658510507
2023-08-10,Product E,South,CUST3083,returning,Emily Davis,3,1549.6879639274568,0.039957269871490377,4463.299991208622
2023-08-10,Product B,South,CUST2270,returning,Mike Brown,3,293.58515327960214,0.1397673715519934,757.6545842370692
2023-08-10,Product D,South,CUST1441,returning,John Smith,3,63.06278282678863,0.08887942431960764,172.37339697945364
2023-08-10,Product A,North,CUST4240,returning,Mike Brown,4,84.10983642157684,0.0882757901675052,306.73989660241017
2023-08-10,Product C,Central,CUST1761,returning,Emily Davis,2,577.511060189271,0.08804806233413805,1053.3246607261437
2023-08-10,Product D,North,CUST1861,returning,Robert Wilson,1,62.08823501169478,0.014025697138708416,61.217404231543796
2023-08-10,Product B,East,CUST4513,returning,Sarah Johnson,4,211.6138299650123,0.13662982498779125,730.8042776475858
2023-08-10,Product B,Central,CUST2968,new,Sarah Johnson,1,204.92906706524448,0.18612230104287247,166.78719755249205
2023-08-11,Product A,West,CUST2971,returning,Sarah Johnson,3,107.44314047428882,0.1289457698331951,280.7664060376066
2023-08-11,Product A,South,CUST2456,returning,Sarah Johnson,2,95.88950328731673,0.09581046252200853,173.40457125270652
2023-08-11,Product B,North,CUST1571,new,Sarah Johnson,2,216.17578730279396,0.0631916637208139,405.03055929394725
2023-08-11,Product C,Central,CUST3445,returning,John Smith,2,420.42421986564716,0.06257488265723095,788.2324472825928
2023-08-11,Product A,West,CUST2871,returning,Mike Brown,4,85.32296519835337,0.14603279992869347,291.4520547688774
2023-08-11,Product E,West,CUST2464,returning,John Smith,3,1381.283422613332,0.05146635387419801,3930.581403553653
2023-08-11,Product E,South,CUST3228,new,Emily Davis,1,1641.0231858305535,0.01214122529731223,1621.0991536132717
2023-08-11,Product C,West,CUST3660,returning,Mike Brown,1,402.56265932124626,0.05422567291435616,380.73342822935894
2023-08-11,Product B,East,CUST4444,new,Emily Davis,3,210.98620954444598,0.17447293412573633,522.5244795154772
2023-08-11,Product A,Central,CUST3934,returning,Robert Wilson,2,82.59071011974632,0.06657878828086944,154.18384143343414
2023-08-11,Product D,North,CUST4010,returning,Emily Davis,1,73.64836952435097,0.07964633089564489,67.78254711528979
2023-08-11,Product C,South,CUST2780,returning,Sarah Johnson,2,584.375184099566,0.08211266298908725,1072.7811630968251
2023-08-11,Product B,East,CUST2446,new,Emily Davis,1,201.8275514738357,0.19233054296967667,163.00994891263252
2023-08-11,Product B,North,CUST4240,new,Mike Brown,4,264.98232443114927,0.16813540894572337,881.7176517981185
2023-08-11,Product A,Central,CUST2709,new,Emily Davis,2,104.71233851284431,0.09194395215242962,190.16934454170067
2023-08-11,Product B,South,CUST1661,returning,John Smith,2,238.99275617346356,0.151914858571563,405.3724108394876
2023-08-11,Product C,South,CUST1617,returning,John Smith,4,545.2353251144505,0.0937517937980269,1976.4741413716813
2023-08-11,Product A,West,CUST2452,returning,Sarah Johnson,1,95.54133763024511,0.10873237964237156,85.1529006354933
2023-08-11,Product D,Central,CUST4881,returning,Mike Brown,1,79.63294218440437,0.008300419747859477,78.97195533851679
2023-08-12,Product C,South,CUST1991,returning,Sarah Johnson,3,521.4867117940071,0.07490439156123414,1447.275200819425
2023-08-12,Product A,West,CUST2456,returning,Emily Davis,4,110.75998447187834,0.10425384768480708,396.85131968470216
2023-08-12,Product A,Central,CUST1639,returning,John Smith,4,90.34501569945888,0.17898648626377872,296.6979151518673
2023-08-12,Product C,Central,CUST1089,returning,Robert Wilson,2,405.6492412420153,0.0031602155660183763,808.7346043909974
2023-08-12,Product A,North,CUST2123,new,John Smith,4,113.8134474023467,0.16584201435856355,379.7535840961964
2023-08-12,Product B,South,CUST1953,new,Emily Davis,3,228.43896444107625,0.1018803937783645,615.4965383684928
2023-08-12,Product D,West,CUST4154,returning,Mike Brown,1,61.270777279316775,0.08980869926009849,55.76812846920614
2023-08-12,Product C,South,CUST4944,returning,Emily Davis,4,569.8637463760093,0.08583979589281307,2083.7870348015153
2023-08-12,Product B,East,CUST2555,returning,John Smith,2,216.37591228470433,0.08187303473462426,397.32111940496543
2023-08-12,Product B,West,CUST1449,returning,Emily Davis,4,238.383477072289,0.16073780653653852,800.2649594125442
2023-08-12,Product B,South,CUST2990,new,Emily Davis,1,268.9310808161059,0.1478489254249189,229.16990950408263
2023-08-12,Product D,Central,CUST3770,returning,John Smith,3,60.60433994264173,0.007627398643886574,180.42625944704875
2023-08-12,Product D,East,CUST4793,returning,Mike Brown,3,83.98020366742259,0.061536297009136834,236.4371187349688
2023-08-12,Product A,North,CUST4506,returning,Robert Wilson,4,102.26774262200213,0.05405276270592285,386.9595543903386
2023-08-12,Product C,North,CUST4959,returning,Robert Wilson,3,557.2172458366899,0.07372467432246549,1548.4097575815563
2023-08-12,Product C,Central,CUST1350,returning,John Smith,1,501.6416350075111,0.03934383632342128,481.9051286267622
2023-08-13,Product A,South,CUST2276,returning,Emily Davis,4,87.3329884090633,0.19414639383596,281.5104145861039
2023-08-13,Product A,Central,CUST3133,returning,Emily Davis,4,100.36064193214709,0.10336052655990056,359.9492525446029
2023-08-13,Product E,East,CUST4822,new,Sarah Johnson,2,1530.152006428012,0.06102432742523487,2873.551018754738
2023-08-13,Product A,East,CUST1565,returning,Sarah Johnson,4,99.05292721099761,0.16311548719261348,331.583442924485
2023-08-13,Product A,North,CUST3309,new,Robert Wilson,3,86.05879561041434,0.15183500888359427,218.97617284318696
2023-08-13,Product A,South,CUST4096,returning,Emily Davis,4,107.05267213720859,0.09682014724391647,386.75126663211734
2023-08-13,Product A,Central,CUST4592,new,Robert Wilson,3,92.63185195056091,0.17637490251596077,228.88175427872346
2023-08-13,Product B,Central,CUST2466,returning,Emily Davis,2,217.9192622855362,0.14285543443379634,373.57662280048703
2023-08-13,Product C,East,CUST4501,returning,Robert Wilson,2,462.42609734770286,0.0662754591513799,863.5571908448063
2023-08-13,Product B,West,CUST2416,returning,Emily Davis,1,279.558535678212,0.1577555722162004,235.4566189143726
2023-08-13,Product B,Central,CUST2320,returning,John Smith,4,210.31268471432261,0.13603663610711678,726.8098182205181
2023-08-13,Product C,West,CUST1969,new,Robert Wilson,2,437.2503086800585,0.040481315912921624,839.099681602717
2023-08-13,Product B,West,CUST2040,new,Mike Brown,1,285.25767727400455,0.14610061523534948,243.58135512366573
2023-08-14,Product B,West,CUST4234,returning,Emily Davis,2,231.6317837010668,0.11357562273308733,410.64811924488475
2023-08-14,Product E,South,CUST4719,new,Sarah Johnson,4,1475.1091235205633,0.08061966116696198,5424.745303192165
2023-08-14,Product C,South,CUST1724,returning,Sarah Johnson,3,431.60971652031964,0.005837728395366637,1287.2702886674185
2023-08-14,Product E,West,CUST4526,returning,Emily Davis,4,1495.316332546809,0.0214345560063674,5853.059563478394
2023-08-14,Product D,West,CUST1645,returning,Emily Davis,3,80.38580676122731,0.0032436007456084883,240.37520189544077
2023-08-14,Product C,South,CUST2543,returning,Emily Davis,3,570.7180513888986,0.0442256766474891,1636.4329781738643
2023-08-14,Product B,East,CUST4665,new,John Smith,1,224.0439835674499,0.05132135110902745,212.54574362291964
2023-08-14,Product D,West,CUST1217,returning,Mike Brown,1,75.09605932150777,0.08110429418275127,69.00544643433086
2023-08-14,Product B,North,CUST4293,new,Emily Davis,3,215.87421289773886,0.157937038031838,545.3390373756467
2023-08-14,Product A,North,CUST3105,new,Mike Brown,1,104.07670712146921,0.15186541427548617,88.27105487803885
2023-08-14,Product D,Central,CUST4994,returning,John Smith,1,84.51720727532917,0.06484418929834285,79.03675748780044
2023-08-14,Product D,West,CUST3455,returning,Sarah Johnson,1,72.94007427922539,0.08722828889020175,66.57763640832434
2023-08-14,Product E,West,CUST4795,new,Mike Brown,3,1683.9735781415109,0.08441082099871657,4625.483957611318
2023-08-15,Product B,West,CUST4021,returning,Robert Wilson,3,287.14789419851127,0.09993677656577143,775.3537777639885
2023-08-15,Product A,Central,CUST1261,returning,Emily Davis,1,114.48905682386794,0.1060315016910964,102.34961020163595
2023-08-15,Product A,Central,CUST3924,returning,John Smith,1,115.3385974044837,0.17089668680547548,95.62761324726682
2023-08-15,Product D,West,CUST4330,returning,Mike Brown,4,85.22146376125329,0.0850246449415657,311.9021562542089
2023-08-15,Product B,Central,CUST2077,new,Sarah Johnson,1,283.3627722475148,0.05103688867545011,268.90081798555144
2023-08-15,Product C,South,CUST4993,returning,John Smith,1,596.7796072720035,0.07686053267945153,550.9108087648434
2023-08-15,Product D,West,CUST1394,new,Sarah Johnson,4,60.16389972725635,0.025641282747629546,234.48488065259895
2023-08-15,Product D,East,CUST1269,returning,Emily Davis,1,87.47255216958419,0.016760782350446635,86.0064437610317
2023-08-15,Product B,East,CUST2810,returning,Mike Brown,1,228.7399273319458,0.17865638794148542,187.8740781368225
2023-08-15,Product A,Central,CUST4148,returning,John Smith,2,116.36081946396544,0.179051459174019,191.05248989651568
2023-08-15,Product B,West,CUST1131,returning,Mike Brown,1,282.7192889583802,0.0514028952656383,268.1866989584769
2023-08-15,Product A,North,CUST2308,returning,Emily Davis,1,107.62521890197809,0.07509681137912814,99.54290813845886
2023-08-15,Product A,Central,CUST3907,new,Sarah Johnson,4,100.78313940404875,0.18578804585613373,328.2353475156969
2023-08-15,Product B,Central,CUST2279,returning,Sarah Johnson,1,259.3449151951072,0.1809368771245135,212.41985614158273
2023-08-15,Product A,Central,CUST1446,new,John Smith,1,80.75748404373357,0.11783363556915515,71.2415360994424
2023-08-15,Product C,West,CUST1778,new,Sarah Johnson,4,592.0204609801048,0.08664887756356682,2162.8902101660533
2023-08-15,Product E,East,CUST3648,new,Sarah Johnson,1,1699.9769829122438,0.025078989500032102,1657.3432780074913
2023-08-15,Product A,North,CUST3242,new,John Smith,1,82.07272513871644,0.16298007140615578,68.69650653511063
2023-08-15,Product A,North,CUST1431,returning,John Smith,2,81.6868836780242,0.05971570407242551,153.61778781141732
2023-08-15,Product B,North,CUST1707,new,Emily Davis,3,233.42064418312654,0.15107502410387452,594.4698442104564
2023-08-15,Product C,West,CUST3298,new,Mike Brown,2,522.3177355727453,0.06573390218490106,975.9675052663349
2023-08-15,Product C,South,CUST2652,returning,John Smith,3,525.7281303347619,0.0741847995413882,1460.1812831178263
2023-08-15,Product A,South,CUST3415,returning,John Smith,1,89.4023772016769,0.1408973775355467,76.80581670851689
2023-08-15,Product A,Central,CUST4592,returning,Emily Davis,2,116.44933810369365,0.10592205157465409,208.22957061447977
2023-08-15,Product C,West,CUST1328,returning,John Smith,2,541.0913016662182,0.02259143838762584,1057.7345417250913
2023-08-15,Product A,West,CUST1673,returning,Robert Wilson,1,106.09855932031866,0.09989077238480629,95.50029228089684
2023-08-16,Product B,East,CUST2717,returning,Sarah Johnson,3,266.14720556049605,0.11432350321280095,707.160973951568
2023-08-16,Product E,North,CUST3153,returning,Robert Wilson,1,1270.6937115719606,0.013006768650465007,1254.1660924399434
2023-08-16,Product A,East,CUST2289,returning,Sarah Johnson,4,84.65819023434413,0.08020889609457099,311.4714010011328
2023-08-16,Product D,East,CUST4233,returning,Emily Davis,3,69.33673198755551,0.08556366241949787,190.21208177550332
2023-08-16,Product A,East,CUST4541,returning,John Smith,2,111.04267841862014,0.055727742901932206,209.7090411691307
2023-08-16,Product A,West,CUST4809,returning,Robert Wilson,1,111.47867952551171,0.1359149687641799,96.32705827992977
2023-08-16,Product C,East,CUST3876,returning,Robert Wilson,4,540.0323271590983,0.010165836400499652,2138.169787480871
2023-08-16,Product A,Central,CUST3950,new,Robert Wilson,3,107.93039453224826,0.07875878359289573,298.28978383856116
2023-08-16,Product A,Central,CUST4500,returning,Sarah Johnson,3,92.06415632697914,0.1656543770870779,230.43997757575815
2023-08-16,Product A,North,CUST1925,returning,Sarah Johnson,1,109.82336043651159,0.052210292111529194,104.08945070745156
2023-08-17,Product A,West,CUST4129,returning,Robert Wilson,2,96.35567338821566,0.1370366994560661,166.30281986645576
2023-08-17,Product A,South,CUST1258,returning,John Smith,2,80.42367196166143,0.1900641025681763,130.2760378500617
2023-08-17,Product B,West,CUST1500,returning,Emily Davis,1,216.2702702031695,0.13944007018075671,186.1135285480283
2023-08-17,Product B,East,CUST3102,new,John Smith,1,202.1412395604826,0.0586197317009125,190.29177433175724
2023-08-17,Product B,West,CUST3450,returning,Mike Brown,4,251.92832645845314,0.054756211383734335,952.5347430453746
2023-08-17,Product A,East,CUST2862,new,Robert Wilson,3,80.78056377351042,0.07948193963271147,223.0799036405036
2023-08-17,Product E,South,CUST3218,returning,Robert Wilson,4,1409.022359036582,0.07802062580729546,5196.358211232304
2023-08-17,Product A,North,CUST3995,returning,Robert Wilson,3,85.115298576653,0.12607408863887315,223.1533946381277
2023-08-17,Product A,West,CUST3353,returning,Sarah Johnson,1,99.50449412292302,0.14926804001973848,84.65165331203872
2023-08-17,Product A,North,CUST3231,new,Mike Brown,3,105.41447069713526,0.1496138679505144,268.9290119945421
2023-08-17,Product D,Central,CUST3665,new,Robert Wilson,2,74.03751969488127,0.09820483989907525,133.53335385344164
2023-08-17,Product E,South,CUST4270,returning,Robert Wilson,3,1328.909105712161,0.0007214055994557823,3983.8512697263973
2023-08-17,Product C,South,CUST2590,new,John Smith,1,516.2435958883701,0.082923169274975,473.43504079939703
2023-08-18,Product E,North,CUST3077,returning,Robert Wilson,3,1553.6842279574637,0.06603683896373873,4353.251498386007
2023-08-18,Product B,West,CUST4061,new,Emily Davis,2,290.37242257513793,0.11175499927821642,515.8437053996789
2023-08-18,Product E,West,CUST2422,new,John Smith,3,1504.8561946456725,0.024376250020605384,4404.520331399799
2023-08-18,Product A,West,CUST2330,returning,John Smith,4,115.80051026505849,0.16507380952117934,386.7395155644354
2023-08-18,Product E,East,CUST2888,returning,Sarah Johnson,1,1350.2543327113444,0.0966926585833162,1219.6946515178429
2023-08-18,Product E,North,CUST4832,returning,John Smith,3,1350.437327546595,0.06865582639721406,3773.1658104787152
2023-08-18,Product A,West,CUST2512,returning,Emily Davis,1,98.60541207422268,0.13199555281923525,85.58993619651717
2023-08-18,Product B,North,CUST2353,returning,Robert Wilson,3,200.63261535561503,0.10191159343697706,540.5574774878886
2023-08-18,Product A,North,CUST1491,new,Mike Brown,2,100.29119058196916,0.05598549059169325,189.35267815042522
2023-08-18,Product D,South,CUST3039,returning,Mike Brown,1,75.85506862283508,0.03611634022710993,73.115461156502
2023-08-19,Product D,South,CUST3549,returning,Sarah Johnson,1,72.3879869544807,0.08513740348961321,66.22506170133622
2023-08-19,Product D,West,CUST1447,returning,Sarah Johnson,3,61.41568953197649,0.016701502688727388,181.16986568438443
2023-08-19,Product A,North,CUST4218,returning,Sarah Johnson,1,82.67856941159636,0.1408606100930766,71.03241568265611
2023-08-19,Product D,East,CUST3190,returning,Mike Brown,3,73.86239777124726,0.00940650490373296,219.50283229323165
2023-08-19,Product B,South,CUST3245,new,John Smith,4,243.7490510371608,0.06981305678332775,906.928738784885
2023-08-19,Product A,Central,CUST2096,returning,John Smith,1,93.55152435021003,0.14003521546698575,80.45101648056341
2023-08-19,Product A,Central,CUST1290,returning,Sarah Johnson,2,91.3729796684217,0.08281564588915061,167.61173468073028
2023-08-19,Product A,South,CUST2930,returning,John Smith,4,99.75526821517,0.18220430663508508,326.317714947312
2023-08-19,Product E,South,CUST1542,new,Mike Brown,1,1402.7402650551398,0.02577330780591468,1366.5870084321234
2023-08-19,Product A,East,CUST1284,new,Sarah Johnson,2,114.36051973058181,0.05825205724882203,215.39756837646186
2023-08-19,Product C,East,CUST1047,new,John Smith,4,514.7892359443508,0.09177899097113838,1870.1695972263
2023-08-19,Product B,East,CUST4108,returning,John Smith,4,214.81162880296426,0.17840047487432725,705.9565288639509
2023-08-19,Product C,North,CUST4697,new,John Smith,4,588.9135086628313,0.036319379261233,2270.09814235857
2023-08-19,Product A,Central,CUST3398,returning,Robert Wilson,2,92.5365124392018,0.17042020159518756,153.5328426687949
2023-08-19,Product C,North,CUST2411,returning,Robert Wilson,4,550.414547099995,0.06106163188646962,2067.221346560069
2023-08-20,Product C,East,CUST3437,new,Sarah Johnson,3,510.1405355962192,0.07417759886449325,1416.8986067467351
2023-08-20,Product E,East,CUST3408,new,Sarah Johnson,2,1767.8358868837945,0.06194581006577077,3316.651721614875
2023-08-20,Product A,Central,CUST2832,new,Sarah Johnson,1,100.97149067344108,0.17308146171649647,83.49519747598832
2023-08-20,Product D,South,CUST2229,returning,John Smith,2,66.31451841760979,0.014273407014888119,130.7359686104779
2023-08-20,Product B,North,CUST1342,new,John Smith,3,271.0343432979192,0.14693352917370192,693.6309321296377
2023-08-20,Product C,West,CUST3632,new,Robert Wilson,1,551.2021854352387,0.015686632964886562,542.5556790628727
2023-08-20,Product A,East,CUST3627,new,Mike Brown,4,92.9934103122826,0.08364469611743075,340.8600190631527
2023-08-20,Product A,Central,CUST1744,returning,Sarah Johnson,4,90.99214822277551,0.19000745929696944,294.81184529197077
2023-08-20,Product C,South,CUST3243,returning,Robert Wilson,2,408.2805718368539,0.08949422301216398,743.4836385787053
2023-08-20,Product E,Central,CUST4911,new,Emily Davis,2,1797.9646662843838,0.014964715887894242,3542.1172717539307
2023-08-20,Product C,East,CUST4468,returning,Robert Wilson,1,593.2391109022914,0.08607105232969885,542.1783963437963
2023-08-20,Product C,North,CUST1746,returning,Sarah Johnson,1,447.95028326107007,0.07331422118962015,415.109157112115
2023-08-20,Product C,West,CUST1287,returning,Emily Davis,1,403.00665915239773,0.09462468641736971,364.8722804059903
2023-08-20,Product D,Central,CUST1635,new,Robert Wilson,1,77.89360143486034,0.0726077265038763,72.23792412547606
2023-08-20,Product A,South,CUST2466,new,Sarah Johnson,1,114.44995852402893,0.09991493675129748,103.01469815691196
2023-08-20,Product B,Central,CUST3000,returning,Emily Davis,4,237.71801877742067,0.18811449367360566,771.9992561520539
2023-08-21,Product A,North,CUST1954,returning,John Smith,3,89.54565532406683,0.1159767117025451,237.48133401699616
2023-08-21,Product C,East,CUST3152,returning,Robert Wilson,1,540.1583601818521,0.0676239223090874,503.6307331983105
2023-08-21,Product B,East,CUST1922,new,Sarah Johnson,1,286.3876077931563,0.1395592256689478,246.4195750083611
2023-08-21,Product A,North,CUST2342,returning,John Smith,3,112.15500798359541,0.1519964105241605,285.3235480433411
2023-08-21,Product A,Central,CUST2328,new,Mike Brown,2,81.67437394956646,0.07916730450852505,150.41686783311596
2023-08-21,Product D,Central,CUST4686,returning,John Smith,3,83.52590336065144,0.045602930359867615,239.15063221935185
2023-08-21,Product A,South,CUST2787,new,Emily Davis,3,104.61675721631897,0.18480414549793162,255.84944038257768
2023-08-21,Product A,North,CUST1686,returning,Emily Davis,1,116.85084730477213,0.14669477802672476,99.70943819716388
2023-08-21,Product B,South,CUST1284,returning,Mike Brown,3,251.33779832839815,0.18652221431195232,613.3731469316833
2023-08-21,Product A,South,CUST3430,returning,Robert Wilson,4,116.70471520711622,0.17736689996819865,384.0206466366341
2023-08-21,Product A,North,CUST2119,returning,Sarah Johnson,3,88.61086503625526,0.14462124024665152,227.38755550615008
2023-08-21,Product C,Central,CUST2330,returning,Emily Davis,4,584.8746761153299,0.05781167277665925,2204.2483708975833
2023-08-21,Product A,East,CUST4130,new,Sarah Johnson,2,109.31775725321842,0.05858277315579735,205.8272397563052
2023-08-21,Product E,Central,CUST4019,new,Sarah Johnson,1,1710.2990391356439,0.010622481606424206,1692.1314190509404
2023-08-21,Product B,South,CUST2549,new,Robert Wilson,2,258.2897868432882,0.1416876332211392,443.3866365205403
2023-08-21,Product D,West,CUST2731,new,Mike Brown,3,83.01248661687872,0.05596660409651919,235.09967892997278
2023-08-21,Product C,North,CUST3426,returning,Mike Brown,1,590.1342716125704,0.07139279481853057,548.0029366439512
2023-08-21,Product D,West,CUST4688,returning,Sarah Johnson,1,82.57222928577558,0.03827204407654046,79.41202128705217
2023-08-21,Product B,South,CUST2578,returning,Emily Davis,1,231.3700725825113,0.12506111741350465,202.43467276929877
2023-08-22,Product C,West,CUST2322,returning,Sarah Johnson,3,468.1712021629369,0.03303704732688151,1358.1126239999908
2023-08-22,Product D,Central,CUST3355,returning,Mike Brown,3,77.94194800289326,0.030658148875561043,226.65717647210795
2023-08-22,Product A,North,CUST1912,returning,Emily Davis,4,107.17828807149165,0.09749088884830172,386.9175260086504
2023-08-22,Product B,East,CUST2998,returning,Mike Brown,4,222.43798542804288,0.131777615543263,772.5025524083532
2023-08-22,Product A,East,CUST1551,returning,John Smith,2,100.64041731624577,0.09293854585396877,182.57408655347461
2023-08-22,Product C,Central,CUST1365,returning,John Smith,4,449.30783957538836,0.09044173847669956,1634.6866298119207
2023-08-22,Product B,East,CUST1303,new,Mike Brown,2,253.33180901105536,0.14470611199536634,433.3462957686257
2023-08-22,Product A,North,CUST1616,new,Mike Brown,3,119.93540598502975,0.1992476721024798,288.1156666195402
2023-08-22,Product B,South,CUST4098,returning,Emily Davis,3,212.60182064338034,0.06606107745730024,595.6713459068849
2023-08-22,Product A,West,CUST4683,returning,Mike Brown,1,104.9819419846074,0.10079295199724547,94.40050214557526
2023-08-22,Product B,South,CUST3383,new,John Smith,3,252.43060279927505,0.07664890522126803,699.2462203510977
2023-08-22,Product A,East,CUST2120,new,Emily Davis,2,111.93212751258304,0.12285665101840705,196.36104237004358
2023-08-22,Product A,North,CUST4601,returning,Robert Wilson,4,88.66188658213325,0.16765152757123947,295.19034343716254
2023-08-22,Product C,East,CUST2834,new,Robert Wilson,1,538.6963788836999,0.01803909018294848,528.9787863237891
2023-08-22,Product D,West,CUST3157,returning,Emily Davis,1,86.43385188913831,0.04109983736821633,82.88143463338623
2023-08-22,Product A,North,CUST3294,returning,Robert Wilson,2,115.8868199838744,0.16846299032476714,192.72835950032587
2023-08-22,Product B,South,CUST1036,new,Sarah Johnson,2,228.68225759602115,0.17753120271373285,376.1680427314157
2023-08-22,Product A,Central,CUST2122,new,Robert Wilson,3,84.07175444935746,0.18072314250683236,206.63412836762046
2023-08-22,Product A,Central,CUST3484,returning,Robert Wilson,2,104.65529388732232,0.16378871841475756,175.02787485239597
2023-08-23,Product C,North,CUST4891,returning,Sarah Johnson,3,508.9411405735458,0.05259368750140431,1446.5221478088372
2023-08-23,Product B,South,CUST4366,returning,Robert Wilson,2,231.85140375402784,0.06071093168873819,435.550978037558
2023-08-23,Product A,Central,CUST3281,returning,John Smith,4,83.26104367488219,0.18904522981412075,270.0837621552022
2023-08-23,Product C,Central,CUST2341,returning,Robert Wilson,3,573.9626036797923,0.029813112408264432,1670.5529761744397
2023-08-23,Product D,West,CUST4162,new,John Smith,4,66.56272293210345,0.03370367519640503,257.2772581528462
2023-08-23,Product A,South,CUST4947,returning,Sarah Johnson,4,89.72127249296862,0.07765503262573135,331.01585660122004
2023-08-23,Product C,West,CUST1886,returning,Robert Wilson,3,446.3120362878533,0.01841536342075615,1314.2791138216644
2023-08-23,Product C,East,CUST1061,returning,John Smith,2,436.9190852257667,0.08829674556481762,796.6811038503487
2023-08-23,Product B,East,CUST4928,returning,Sarah Johnson,1,212.22962663595308,0.19067269792954267,171.7632311446964
2023-08-23,Product B,East,CUST3300,returning,Sarah Johnson,2,215.74040822853644,0.123679822956879,378.11534546837254
2023-08-23,Product A,South,CUST1819,new,John Smith,1,96.75497622730221,0.17457469176541252,79.8640060756511
2023-08-23,Product D,Central,CUST2287,new,Sarah Johnson,1,67.80656796974571,0.04933958280260745,64.46102019484182
2023-08-23,Product C,East,CUST4703,returning,Robert Wilson,3,414.88041154569817,0.003120248798852743,1240.7576443197154
2023-08-23,Product D,Central,CUST4760,returning,Sarah Johnson,1,76.34491239989354,0.036816675802346946,73.53414651090809
2023-08-23,Product A,West,CUST4692,new,Sarah Johnson,2,80.59635155532075,0.06232599719313373,151.14620714901403
2023-08-23,Product B,West,CUST3717,new,Robert Wilson,2,236.33917898796898,0.08045871037999511,434.6472668686603
2023-08-23,Product B,Central,CUST4455,returning,Emily Davis,1,264.4349335990535,0.17465254056080048,218.25070063295223
2023-08-23,Product A,South,CUST1592,returning,Sarah Johnson,3,100.79664588582918,0.07876967987340645,278.5707790712679
2023-08-23,Product C,West,CUST2983,returning,Emily Davis,2,474.59366159347707,0.015223330243044886,934.7375311035673
2023-08-23,Product C,South,CUST3664,new,Sarah Johnson,3,435.08973791573294,0.010612059235940531,1291.417619532064
2023-08-23,Product A,East,CUST1213,returning,Robert Wilson,3,97.764161533484,0.17215746614719066,242.79999361162425
2023-08-24,Product A,North,CUST2957,new,Emily Davis,3,105.00672929319634,0.08625995898480868,287.84655939370896
2023-08-24,Product B,North,CUST4849,returning,Sarah Johnson,2,209.58578070669566,0.10899668941835998,373.4832489210069
2023-08-24,Product B,North,CUST1397,new,Robert Wilson,1,245.71750275536186,0.13203726936015228,213.2736346575482
2023-08-24,Product A,Central,CUST3053,new,Mike Brown,2,86.50362223124984,0.1903455701918344,140.07608186796708
2023-08-24,Product B,West,CUST1502,returning,Emily Davis,2,232.60879797800882,0.10333930911215469,417.14233100310526
2023-08-24,Product B,West,CUST1807,returning,Mike Brown,2,270.58367737667123,0.15094135500395922,459.4828209429647
2023-08-24,Product D,West,CUST2872,returning,Robert Wilson,2,85.93808101271078,0.09572391651566987,155.42350264066636
2023-08-24,Product D,Central,CUST1027,returning,John Smith,4,84.4613360874832,0.07341002318190774,313.0441097893047
2023-08-24,Product C,West,CUST2227,returning,Emily Davis,4,502.44101436737265,0.09553672807311739,1817.7577752199027
2023-08-24,Product A,South,CUST3447,returning,Mike Brown,1,119.88461886848407,0.09294939203512068,108.74141643029633
2023-08-24,Product A,East,CUST3453,returning,Mike Brown,3,92.86119610056164,0.09244152621503154,252.83089622061718
2023-08-24,Product B,South,CUST4496,returning,Mike Brown,2,240.91969681929487,0.18659638159363878,391.9299062763559
2023-08-24,Product E,East,CUST2163,returning,Sarah Johnson,1,1497.7346487134785,0.05808322592519212,1410.7413887362652
2023-08-24,Product E,West,CUST2830,returning,Robert Wilson,4,1231.6834079498633,0.01182354289454518,4868.482185373874
2023-08-24,Product B,North,CUST1056,returning,Emily Davis,1,203.99023425430886,0.12641141403668538,178.20354029254696
2023-08-24,Product B,West,CUST3383,returning,Mike Brown,2,270.07215673101933,0.13042927012154298,469.693684896883
2023-08-24,Product A,West,CUST2907,returning,Sarah Johnson,2,99.404549360133,0.11725703598549171,175.4973330773806
2023-08-25,Product A,Central,CUST2563,returning,Emily Davis,1,99.77217698659317,0.09289059333656025,90.50428026782822
2023-08-25,Product B,South,CUST1967,returning,Robert Wilson,2,255.29932722743277,0.09911511045770585,459.9906124190156
2023-08-25,Product E,North,CUST1790,returning,Sarah Johnson,3,1530.9913942915414,0.05731794337584198,4329.714348733913
2023-08-25,Product A,West,CUST2919,returning,Sarah Johnson,2,81.5903016989153,0.15093383593593154,138.55112897665612
2023-08-25,Product A,East,CUST4242,returning,John Smith,3,113.73331285818374,0.14433013929425698,291.9545039128943
2023-08-25,Product C,East,CUST2226,new,Emily Davis,4,430.84294969771616,0.06660236792738349,1608.5911561721189
2023-08-25,Product C,South,CUST2061,returning,Emily Davis,3,548.4165121808155,0.029535240620517447,1596.6566955998705
2023-08-25,Product B,East,CUST1786,returning,Emily Davis,3,257.2171877287657,0.17597248757060202,635.8621180746608
2023-08-25,Product C,North,CUST1125,returning,Emily Davis,1,485.8931653132407,0.025240410953247472,473.6290221413603
2023-08-25,Product A,South,CUST1555,new,Sarah Johnson,2,105.11482984654874,0.1288734859396764,183.13663060053614
2023-08-25,Product A,North,CUST2447,new,John Smith,2,116.54041261633029,0.10688270147866863,208.16851696891638
2023-08-25,Product B,Central,CUST3585,returning,Emily Davis,1,207.27785025440045,0.17883374628895593,170.20957577068478
2023-08-25,Product C,Central,CUST1886,new,Sarah Johnson,3,505.12322741583625,0.041177092864016364,1452.971164118288
2023-08-25,Product B,Central,CUST2545,new,Emily Davis,3,200.7278663975058,0.07533040091320425,556.8208672419888
2023-08-25,Product A,South,CUST2356,returning,Sarah Johnson,2,87.19896455596121,0.07793752766888241,160.80578568636616
2023-08-25,Product C,Central,CUST3958,returning,Mike Brown,4,448.2802940214566,0.08913269599491135,1633.2954514157304
2023-08-25,Product A,North,CUST4736,returning,Sarah Johnson,3,111.5271613000023,0.09377958591077648,303.2045708864511
2023-08-26,Product D,North,CUST4200,returning,Mike Brown,2,75.1807393335113,0.023619435829116898,146.81002537047573
2023-08-26,Product A,North,CUST1107,returning,Mike Brown,1,106.72601728464832,0.17657818504692718,87.88053085523813
2023-08-26,Product A,North,CUST3697,returning,Robert Wilson,2,108.94063867725232,0.06080189876889538,204.63368198515843
2023-08-26,Product B,South,CUST1997,returning,Mike Brown,2,267.2792774290209,0.1915490038705211,432.1643961645186
2023-08-26,Product B,North,CUST3269,returning,Sarah Johnson,2,223.79601677842953,0.17362951048320796,369.876847874198
2023-08-26,Product E,South,CUST3838,returning,Emily Davis,4,1216.2363924282693,0.0031986205403667037,4849.384454886027
2023-08-26,Product C,West,CUST2384,new,John Smith,3,500.4800678982423,0.03429902064199032,1449.942275155487
2023-08-26,Product C,North,CUST1803,returning,John Smith,4,563.8935127177862,0.06821301334851124,2101.7145480305157
2023-08-26,Product D,North,CUST2509,new,Sarah Johnson,1,62.28281919149492,0.07993495162534306,57.30424505233279
2023-08-26,Product A,Central,CUST3283,returning,Robert Wilson,1,92.95645798206145,0.14937637040032725,79.07095968343059
2023-08-26,Product D,East,CUST1213,new,Emily Davis,3,72.53880447201449,0.009064822904853576,215.64375916723765
2023-08-26,Product C,East,CUST4766,returning,Emily Davis,1,519.8821123936743,0.09678609416065775,469.5647533110985
2023-08-26,Product B,East,CUST1782,new,John Smith,2,268.9653964075925,0.1642394940154475,449.5813115878905
2023-08-26,Product C,Central,CUST4830,new,Sarah Johnson,4,586.0343724550503,0.07760960138390484,2162.209913646188
2023-08-26,Product B,West,CUST3220,new,John Smith,4,283.492064325127,0.15200423769089905,961.600276783867
2023-08-26,Product B,East,CUST3783,returning,Emily Davis,4,294.7338045398313,0.12011184306025269,1037.3311362575676
2023-08-26,Product B,West,CUST2963,returning,John Smith,2,266.5896816842253,0.10124662189561295,479.19675396294144
2023-08-26,Product B,East,CUST1553,returning,John Smith,3,262.64264931507216,0.19841244366306904,631.5932383629787
2023-08-27,Product B,West,CUST4151,returning,Robert Wilson,2,261.48966387647306,0.0680039987467653,487.4146422038506
2023-08-27,Product C,North,CUST3226,returning,Mike Brown,3,571.344093969095,0.0770786915872659,1581.9169162795356
2023-08-27,Product B,West,CUST3092,returning,Robert Wilson,1,296.4498524863941,0.07580957254900383,273.97611588718536
2023-08-27,Product D,South,CUST4667,returning,Emily Davis,2,76.04345175260657,0.09647832645185286,137.41381357978574
2023-08-27,Product D,South,CUST2751,returning,Sarah Johnson,2,72.62915581177626,0.007878769593336499,144.11385485475347
2023-08-27,Product E,Central,CUST4052,returning,John Smith,3,1596.1056586637792,0.09082649629599619,4353.410921907405
2023-08-27,Product A,North,CUST4954,new,Sarah Johnson,2,90.5283539973317,0.14619512168852328,154.58710053686016
2023-08-27,Product B,West,CUST1163,returning,Emily Davis,3,221.5150952607005,0.12506446047788966,581.4342881526379
2023-08-27,Product C,Central,CUST3965,returning,Robert Wilson,2,420.23270824527935,0.05617835546616823,793.2494515659309
2023-08-27,Product E,Central,CUST3773,returning,Robert Wilson,1,1367.7733017927872,0.017457809509382895,1343.894976038069
2023-08-27,Product E,West,CUST3205,new,John Smith,2,1353.0725799225193,0.08627313125917448,2472.6775432633476
2023-08-27,Product A,Central,CUST3549,returning,Sarah Johnson,1,84.46849128409674,0.055104553602805265,79.81389277838414
2023-08-27,Product A,Central,CUST1205,returning,John Smith,4,95.07954786303287,0.18396560720839994,310.35272442923963
2023-08-27,Product C,West,CUST4482,returning,Robert Wilson,2,451.1820192843848,0.024178232778310594,880.5464707934775
2023-08-27,Product B,North,CUST1347,returning,Mike Brown,2,263.59463658006985,0.14577873393563254,450.3362883744082
2023-08-27,Product B,Central,CUST1829,returning,Mike Brown,2,253.30328849390764,0.18596419687269006,412.3958917678536
2023-08-27,Product C,North,CUST2664,new,Sarah Johnson,3,523.0910903744043,0.08956271312033992,1428.7248993341873
2023-08-27,Product C,North,CUST4295,returning,John Smith,3,415.143379421658,0.08935437134032538,1134.1455112120127
2023-08-27,Product A,East,CUST2807,returning,Mike Brown,2,118.75855772161779,0.07805271227945103,218.97826037009958
2023-08-27,Product D,South,CUST4789,returning,Emily Davis,3,63.277934568634535,0.06757334502639704,177.00609859041128
2023-08-27,Product B,Central,CUST4818,returning,Mike Brown,1,211.06893744198902,0.19186539435180455,170.57211252426544
2023-08-28,Product A,South,CUST1503,returning,John Smith,2,91.92741496354658,0.09248234405611366,166.85150428939747
2023-08-28,Product A,West,CUST1924,returning,Emily Davis,1,99.82335023969465,0.18328746753361075,81.52698117354036
2023-08-28,Product A,South,CUST3347,returning,Mike Brown,1,106.07415872707237,0.1853659994206155,86.41161628192759
2023-08-28,Product C,West,CUST3714,returning,Mike Brown,2,481.36724101077453,0.09144557322680581,874.6966754478766
2023-08-28,Product D,Central,CUST1513,returning,Robert Wilson,3,76.13370486909854,0.023374584169443213,223.0623335295127
2023-08-28,Product D,North,CUST2447,returning,Sarah Johnson,2,83.39737735632357,0.064106642687005,156.10210297021683
2023-08-28,Product A,West,CUST2978,returning,Sarah Johnson,2,86.83476198096042,0.11942383220738179,152.92924387275656
2023-08-28,Product D,East,CUST2358,new,Robert Wilson,2,79.2033348283108,0.03235838132361527,153.2808862356687
2023-08-28,Product B,East,CUST3301,returning,Robert Wilson,3,206.86200967646246,0.09774110381545242,559.9292655396067
2023-08-28,Product A,North,CUST4721,returning,Sarah Johnson,1,101.5989749261776,0.1402817539340052,87.34649252563639
2023-08-28,Product C,South,CUST3181,returning,John Smith,3,539.0110579204187,0.0722628500739394,1500.18174796116
2023-08-28,Product A,Central,CUST2627,returning,John Smith,3,105.12999763790123,0.1812769773751312,258.2170483039434
2023-08-28,Product A,West,CUST3298,returning,Mike Brown,3,96.99678476433238,0.06521860707615698,272.01236871341047
2023-08-28,Product D,Central,CUST2947,returning,John Smith,3,75.43775278127214,0.08502307679654601,207.07140879957356
2023-08-28,Product A,North,CUST3182,returning,Robert Wilson,1,110.34986486050282,0.1897327227326563,89.41288454733895
2023-08-28,Product D,South,CUST1947,returning,Robert Wilson,1,86.90768223068328,0.005014002210273605,86.47192691988887
2023-08-28,Product B,Central,CUST2784,returning,John Smith,4,230.5114252004301,0.08027715028155656,848.0264995119975
2023-08-28,Product A,East,CUST4306,returning,Robert Wilson,1,104.55776732304263,0.061715778038662746,98.10490336271558
2023-09-01,Product B,East,CUST1695,returning,Mike Brown,3,241.85737905560248,0.13391980571785722,628.4036575231381
2023-09-01,Product A,North,CUST1833,new,John Smith,4,98.76820002478553,0.07185270520799102,366.6857506579229
2023-09-01,Product A,Central,CUST3309,returning,Robert Wilson,3,105.54022103581072,0.14475681540127588,270.78766422576
2023-09-01,Product A,South,CUST3321,returning,Robert Wilson,2,83.34183148864818,0.16652101704864458,138.92732989292347
2023-09-01,Product B,North,CUST3340,new,Sarah Johnson,3,259.43183111472354,0.1814750205557969,637.0543026910532
2023-09-01,Product E,West,CUST2067,returning,Emily Davis,3,1264.7411516889465,0.012159178939911986,3748.0888131386705
2023-09-01,Product B,North,CUST4086,returning,Emily Davis,4,283.4439628047428,0.08843311942667584,1033.512515965043
2023-09-01,Product C,North,CUST3715,returning,Mike Brown,3,424.9818564525665,0.017088146923828595,1253.1591121486308
2023-09-01,Product A,South,CUST3597,returning,Emily Davis,1,98.6640191084803,0.1248526750743438,86.34555238920036
2023-09-01,Product C,Central,CUST2013,returning,Emily Davis,4,478.2802589145598,0.05570758295842885,1806.5456868547926
2023-09-01,Product A,Central,CUST4967,returning,Mike Brown,2,105.19901850063098,0.19723131127360283,168.90095627411105
2023-09-01,Product A,South,CUST1961,returning,Robert Wilson,4,105.86602019547588,0.13164968249585812,367.7151689985655
2023-09-01,Product C,North,CUST2430,new,John Smith,2,406.36385820498214,0.01784933279570299,798.221068927471
2023-09-01,Product B,North,CUST3162,returning,Robert Wilson,1,207.15187357812158,0.16847001726108432,172.25299386074948
2023-09-01,Product D,East,CUST3719,returning,Emily Davis,4,65.98327761565204,0.08461038198143962,241.6016291688174
2023-09-01,Product A,South,CUST1156,returning,Robert Wilson,4,96.05644282725527,0.10127523794509566,345.31321489506206
2023-09-01,Product A,East,CUST3296,returning,Sarah Johnson,4,88.24383292940217,0.06562682581392475,329.8106811063649
2023-09-01,Product C,South,CUST1658,returning,Robert Wilson,4,453.5819047141381,0.07634051093582446,1675.8209214280653
2023-09-01,Product C,South,CUST3651,returning,John Smith,3,411.27559334940906,0.05909448673317119,1160.9144197636358
2023-09-01,Product D,North,CUST4620,returning,John Smith,1,75.71389120116835,0.07283355678735114,70.19937920677673
2023-09-02,Product A,East,CUST2640,returning,John Smith,3,96.64239459181246,0.05502189952161615,273.97483940116007
2023-09-02,Product A,South,CUST2466,returning,Emily Davis,4,96.3244780824693,0.13212273408589947,334.3912987152646
2023-09-02,Product A,East,CUST1510,returning,Sarah Johnson,3,111.59107629579135,0.061190147347539574,314.28840568374403
2023-09-02,Product A,Central,CUST1769,new,Mike Brown,1,88.69709379443317,0.17967524424401776,72.76042180318385
2023-09-02,Product A,North,CUST4772,returning,Sarah Johnson,3,98.3750582737549,0.17981835001084556,242.05625283824253
2023-09-02,Product E,West,CUST1465,returning,Robert Wilson,2,1380.1216412121291,0.036576097752544,2659.2843543055055
2023-09-02,Product A,South,CUST1995,new,Emily Davis,2,108.37624163362223,0.1445736908280894,185.4157767651452
2023-09-02,Product A,Central,CUST2313,returning,Sarah Johnson,2,86.0241837836708,0.10655757395763732,153.71531091599383
2023-09-02,Product C,South,CUST2992,new,Robert Wilson,1,501.4499414671656,0.07792205889256558,462.3759295964876
2023-09-02,Product E,West,CUST1600,returning,Robert Wilson,2,1386.0053787419527,0.06500035802637597,2591.829065794486
2023-09-02,Product E,East,CUST1016,returning,Emily Davis,2,1781.2538672432056,0.06824510186285855,3319.3840312591647
2023-09-02,Product D,West,CUST1875,returning,Sarah Johnson,2,88.66761398983535,0.006784448655123055,176.13210623069807
2023-09-02,Product A,West,CUST4173,returning,Robert Wilson,1,84.44259755262766,0.19041134598176024,68.36376889443574
2023-09-02,Product A,Central,CUST4813,returning,Sarah Johnson,1,91.86714629338792,0.1178400661004049,81.04151570171952
2023-09-03,Product D,North,CUST1715,returning,Robert Wilson,3,80.6364709477782,0.0429593564220194,231.5171401551563
2023-09-03,Product C,West,CUST3922,new,Mike Brown,2,561.5439778642119,0.009603681188138459,1112.3021770553698
2023-09-03,Product B,West,CUST1307,new,Robert Wilson,3,201.1996679062676,0.1278900752205377,526.4046817301636
2023-09-03,Product C,West,CUST1679,new,Robert Wilson,3,461.3514738246779,0.09941368135816571,1246.4604762352537
2023-09-03,Product B,West,CUST4149,new,Robert Wilson,3,232.86974038158334,0.12233651178062457,613.1438059321224
2023-09-03,Product D,West,CUST4665,new,John Smith,3,89.76559810737123,0.06214336345256386,252.56178575594421
2023-09-03,Product B,Central,CUST2675,returning,John Smith,1,219.54478749766605,0.19247031368721157,177.28893337959806
2023-09-03,Product C,South,CUST4112,returning,Robert Wilson,1,433.199998721734,0.07010667546248789,402.8297870009992
2023-09-03,Product B,West,CUST2336,returning,Mike Brown,1,252.41239176639968,0.17898513355747425,207.23432611452913
2023-09-03,Product E,South,CUST2445,new,Sarah Johnson,1,1415.5087403959944,0.0762731833418884,1307.5433827177253
2023-09-03,Product B,East,CUST1194,returning,Mike Brown,1,259.5810284730094,0.09146431774801747,235.8386268033969
2023-09-03,Product A,West,CUST3137,new,Sarah Johnson,2,93.89878565514329,0.06300939735286887,175.96455951769298
2023-09-03,Product A,North,CUST3185,returning,Robert Wilson,4,115.88347424076619,0.16639992820455074,386.4018897880352
2023-09-03,Product B,South,CUST3174,returning,Robert Wilson,1,275.70508345568834,0.08132223464889321,253.28412996501217
2023-09-03,Product A,North,CUST2347,new,Mike Brown,2,114.736965760023,0.18218649805466614,187.66687954157254
2023-09-03,Product B,Central,CUST1113,new,Mike Brown,2,258.5296479957147,0.10106608492148902,464.80213727331426
2023-09-03,Product C,North,CUST2481,returning,Emily Davis,2,545.3369170627668,0.07802975853825031,1005.5688182047305
2023-09-03,Product A,East,CUST1981,returning,Emily Davis,3,108.64018511919113,0.16571135177647717,271.9118195575297
2023-09-04,Product C,South,CUST1383,new,John Smith,2,583.8938208566649,0.037180168879499355,1124.3690999790358
2023-09-04,Product A,South,CUST1154,new,Robert Wilson,2,83.15517265934578,0.16044071524704823,139.6273945627771
2023-09-04,Product A,East,CUST4862,new,John Smith,2,98.5448788960224,0.15678776558756485,166.18849504763574
2023-09-04,Product C,West,CUST4540,returning,John Smith,1,447.7322956585417,0.0013309797230643629,447.1363730516591
2023-09-04,Product C,East,CUST4336,new,Sarah Johnson,2,573.5304909015985,0.02603385838990089,1117.1985586383519
2023-09-04,Product B,West,CUST4811,returning,Robert Wilson,2,268.03702190502685,0.07466339172669173,496.048937482552
2023-09-04,Product B,North,CUST3236,returning,Emily Davis,3,299.98084811737647,0.1969266855639329,722.7198418948919
2023-09-04,Product C,North,CUST2881,new,Robert Wilson,1,478.48972774021587,0.05161663661832591,453.79169733784744
2023-09-04,Product B,East,CUST3425,new,Mike Brown,2,283.63019289201657,0.059611623968952004,533.4450729741927
2023-09-04,Product D,South,CUST1866,returning,Robert Wilson,3,89.17933547731445,0.009612532915029837,264.9662885390948
2023-09-04,Product C,West,CUST2356,new,Sarah Johnson,3,562.5792074365886,0.021748873451576268,1651.0312303426865
2023-09-04,Product D,South,CUST1256,returning,Emily Davis,3,86.67634915396825,0.061543212520767755,244.0260245323839
2023-09-04,Product E,Central,CUST2952,returning,Robert Wilson,2,1671.1197834319885,0.07483022189052267,3092.139038464261
2023-09-04,Product A,South,CUST2205,returning,John Smith,3,117.57771059596523,0.07994521611410246,324.5338053365082
2023-09-04,Product A,North,CUST4076,returning,Robert Wilson,2,103.79302165513542,0.11091785689486644,184.56104426501068
2023-09-04,Product A,North,CUST3157,returning,Mike Brown,3,93.47343379572932,0.05968561970012656,263.68324192239743
2023-09-05,Product E,South,CUST2006,returning,John Smith,3,1280.8469181921946,0.09337987579698494,3483.7247761693698
2023-09-05,Product A,West,CUST1931,returning,John Smith,2,92.69391595279346,0.050875987360099705,175.956042912842
2023-09-05,Product B,West,CUST1667,new,John Smith,4,284.5561190510304,0.0657288521569035,1063.410287886332
2023-09-05,Product D,Central,CUST2108,new,Mike Brown,1,80.22239369168122,0.09698233378530045,72.44223872961881
2023-09-05,Product D,South,CUST1448,new,Robert Wilson,3,68.48740469247747,0.05679221786437571,193.79355925264986
2023-09-05,Product A,West,CUST2380,new,Robert Wilson,1,109.95963510994015,0.10704775132286261,98.18870343513856
2023-09-05,Product E,South,CUST1613,returning,John Smith,1,1388.9240418746544,0.09039927936850224,1263.3663093915982
2023-09-05,Product C,South,CUST4289,returning,Mike Brown,4,570.2215309168406,0.06436612688452284,2134.0743180222416
2023-09-05,Product A,East,CUST3989,returning,Emily Davis,3,96.31369245398331,0.1429173056784955,247.6463970855383
2023-09-05,Product B,South,CUST4223,returning,John Smith,1,229.2386822314252,0.07936398563501303,211.04538674782106
2023-09-05,Product D,North,CUST1215,returning,Mike Brown,2,82.10151974454148,0.03529510622714408,158.40747576749584
2023-09-06,Product A,South,CUST1136,returning,John Smith,1,99.9186424288596,0.1917618465645186,80.75805905048163
2023-09-06,Product C,Central,CUST1634,returning,Sarah Johnson,4,503.0160309910885,0.04576882070499623,1919.9743218276742
2023-09-06,Product C,South,CUST3060,returning,John Smith,2,509.350102403264,0.08175076854055817,935.4206801511702
2023-09-06,Product A,West,CUST1841,returning,John Smith,2,87.20317504653646,0.17989659755644166,143.0312411190915
2023-09-06,Product E,North,CUST1442,new,Sarah Johnson,4,1766.9244379566123,0.039477976606320145,6788.679345319303
2023-09-06,Product C,North,CUST1363,returning,Emily Davis,3,536.8533595607181,0.0601344669907081,1513.7099067940899
2023-09-06,Product A,East,CUST4014,returning,Emily Davis,3,89.37802031045162,0.18210927167734497,219.30436238325697
2023-09-06,Product D,North,CUST3057,new,Emily Davis,4,77.03390990738728,0.07710136127982736,284.3779623552806
2023-09-06,Product A,Central,CUST4211,returning,Sarah Johnson,2,105.87326171348579,0.06802136575333928,197.34323570994752
2023-09-06,Product B,East,CUST1010,new,John Smith,4,235.7747993041856,0.10431180063500448,844.7228217776368
2023-09-06,Product C,North,CUST4481,returning,Robert Wilson,4,522.7451492127951,0.05662854691250144,1972.5714040292632
2023-09-06,Product E,North,CUST3074,new,Emily Davis,1,1593.3558183172913,0.06398618033800685,1491.4030655838287
2023-09-06,Product C,Central,CUST4937,new,Mike Brown,4,407.3511649257319,0.06824541280449041,1518.2052660759412
2023-09-06,Product E,East,CUST3231,returning,Robert Wilson,1,1364.6700870288582,0.036164144561711464,1315.3179607225031
2023-09-06,Product E,North,CUST3065,returning,Sarah Johnson,2,1235.8459750952668,0.03778677414508855,2378.2946847124504
2023-09-06,Product A,Central,CUST3964,returning,Robert Wilson,2,117.51098186755856,0.1984005764383434,188.39347065439844
2023-09-06,Product C,East,CUST1026,returning,Mike Brown,3,417.5713951483381,0.04157220716082292,1200.6360918143928
2023-09-06,Product A,Central,CUST4222,returning,Emily Davis,4,109.76448362845585,0.11041447277203244,390.579584158102
2023-09-07,Product B,East,CUST3009,returning,Emily Davis,2,277.2984754570952,0.13530701142861953,479.5560949385665
2023-09-07,Product E,South,CUST4147,returning,Emily Davis,4,1507.146069546252,0.017075543398771067,5925.642925709711
2023-09-07,Product C,West,CUST3011,returning,John Smith,3,463.9548926250188,0.010713148206753953,1376.9534252972348
2023-09-07,Product C,Central,CUST3893,new,Sarah Johnson,1,599.1862331796084,0.02179771799519773,586.1253406421545
2023-09-07,Product C,West,CUST3542,new,Sarah Johnson,1,524.6686482602989,0.06764926134233604,489.17520175600777
2023-09-07,Product A,East,CUST1360,returning,John Smith,1,107.06898482919635,0.13449492141121233,92.66875012901531
2023-09-07,Product D,West,CUST4436,returning,Emily Davis,4,61.058345002530196,0.0764322877143172,225.56606403974706
2023-09-07,Product D,North,CUST4108,returning,Mike Brown,4,75.21848314976168,0.049876840304264286,285.86729151108807
2023-09-07,Product C,East,CUST2314,returning,John Smith,3,562.9810994009944,0.025215396210011266,1646.3559237625516
2023-09-07,Product C,Central,CUST2505,new,John Smith,1,591.0133653905065,0.09519727547075985,534.7505032385255
2023-09-07,Product B,West,CUST1784,new,Robert Wilson,4,234.5877486528188,0.07061512006277197,872.0892264657786
2023-09-07,Product B,Central,CUST1882,new,John Smith,3,245.41936770792844,0.18305386601387813,601.4832109629319
2023-09-07,Product D,East,CUST2337,new,John Smith,4,78.44588545965645,0.05118771085453168,297.7216806280794
2023-09-07,Product C,West,CUST1944,returning,John Smith,1,407.68660528390313,0.019296119853185814,399.8198356858065
2023-09-07,Product B,South,CUST3196,returning,John Smith,1,233.8012187713805,0.16813944877748693,194.49001072365593
2023-09-07,Product A,North,CUST4753,returning,Emily Davis,1,109.2633084743534,0.06379371915868344,102.29299565919189
2023-09-07,Product C,East,CUST3109,returning,Sarah Johnson,4,476.3073575840094,0.07421660271001267,1763.8297746333644
2023-09-07,Product C,West,CUST4963,returning,Mike Brown,4,568.598470909399,0.038127479928622504,2187.6769764894216
2023-09-07,Product C,West,CUST4446,returning,Sarah Johnson,4,553.430974526102,0.055110067641354246,2091.7254243405914
2023-09-07,Product B,West,CUST3619,returning,Sarah Johnson,3,209.74403298204146,0.14068797120677126,540.7067115272157
2023-09-07,Product C,West,CUST2248,returning,Robert Wilson,3,504.112128219092,0.049273747441970266,1437.817903592371
2023-09-08,Product C,East,CUST4810,new,Sarah Johnson,3,598.3933214226611,0.026435442256706933,1747.7235879821799
2023-09-08,Product D,South,CUST2721,new,John Smith,2,72.70016584989608,0.017009269834868678,142.927178223831
2023-09-08,Product E,South,CUST3359,returning,Emily Davis,3,1664.2343568378117,0.04222958203031292,4781.863306644193
2023-09-08,Product A,North,CUST3365,returning,John Smith,1,112.79082764106604,0.18393082096281643,92.04511811596925
2023-09-08,Product D,South,CUST3548,returning,John Smith,1,81.63262826093376,0.0344757139606369,78.81828511915481
2023-09-08,Product C,West,CUST4625,new,Sarah Johnson,1,474.16739294712187,0.09004522117120824,431.47088517702304
2023-09-08,Product A,South,CUST3266,new,Mike Brown,4,101.12121219580692,0.154898303514599,341.8308319093466
2023-09-08,Product B,East,CUST4195,returning,John Smith,1,263.2409288742543,0.12430964122202924,230.51754345094201
2023-09-08,Product A,North,CUST4621,returning,John Smith,3,85.97343979069066,0.14302087923831913,221.03232852205014
2023-09-08,Product B,North,CUST2269,new,John Smith,4,290.86521987833993,0.13620897474866545,1004.9870659546644
2023-09-08,Product D,Central,CUST2779,returning,John Smith,3,87.21921848580972,0.06255678779069757,245.2891930311673
2023-09-08,Product A,Central,CUST2649,new,Mike Brown,3,85.66905327065591,0.17569769025635712,211.85159545365852
2023-09-08,Product A,Central,CUST1017,new,Robert Wilson,4,100.58031512313622,0.14804047387035302,342.7614304411108
2023-09-08,Product A,Central,CUST2241,returning,Robert Wilson,2,100.63662087843342,0.10611430504402462,179.91527158387896
2023-09-08,Product A,North,CUST1022,new,Emily Davis,4,95.8483590519657,0.05542829060230366,362.1425934107176
2023-09-08,Product A,South,CUST3071,new,Mike Brown,3,116.89505818979757,0.0532501125776252,332.0111495442684
2023-09-09,Product D,North,CUST3056,returning,Mike Brown,2,76.12911066385726,0.05861720601327972,143.33326980093236
2023-09-09,Product E,West,CUST2740,returning,Sarah Johnson,4,1728.3196665540395,0.023071196964975796,6753.781052434119
2023-09-09,Product B,Central,CUST1692,new,Sarah Johnson,1,254.62192034350923,0.15588894000398537,214.9291790793804
2023-09-09,Product B,Central,CUST1290,new,Robert Wilson,4,292.9889568232561,0.08337800791817807,1074.2404850452317
2023-09-09,Product A,Central,CUST1386,returning,Sarah Johnson,1,112.45436063010956,0.1144360026556871,99.58553311839874
2023-09-09,Product A,Central,CUST3119,returning,Mike Brown,4,99.80599414642096,0.12356633787792007,349.89333180593036
2023-09-09,Product A,West,CUST1153,returning,Emily Davis,3,115.2682616400742,0.08052346061206048,317.95938694223696
2023-09-09,Product E,South,CUST3164,new,Sarah Johnson,4,1408.439397767434,0.03693003454174263,5425.702728631726
2023-09-09,Product D,Central,CUST3877,returning,Emily Davis,4,66.32031897079678,0.06810723910979244,247.21370059526006
2023-09-10,Product E,Central,CUST3927,returning,Mike Brown,1,1207.3713573905384,0.01990252994330273,1183.3416127973871
2023-09-10,Product B,South,CUST4336,returning,Robert Wilson,4,203.53166085948837,0.19945125280750553,651.7480644602844
2023-09-10,Product A,West,CUST4594,returning,John Smith,1,86.25740729983721,0.0886681831847486,78.60911970833378
2023-09-10,Product A,East,CUST2768,returning,Emily Davis,4,102.41747371392049,0.1861840442731139,333.3958970145097
2023-09-10,Product C,Central,CUST3334,returning,Robert Wilson,3,577.6686435301755,0.05553296176035497,1636.7669785165745
2023-09-10,Product C,East,CUST1058,returning,Mike Brown,4,565.1162610289587,0.07012520641003069,2101.9494663145524
2023-09-10,Product A,East,CUST3749,returning,Sarah Johnson,1,111.83461219077273,0.06803453392816211,104.22599647333676
2023-09-10,Product B,East,CUST1978,returning,John Smith,4,297.01814133028955,0.16175187742403685,995.8995973644692
2023-09-10,Product A,West,CUST3192,returning,Emily Davis,4,100.52876356409044,0.133863235499644,348.2866320504903
2023-09-10,Product A,West,CUST3826,returning,Emily Davis,1,92.24225970938589,0.1377182034426262,79.53882142072112
2023-09-10,Product C,Central,CUST4627,returning,Sarah Johnson,1,473.49035210267624,0.0416510878042127,453.7689638728001
2023-09-10,Product B,West,CUST2180,new,Robert Wilson,1,234.14711324550285,0.13408894016058504,202.7505749887529
2023-09-10,Product C,East,CUST3248,returning,John Smith,2,549.0691392815705,0.04456007555770574,1049.2051538975586
2023-09-10,Product C,North,CUST1460,returning,Robert Wilson,3,554.1171481179583,0.07519658333932104,1537.348295429278
2023-09-10,Product C,East,CUST3226,returning,Emily Davis,3,494.484547206505,0.05960097623487753,1395.038356379808
2023-09-10,Product A,North,CUST3043,new,Mike Brown,2,108.21451830908461,0.13229929936423324,187.79562671150944
2023-09-10,Product A,South,CUST4067,returning,Sarah Johnson,2,88.06191546619779,0.09855445273246713,158.76604316170776
2023-09-10,Product E,South,CUST2407,returning,Sarah Johnson,2,1447.5090922605764,0.054387235555993445,2737.5661485807163
2023-09-10,Product B,South,CUST4330,returning,Sarah Johnson,4,215.8663044227931,0.13392155836979885,747.828610139853
2023-09-10,Product B,South,CUST3396,returning,John Smith,4,211.24837547863785,0.08968084068324078,769.2137742909788
2023-09-10,Product D,South,CUST1614,returning,Emily Davis,4,87.44480325857062,0.038842384674562726,336.19295429043905
2023-09-10,Product C,Central,CUST2450,returning,Robert Wilson,4,470.8855566041725,0.030878430652777268,1825.3813983967045
2023-09-11,Product D,North,CUST4003,new,Emily Davis,3,73.37003192854462,0.05962521786086805,206.9859833710389
2023-09-11,Product A,East,CUST2093,returning,Robert Wilson,3,87.95284815664817,0.08903882465401894,240.36488979542045
2023-09-11,Product A,North,CUST1375,returning,John Smith,3,85.27415207026657,0.050823792475935006,242.82058878565806
2023-09-11,Product B,West,CUST1726,returning,John Smith,4,210.01378690429686,0.18241646846317167,686.8152542745518
2023-09-11,Product D,East,CUST1239,returning,John Smith,3,76.4685695910459,0.061085401308195245,215.39236899033963
2023-09-11,Product A,South,CUST2860,new,Robert Wilson,2,93.96488010009206,0.12407655712196089,164.61208257378956
2023-09-11,Product C,South,CUST3600,returning,Mike Brown,1,439.61300284825006,0.046159291279217786,419.3207781996461
2023-09-11,Product B,Central,CUST2434,new,Mike Brown,2,214.10577559817293,0.1542735870782121,362.1498191649601
2023-09-11,Product B,South,CUST4117,new,Robert Wilson,1,281.40271113025716,0.07168198849674766,261.2312052280645
2023-09-11,Product C,South,CUST3154,new,Robert Wilson,2,517.0928189185885,0.08982092161461712,941.2941307260411
2023-09-11,Product A,South,CUST3543,returning,Sarah Johnson,4,103.35369269388698,0.13798334215132596,356.37041900921355
2023-09-12,Product C,West,CUST1403,returning,Robert Wilson,2,438.36657112224066,0.04243708117616666,839.5271467172166
2023-09-12,Product A,East,CUST3612,new,John Smith,2,102.33646305856855,0.052697484433712596,193.88717777907686
2023-09-12,Product A,Central,CUST3486,returning,John Smith,3,99.55033640146273,0.1594861001748723,251.02032443309042
2023-09-12,Product C,North,CUST2501,returning,Sarah Johnson,4,534.7356459110792,0.06078458031168546,2008.9278563867051
2023-09-12,Product A,East,CUST4968,new,Sarah Johnson,2,108.10028841460166,0.12490899753752403,189.1951795104331
2023-09-12,Product D,East,CUST2615,new,Emily Davis,1,89.90568440852068,0.0036989495343217496,89.57312781904491
2023-09-12,Product E,East,CUST2637,returning,Sarah Johnson,4,1423.1584832033711,0.0900241509731128,5180.159396211218
2023-09-12,Product C,West,CUST3996,returning,Emily Davis,4,563.7130799196236,0.08562302835667795,2061.785035570542
2023-09-12,Product C,East,CUST3925,returning,Sarah Johnson,3,478.7960062728686,0.0923183670553841,1303.7830224633537
2023-09-12,Product B,North,CUST4409,returning,Sarah Johnson,3,231.12133718036844,0.09292819565753996,628.9309450147167
2023-09-12,Product A,East,CUST4812,returning,Robert Wilson,1,107.99958684989636,0.19127932911375833,87.3414983326851
2023-09-12,Product B,South,CUST2647,new,Sarah Johnson,3,290.97633849960863,0.1856314322019897,710.885952141106
2023-09-13,Product A,West,CUST1265,returning,Sarah Johnson,3,117.37277978354467,0.05374565372595236,333.19350901333746
2023-09-13,Product C,South,CUST1050,returning,Sarah Johnson,4,492.8309706010418,0.01623194953220275,1939.325452633357
2023-09-13,Product A,West,CUST3728,new,John Smith,4,106.74993607983171,0.10987729852809719,380.082165941331
2023-09-13,Product A,East,CUST3744,returning,Sarah Johnson,1,94.98421539457618,0.16743108946687935,79.08090472890557
2023-09-13,Product D,East,CUST4582,new,Robert Wilson,4,66.35239390761485,0.0749748832427295,245.51052368606332
2023-09-13,Product B,South,CUST1801,returning,Sarah Johnson,1,269.55897848761,0.13763709362809284,232.45766412721773
2023-09-13,Product E,Central,CUST3998,returning,Emily Davis,4,1745.0482159662,0.07832503403884064,6433.469020204917
2023-09-13,Product A,East,CUST3565,returning,Sarah Johnson,2,110.680992942632,0.08130034529580576,203.36517999742676
2023-09-13,Product B,West,CUST3860,new,Sarah Johnson,4,292.7029524046612,0.16830484843302085,973.7585054571879
2023-09-13,Product C,East,CUST2610,returning,Emily Davis,1,512.9909008099382,0.010684320773357237,507.5099414718714
2023-09-13,Product B,West,CUST2290,returning,Sarah Johnson,1,203.3346863054543,0.15562116445942548,171.69150564760753
2023-09-13,Product B,Central,CUST3354,returning,John Smith,1,208.9405881199208,0.142047896707526,179.26101704065255
2023-09-13,Product C,North,CUST3465,new,Mike Brown,1,540.8847080095514,0.057679245320056055,509.6868862464016
2023-09-13,Product A,North,CUST2008,new,Robert Wilson,1,84.4602841682783,0.06616823926989261,78.87169587662855
2023-09-13,Product B,South,CUST1146,new,Sarah Johnson,2,210.55608212802994,0.05927029657823325,396.1527213879015
2023-09-13,Product B,East,CUST3591,returning,Emily Davis,1,274.8282816759033,0.11809018561251662,242.3737588812269
2023-09-13,Product E,East,CUST4039,returning,Sarah Johnson,1,1656.6119774375468,0.06050444025208443,1556.3795970277893
2023-09-13,Product C,South,CUST3235,returning,Emily Davis,4,408.9635592678271,0.033448309081347105,1581.1376789377161
2023-09-13,Product E,East,CUST4560,new,John Smith,2,1649.2551095237786,0.005115103874678862,3281.637996645439
2023-09-13,Product B,Central,CUST3822,returning,Mike Brown,3,298.99058136240086,0.06065925122352309,842.5621097222153
2023-09-14,Product C,North,CUST3805,returning,Emily Davis,1,505.3975807604688,0.039139908903675705,485.616365489366
2023-09-14,Product A,North,CUST4246,returning,John Smith,3,82.18278311339016,0.09168007529033545,223.9447781099557
2023-09-14,Product B,Central,CUST4152,new,John Smith,3,249.67534600514696,0.1934366982858195,604.1369142916253
2023-09-14,Product C,West,CUST1768,new,Mike Brown,1,451.5079942064215,0.06635192111336301,421.54957139278423
2023-09-14,Product C,Central,CUST2695,returning,Emily Davis,4,484.8179419202131,0.0003389494769087565,1938.6144525296131
2023-09-14,Product B,Central,CUST4138,returning,Sarah Johnson,4,200.14023678277223,0.193636906637991,645.5428017534446
2023-09-14,Product D,Central,CUST3497,returning,Mike Brown,3,64.6938267846668,0.09332118027415051,175.96956753801075
2023-09-14,Product D,South,CUST4296,returning,Emily Davis,1,61.65072706714,0.016922819233831068,60.607422957348525
2023-09-14,Product A,West,CUST2381,returning,John Smith,3,116.89988838994707,0.0888434138740908,319.54230967165194
2023-09-14,Product A,West,CUST3124,returning,Robert Wilson,4,106.48855895163696,0.12976237715537703,370.68140160888817
2023-09-14,Product C,Central,CUST4576,returning,Robert Wilson,4,446.04565668893525,0.055635601074419484,1684.9185538896488
2023-09-14,Product D,North,CUST4970,new,Sarah Johnson,3,77.7235056976392,0.019594694757219533,228.6016119840988
2023-09-14,Product A,North,CUST4096,returning,John Smith,2,86.8402006661513,0.19627109085197275,139.59195950320316
2023-09-14,Product D,East,CUST4221,returning,Sarah Johnson,3,77.29859178341304,0.021431919570320125,226.9258037442358
2023-09-14,Product D,East,CUST4762,new,Robert Wilson,1,71.23111318822312,0.04855405998669826,67.77255344556283
2023-09-14,Product A,North,CUST3659,returning,Sarah Johnson,1,102.3608135717945,0.19984503611256882,81.90451308702731
2023-09-14,Product B,Central,CUST4103,new,Mike Brown,4,210.57796521646316,0.16999905379047403,699.1196415221642
2023-09-15,Product A,East,CUST4305,new,John Smith,2,98.44782415809065,0.11590233155170708,174.07498360395095
2023-09-15,Product A,South,CUST2221,returning,Mike Brown,3,105.03333883841835,0.06317924268484537,295.19223610183894
2023-09-15,Product A,Central,CUST4459,returning,Emily Davis,3,101.38431149964515,0.08160209930060686,279.33341653538236
2023-09-15,Product C,East,CUST2662,returning,Mike Brown,1,428.9703393557467,0.0335312141259621,414.5864430531226
2023-09-15,Product A,West,CUST4642,new,Mike Brown,4,93.03942803230998,0.07826170950516871,343.03201337247316
2023-09-15,Product E,South,CUST4490,returning,Robert Wilson,3,1732.4428812916296,0.0080533257306028,5155.472863376773
2023-09-15,Product E,North,CUST4805,returning,Sarah Johnson,1,1740.259936464846,0.06120631761218821,1633.7450340658122
2023-09-15,Product C,North,CUST1657,new,Mike Brown,3,451.83587374146464,0.01048511643368173,1341.294965989113
2023-09-15,Product B,East,CUST2630,returning,Robert Wilson,4,296.8670522801777,0.19639521749237027,954.2551319251734
2023-09-15,Product A,West,CUST1393,returning,Emily Davis,3,107.98164819608367,0.12543643128534102,283.3104468061733
2023-09-15,Product A,South,CUST4022,new,John Smith,3,85.13109576587854,0.1410155372595505,219.37886567687679
2023-09-16,Product D,West,CUST4585,new,Mike Brown,3,61.16209466065988,0.07677336513707256,169.39942450418656
2023-09-16,Product D,South,CUST3790,new,Emily Davis,1,69.25475150955457,0.04980574019655385,65.8054673484928
2023-09-16,Product D,South,CUST4776,returning,John Smith,1,85.25672284746912,0.026698870123137798,82.98046467704019
2023-09-16,Product A,Central,CUST2620,new,Robert Wilson,2,101.8983173211542,0.10507685498968349,182.38232521661305
2023-09-16,Product C,North,CUST4437,returning,Robert Wilson,4,463.3808739648937,0.031186328493888728,1795.7189032465571
2023-09-16,Product A,East,CUST4862,returning,Sarah Johnson,1,117.15910385947603,0.197502892205334,94.0198419990444
2023-09-16,Product C,South,CUST2168,returning,Emily Davis,4,490.60735147277074,0.06940622919770037,1826.2245807614995
2023-09-16,Product B,Central,CUST4730,new,Robert Wilson,3,262.8698948325715,0.18338161925163,643.9931635970066
2023-09-16,Product B,South,CUST4823,new,Robert Wilson,4,289.48770635256545,0.14799123680963344,986.5842505930613
2023-09-16,Product D,East,CUST4769,returning,John Smith,4,79.49352359006481,0.09344006980141284,288.2625727881956
2023-09-16,Product C,North,CUST1780,new,Mike Brown,4,467.7056332287688,0.097710186284122,1688.0241147194104
2023-09-16,Product D,South,CUST4131,new,John Smith,2,85.83762338664724,0.09589302063225769,155.212788792415
2023-09-16,Product A,South,CUST2627,returning,Emily Davis,3,80.04957503065502,0.13984559220357984,206.5649844145445
2023-09-17,Product B,Central,CUST1301,new,Sarah Johnson,4,202.3176083697012,0.18950355457552276,655.9108097216971
2023-09-17,Product A,North,CUST3005,returning,Emily Davis,2,88.19597740857552,0.059437617869711384,165.90763721143782
2023-09-17,Product D,North,CUST2925,new,Robert Wilson,3,75.95518183861498,0.09353609574287858,206.5518920339716
2023-09-17,Product C,South,CUST1541,new,Mike Brown,3,407.81789778166836,0.07910483145547931,1126.6725951393648
2023-09-17,Product D,West,CUST2677,new,Mike Brown,1,60.38035131167289,0.0843825002100348,55.285306304433675
2023-09-17,Product C,North,CUST3909,new,John Smith,2,447.7548837964521,0.007595003524768252,888.7083677515716
2023-09-17,Product A,North,CUST4097,returning,Emily Davis,4,91.00973239870784,0.1569067898187915,306.91874978303736
2023-09-17,Product D,South,CUST4683,returning,Mike Brown,4,70.25923428395906,0.07306785444849198,260.502171118545
2023-09-17,Product B,South,CUST1264,returning,Robert Wilson,3,271.29409885382086,0.1843156078250473,663.8710863726911
2023-09-17,Product A,North,CUST2693,new,Robert Wilson,3,112.58246224410465,0.1831825413262404,275.8779621043921
2023-09-17,Product A,East,CUST1547,returning,Emily Davis,2,99.83586609318743,0.06104412634914371,187.48294573843742
2023-09-17,Product E,West,CUST4672,new,John Smith,1,1726.975373533431,0.09122434709742007,1569.4331726295204
2023-09-17,Product C,East,CUST3691,returning,Mike Brown,3,418.8088359002211,0.02622435448311793,1223.4775335807353
2023-09-17,Product C,South,CUST4495,returning,Robert Wilson,3,481.3178141751818,0.09634499192650003,1304.8357597631798
2023-09-18,Product D,North,CUST3878,returning,Mike Brown,1,62.34135928055804,0.06249582092277456,58.44528485487793
2023-09-18,Product A,Central,CUST3127,returning,Robert Wilson,1,96.29510932212986,0.07598194245739223,88.9784198666875
2023-09-18,Product C,North,CUST3157,new,Emily Davis,3,412.45081121316264,0.035998634473019285,1192.8094356665993
2023-09-18,Product A,South,CUST2862,new,Mike Brown,2,90.44345274665258,0.0909579213257356,164.43380857458934
2023-09-18,Product B,South,CUST2508,returning,Robert Wilson,2,212.29398376323968,0.15085953163550597,360.5348256073633
2023-09-18,Product C,North,CUST4806,new,Robert Wilson,2,513.0486638175498,0.03586204176168103,989.2993824199003
2023-09-18,Product A,South,CUST4858,returning,Robert Wilson,3,94.36341082368091,0.19276092874624895,228.521496340933
2023-09-18,Product E,West,CUST4350,returning,Emily Davis,2,1663.250125466585,0.07174024842865782,3087.8562965332317
2023-09-18,Product D,West,CUST3860,returning,Robert Wilson,1,61.86857846049294,0.04462869561384523,59.1074645043183
2023-09-18,Product C,West,CUST1193,new,Robert Wilson,4,510.91355807380387,0.05340133578632971,1934.520366405265
2023-09-18,Product B,West,CUST4016,returning,Robert Wilson,3,236.8768880334138,0.148755259796659,604.9206150425376
2023-09-18,Product A,North,CUST1172,returning,Sarah Johnson,3,86.58777702939975,0.17621310379120003,213.98962826600655
2023-09-18,Product D,South,CUST4635,new,Mike Brown,2,67.99139536891735,0.05001752991027138,129.18126743482287
2023-09-18,Product C,Central,CUST2615,returning,Robert Wilson,3,483.1236372737309,0.09393585670304244,1313.2230135387993
2023-09-18,Product D,West,CUST1861,returning,Mike Brown,3,77.55852137049268,0.054242773625307134,220.0545961592385
2023-09-18,Product D,Central,CUST2553,new,Emily Davis,2,81.35883521651309,0.009733208845134234,161.1339053639078
2023-09-18,Product B,South,CUST1989,returning,Robert Wilson,2,258.6435203536999,0.18329356746066294,422.47165361497133
2023-09-19,Product B,East,CUST4775,returning,Sarah Johnson,1,292.8761838224946,0.10854548811527423,261.0857954921432
2023-09-19,Product B,West,CUST3915,new,Robert Wilson,2,212.91206798232196,0.19899319635908852,341.08803006219233
2023-09-19,Product D,North,CUST4868,returning,Mike Brown,2,61.11085366232165,0.05222517257406045,115.8386575673175
2023-09-19,Product D,North,CUST3774,returning,Mike Brown,1,78.3190201496757,0.0770919609317896,72.28125330808085
2023-09-19,Product A,East,CUST2884,new,Mike Brown,3,98.44136956628606,0.16299267518679494,247.18844217487543
2023-09-19,Product C,West,CUST2775,returning,Mike Brown,2,459.90741600298827,0.06430799904961604,860.6633806635135
2023-09-19,Product C,Central,CUST3664,returning,Emily Davis,4,513.9125481329833,0.07095206910038293,1909.797558025192
2023-09-19,Product B,West,CUST1680,returning,Mike Brown,2,282.347844942071,0.12462442830957679,494.32081236344874
2023-09-19,Product C,West,CUST2182,returning,Sarah Johnson,2,528.7588732657655,0.004667575280817971,1052.5817028387942
2023-09-19,Product B,North,CUST4707,returning,John Smith,4,262.83540178702617,0.13830068839836146,905.940339137682
2023-09-19,Product D,West,CUST1207,returning,Robert Wilson,3,67.13816790001829,0.06123499091480522,189.080888395872
2023-09-19,Product C,North,CUST2175,returning,Sarah Johnson,4,456.7097890332849,0.038057762793628484,1757.3137448669122
2023-09-19,Product A,East,CUST2886,new,Robert Wilson,4,100.60469667915851,0.10278425173763073,361.0564728387996
2023-09-19,Product E,South,CUST1411,returning,Mike Brown,3,1355.1823007208561,0.07636240493617019,3755.0919633326384
2023-09-19,Product B,North,CUST2955,returning,Sarah Johnson,1,269.2168930842439,0.15126030150304814,228.4950646666073
2023-09-19,Product C,East,CUST1153,new,Sarah Johnson,3,596.9397903350222,0.05000759004962785,1701.2648100469125
2023-09-19,Product E,South,CUST2126,returning,Mike Brown,3,1495.6307406851806,0.016812569424917212,4411.456035070111
2023-09-19,Product C,West,CUST4974,returning,Emily Davis,3,406.02055826239814,0.06114980619902031,1143.5774394355035
2023-09-19,Product A,East,CUST3305,returning,Mike Brown,2,94.6465205046516,0.19010914990425948,153.30670190023244
2023-09-20,Product B,West,CUST1670,new,Robert Wilson,3,243.07846521226938,0.12495263829747219,638.1155090120881
2023-09-20,Product B,Central,CUST2968,new,Sarah Johnson,3,288.34919151977476,0.10597605377464339,773.3732462802005
2023-09-20,Product B,Central,CUST4465,new,Mike Brown,3,279.45675639553156,0.12160275732867486,736.4221327911214
2023-09-20,Product A,Central,CUST4206,returning,Sarah Johnson,2,111.56254503924985,0.050324015618600275,211.8965395604877
2023-09-20,Product A,South,CUST4544,returning,Sarah Johnson,2,109.55704918581677,0.15174892696298867,185.8637690612754
2023-09-20,Product A,Central,CUST3425,new,Robert Wilson,1,100.00441485831291,0.14871942072308186,85.13181621083386
2023-09-20,Product B,Central,CUST1222,returning,Robert Wilson,4,245.99837895990402,0.06789162054034996,917.1886014480681
2023-09-20,Product C,East,CUST1388,new,Mike Brown,3,568.3059617032858,0.09375175135019007,1545.078847472546
2023-09-20,Product B,West,CUST1463,returning,John Smith,1,202.8206213133078,0.05759687077124518,191.13878819778157
2023-09-20,Product D,Central,CUST3951,returning,Robert Wilson,3,60.7280864096816,0.018060961250705755,178.8938363826205
2023-09-20,Product A,North,CUST3809,returning,Emily Davis,1,83.06026158878164,0.062064231284620706,77.9051903029744
2023-09-20,Product A,Central,CUST4321,returning,Sarah Johnson,3,87.35421105613213,0.1916575963241699,211.83633880895883
2023-09-20,Product B,Central,CUST3209,new,John Smith,2,292.0369596939178,0.079758642723096,537.4889763275029
2023-09-20,Product A,South,CUST2436,new,John Smith,3,90.89469730881117,0.1492831879326986,231.97694138512253
2023-09-20,Product C,East,CUST3675,returning,Mike Brown,3,476.52773206667314,0.00014224847421286934,1429.3798401715994
2023-09-20,Product B,North,CUST3971,returning,Sarah Johnson,1,250.9189222373139,0.13960589971962784,215.88916034169435
2023-09-20,Product A,South,CUST2484,returning,Mike Brown,3,86.40212101270352,0.12353026712563214,227.18653177134917
2023-09-20,Product C,West,CUST4139,returning,Sarah Johnson,1,555.1721150758792,0.011211581022276429,548.9477579263975
2023-09-21,Product D,East,CUST2461,returning,Mike Brown,3,80.34218344685135,0.07908143644177032,221.96582451901835
2023-09-21,Product A,South,CUST3765,returning,Emily Davis,2,113.76324243888232,0.09815286191488884,205.19410922557736
2023-09-21,Product B,South,CUST3824,returning,John Smith,3,213.55334240282724,0.16124349087503237,537.3577679572929
2023-09-21,Product C,North,CUST3421,new,Mike Brown,1,570.3185200152883,0.0013986361873149723,569.520851894899
2023-09-21,Product D,Central,CUST4802,returning,Robert Wilson,3,85.24232546211343,0.056446291839459074,241.29213684601447
2023-09-21,Product B,South,CUST1031,returning,Robert Wilson,4,202.20932755312856,0.13589936136809616,698.9168363039449
2023-09-21,Product E,North,CUST4359,returning,Emily Davis,3,1446.5764697513562,0.07255499402075744,4024.860367913934
2023-09-21,Product B,East,CUST3155,new,Emily Davis,4,247.85173012674946,0.11515929141054372,877.2372020419027
2023-09-21,Product B,Central,CUST1882,new,Sarah Johnson,2,296.3811671517031,0.14618392153316376,506.1100117377821
2023-09-21,Product C,North,CUST4261,new,John Smith,2,454.7925838661232,0.07899332967790763,837.7340067074382
2023-09-21,Product B,West,CUST2656,returning,Robert Wilson,2,204.74989086179016,0.17678488876768866,337.10640836118444
2023-09-21,Product E,Central,CUST4579,returning,Robert Wilson,2,1621.9571959849068,0.007450246901818314,3219.746428821277
2023-09-21,Product E,North,CUST2506,returning,Emily Davis,2,1200.003322005443,0.05379497384997814,2270.8983493565465
2023-09-21,Product A,Central,CUST4137,returning,Sarah Johnson,3,113.49512117860907,0.14881647691969804,289.8155312917028
2023-09-21,Product C,East,CUST2133,returning,Sarah Johnson,2,588.3119469007994,0.05743304982873592,1109.0467950792104
2023-09-21,Product C,West,CUST3142,returning,Robert Wilson,4,562.6772811437553,0.029492614642209106,2184.3298276922264
2023-09-21,Product B,North,CUST4539,returning,Mike Brown,3,233.93636692797986,0.060148406364730206,659.5964017995213
2023-09-21,Product A,East,CUST2918,returning,Robert Wilson,4,91.20826366007267,0.10555269151899419,326.32394376791177
2023-09-22,Product C,West,CUST3498,returning,Robert Wilson,3,468.44824741541663,0.06869616018866491,1308.8029547126037
2023-09-22,Product E,West,CUST1611,returning,Emily Davis,1,1359.76532395588,0.0784384088171975,1253.1074955799795
2023-09-22,Product C,Central,CUST4227,new,Sarah Johnson,3,430.4031515388318,0.021398168372716908,1263.5799373021675
2023-09-22,Product C,Central,CUST1631,returning,Robert Wilson,4,557.113893934787,0.022454676964371912,2178.416325656472
2023-09-22,Product B,South,CUST1560,new,Robert Wilson,2,212.56978951529575,0.19986238788079225,340.1701675829027
2023-09-22,Product A,West,CUST4361,returning,Emily Davis,2,114.43179381099642,0.08561043960815687,209.2704752753741
2023-09-22,Product D,West,CUST4095,returning,Robert Wilson,1,86.56928248954185,0.0030545793735490714,86.30484974486636
2023-09-22,Product B,West,CUST4799,returning,Mike Brown,4,274.042068554192,0.08167873383358476,1006.6346375101966
2023-09-22,Product A,West,CUST4533,returning,Robert Wilson,3,103.04885536207094,0.06316335887554429,289.61983058736723
2023-09-22,Product C,West,CUST4854,returning,Sarah Johnson,4,457.7327922625656,0.05486378527374939,1730.479354540474
2023-09-22,Product B,Central,CUST4319,returning,John Smith,3,233.39709245413425,0.0884900335194854,638.2313277585524
2023-09-22,Product D,East,CUST1377,new,Mike Brown,3,64.57988083305676,0.09868716613488542,174.62002621294138
2023-09-22,Product D,Central,CUST2984,returning,John Smith,4,76.03322624314912,0.021838261145277916,297.49117117093294
2023-09-22,Product C,Central,CUST2108,returning,Emily Davis,2,427.2904648243761,0.03570557646480543,824.0676249198142
2023-09-22,Product C,East,CUST2777,returning,Mike Brown,2,526.6437084230133,0.032464741989168135,1019.092712617683
2023-09-22,Product A,East,CUST4174,returning,Sarah Johnson,4,113.47319374376647,0.17297034973846753,375.38278294386515
2023-09-22,Product A,East,CUST3544,new,Mike Brown,4,91.58554919967628,0.15425907746255463,309.83058748493124
2023-09-22,Product B,South,CUST4118,new,Emily Davis,1,246.2639214089617,0.11109456165755013,218.9053390079637
2023-09-22,Product B,East,CUST3372,new,Sarah Johnson,4,200.2967058710491,0.15588232893692575,676.2959555259023
2023-09-22,Product D,North,CUST1577,returning,John Smith,3,64.14518355789306,0.033035533248437075,186.07833964121755
2023-09-22,Product D,North,CUST2431,new,Emily Davis,4,68.24512652641091,0.04956313419034802,259.45073665018054
2023-09-22,Product B,Central,CUST1062,returning,Sarah Johnson,3,283.76964915685187,0.1809560884726536,697.2594102545122
2023-09-22,Product A,East,CUST3925,returning,Mike Brown,1,113.28995198514104,0.12274226596133403,99.3844865678341
2023-09-22,Product A,East,CUST3969,returning,Robert Wilson,3,91.27009051643617,0.14085172257684134,235.2436231423557
2023-09-22,Product D,South,CUST2400,returning,Sarah Johnson,4,69.37382527647532,0.03023460883150978,269.1053392243823
2023-09-22,Product A,East,CUST2083,returning,Emily Davis,3,80.13666674735569,0.158969235710543,202.1922062464142
2023-09-22,Product B,Central,CUST3695,returning,Emily Davis,2,252.54581735645377,0.15820708238519965,425.1825608478074
2023-09-22,Product C,West,CUST1702,new,Mike Brown,3,534.7048087036003,0.05552257903611765,1515.0498561040874
2023-09-23,Product C,East,CUST1737,returning,Mike Brown,1,526.8668940651831,0.08246227747563402,483.4202500540545
2023-09-23,Product A,Central,CUST1717,returning,Mike Brown,1,114.11215933105889,0.07816350033574657,105.1927535268729
2023-09-23,Product E,North,CUST4584,returning,John Smith,2,1680.1608316469872,0.033205812627144414,3248.7394517757
2023-09-23,Product C,Central,CUST1771,returning,Robert Wilson,2,531.8905722488913,0.014136780451064146,1048.7427040100358
2023-09-23,Product E,Central,CUST4566,returning,Emily Davis,3,1233.59372916875,0.01334136227740781,3651.407724974314
2023-09-23,Product E,East,CUST4046,new,Emily Davis,3,1310.386232805762,0.06793554595127817,3664.093286019191
2023-09-23,Product A,South,CUST3075,returning,Robert Wilson,2,101.3471048234879,0.054542628926148695,191.63873458472182
2023-09-23,Product A,North,CUST4652,new,John Smith,4,106.86296253240816,0.1126512717917902,379.2988555827758
2023-09-23,Product B,West,CUST2740,returning,Robert Wilson,2,214.80478769034565,0.12307167119377267,376.73680697774256
2023-09-23,Product D,East,CUST3707,new,Sarah Johnson,1,84.50337316273601,0.05791054009593355,79.60973718295375
2023-09-23,Product B,North,CUST2159,returning,Mike Brown,1,275.3158928077055,0.16581756466731712,229.66368194812364
2023-09-23,Product D,North,CUST4654,returning,Mike Brown,1,77.88410032826053,0.05775163130849395,73.38616648130908
2023-09-23,Product B,East,CUST4297,new,Sarah Johnson,1,213.14578921163098,0.1242903617009934,186.65382197547368
2023-09-24,Product C,North,CUST3631,returning,John Smith,2,583.1864009807122,0.004324302497926535,1161.329053140389
2023-09-24,Product C,South,CUST4001,new,John Smith,1,553.9606945964049,0.05913732731101639,521.2009396826193
2023-09-24,Product B,Central,CUST1619,new,Sarah Johnson,1,213.83946356448632,0.178761948265372,175.61310444167674
2023-09-24,Product C,West,CUST4854,returning,Mike Brown,4,565.6912800738567,0.09637230972241316,2044.6972192932424
2023-09-24,Product A,East,CUST3259,new,Robert Wilson,4,87.52302050343869,0.19692796411112773,281.14916105136007
2023-09-24,Product D,West,CUST4822,new,Emily Davis,3,71.76661250858793,0.06270961110207207,201.79846844418384
2023-09-24,Product C,North,CUST3957,new,John Smith,1,460.28456601262786,0.09057491739413587,418.5943294682384
2023-09-24,Product A,West,CUST1330,returning,John Smith,3,91.22766480095785,0.0736326316774768,253.5309952796178
2023-09-24,Product B,South,CUST3886,new,Emily Davis,1,239.02791516962637,0.12519231487190113,209.10345715053643
2023-09-24,Product B,West,CUST4817,returning,Robert Wilson,4,212.39265596572167,0.0829955006162982,779.0600846264856
2023-09-24,Product C,West,CUST4937,returning,Emily Davis,2,592.9572305900074,0.04031260680625002,1138.107157800619
2023-09-24,Product C,North,CUST3929,new,Mike Brown,3,544.6285415707874,0.09817248010269289,1473.4830207302118
2023-09-24,Product B,Central,CUST4787,new,John Smith,2,252.41084647667444,0.0778176708057817,465.53764463548777
2023-09-24,Product C,North,CUST1219,returning,Emily Davis,1,510.2923581023431,0.026600270353976798,496.7184434172524
2023-09-24,Product A,East,CUST1824,returning,Robert Wilson,3,85.94775242663142,0.17734880678568754,212.11506326356997
2023-09-24,Product A,East,CUST2051,new,John Smith,2,85.43642489239313,0.1338727227408883,147.99763614160213
2023-09-24,Product B,North,CUST3169,returning,Sarah Johnson,2,273.14691615143306,0.063669837712895,511.51139265658713
2023-09-24,Product A,Central,CUST3792,returning,John Smith,2,90.12745333329848,0.07745244735337432,166.29372299781494
2023-09-24,Product B,West,CUST4900,returning,Emily Davis,4,218.18302086999526,0.09907966112833383,786.2620843929598
2023-09-24,Product A,South,CUST1151,new,Mike Brown,1,103.98818870744635,0.06378999679006367,97.35478248359381
2023-09-24,Product E,Central,CUST2528,returning,John Smith,3,1662.3894616661087,0.055114619255693,4712.302498295113
2023-09-25,Product B,West,CUST2944,returning,Sarah Johnson,4,248.10247956777448,0.19699025520969266,796.9148351982441
2023-09-25,Product A,West,CUST3209,returning,Robert Wilson,4,107.53470646076903,0.12163704261040084,377.81801115561404
2023-09-25,Product B,Central,CUST4396,new,John Smith,4,279.6130090946471,0.06264762902848288,1048.3836681173914
2023-09-25,Product C,North,CUST2079,new,Sarah Johnson,2,460.7543674833711,0.09544490866568288,833.5554179232125
2023-09-25,Product A,Central,CUST4453,returning,Robert Wilson,2,109.67685817885437,0.18399014229533234,178.99479487204397
2023-09-25,Product E,East,CUST2416,returning,Mike Brown,1,1742.8150848274222,0.03910247388400395,1674.6667034883096
2023-09-25,Product C,North,CUST4146,returning,Mike Brown,3,450.0933475630915,0.08336244434653123,1237.717397778358
2023-09-26,Product C,North,CUST4736,returning,Emily Davis,1,477.1429575205756,0.030872773036550772,462.4122312870543
2023-09-26,Product C,East,CUST1287,returning,Robert Wilson,4,541.8070482651543,0.06254053570139048,2031.6885808794498
2023-09-26,Product A,Central,CUST2665,returning,John Smith,1,87.98272390121122,0.05259285064547192,83.35546164369302
2023-09-26,Product C,East,CUST4138,returning,Emily Davis,1,444.2217125496865,0.021830330118031094,434.5242059191297
2023-09-26,Product C,East,CUST4851,returning,Robert Wilson,1,446.83173281718774,0.058629222024564276,420.634335946228
2023-09-26,Product A,West,CUST1449,returning,Robert Wilson,2,117.77334935508689,0.18163974412121708,192.7620566278604
2023-09-26,Product A,South,CUST4549,returning,Sarah Johnson,4,92.14766492016645,0.09588843228222699,333.2470791700149
2023-09-26,Product A,North,CUST1424,returning,Emily Davis,4,103.19173842791622,0.11350257406204992,365.91684197763993
2023-09-26,Product E,South,CUST3961,returning,Sarah Johnson,1,1753.302589710111,0.03198453733850062,1697.2240175638383
2023-09-26,Product C,North,CUST1646,returning,Emily Davis,3,509.6398787175931,0.017821841886984147,1501.6714721393591
2023-09-26,Product E,Central,CUST2492,returning,Mike Brown,4,1535.8821937241933,0.068512197215053,5722.6221198746925
2023-09-26,Product C,West,CUST2549,returning,Robert Wilson,1,403.1222933254371,0.029129675797808507,391.379471613998
2023-09-26,Product C,East,CUST1190,returning,Mike Brown,4,413.1141320707946,0.05069122344733695,1568.6914851709653
2023-09-26,Product A,West,CUST1455,returning,Mike Brown,1,118.57578353357125,0.09731346992482359,107.03676258886468
2023-09-26,Product B,South,CUST2427,new,Emily Davis,1,222.1668591602375,0.08950690458774309,202.28139129482355
2023-09-26,Product D,East,CUST1005,returning,Mike Brown,3,85.1517579652058,0.07187089930641832,237.095473628172
2023-09-26,Product D,Central,CUST2085,new,Sarah Johnson,4,77.08032477148916,0.018113500960839215,302.73652093871596
2023-09-26,Product E,North,CUST1450,new,Emily Davis,1,1432.3353272658326,0.05262524067645779,1356.9583359390751
2023-09-26,Product C,East,CUST2298,returning,Sarah Johnson,3,459.21690138035734,0.017491122391663727,1353.554047061979
2023-09-27,Product B,Central,CUST3926,returning,Mike Brown,2,272.91389496952473,0.13278759606834487,473.34862984574556
2023-09-27,Product A,West,CUST4156,new,Mike Brown,3,118.25150341336959,0.11560260574448418,313.74396445674387
2023-09-27,Product D,West,CUST4606,new,Mike Brown,4,83.53132050386549,0.08727941711950027,304.9630221562638
2023-09-27,Product A,North,CUST2706,returning,Mike Brown,3,89.31663318403919,0.11677234347508769,236.66076184750247
2023-09-27,Product B,South,CUST3112,new,Robert Wilson,2,230.49410567614453,0.11965997087314902,405.8263754090091
2023-09-27,Product A,West,CUST1215,returning,Mike Brown,4,98.12789928417907,0.11112529718495265,348.8936292563582
2023-09-27,Product A,East,CUST2104,returning,Mike Brown,3,88.78238567655178,0.05638213539059535,251.32993556110918
2023-09-27,Product B,East,CUST2599,new,Mike Brown,3,210.30736366515268,0.13419342357048675,546.2564955985274
2023-09-27,Product D,South,CUST3809,new,John Smith,3,67.2195248002574,0.04199602122261923,193.18971663051423
2023-09-27,Product A,Central,CUST3374,returning,Robert Wilson,2,107.49170465714155,0.10178544617101311,193.10122707786326
2023-09-27,Product A,South,CUST3670,returning,Mike Brown,2,116.73877600405432,0.09094395329846161,212.24418042204405
2023-09-27,Product A,South,CUST1299,returning,Emily Davis,3,102.87069352084188,0.16027241913963258,259.1500758350545
2023-09-27,Product A,North,CUST2971,new,Mike Brown,4,109.79529147199823,0.10414315306081284,393.44345450749347
2023-09-27,Product C,East,CUST1786,returning,John Smith,2,480.19111191885264,0.04456697042398479,917.5808976722095
2023-09-28,Product C,Central,CUST1409,returning,Sarah Johnson,3,591.2433916921055,0.041467894784339876,1700.1773188004433
2023-09-28,Product A,East,CUST4098,returning,Sarah Johnson,4,102.52516261539716,0.08502142606031701,375.23330833108076
2023-09-28,Product A,North,CUST1408,new,Emily Davis,4,103.88870414176021,0.07802133060494212,383.1326768391877
2023-09-28,Product C,East,CUST1055,new,Emily Davis,1,564.2620611707524,0.04439245332136304,539.2130839592137
2023-09-28,Product A,Central,CUST2894,returning,Emily Davis,4,86.0001544290989,0.17801813411143147,282.762269617343
2023-09-28,Product B,East,CUST4328,returning,John Smith,4,281.8175416620549,0.0747473524037475,1043.009706247534
2023-09-28,Product A,West,CUST2586,new,John Smith,2,100.07563091020555,0.12056278394641722,176.0204684849541
2023-09-28,Product C,South,CUST2235,returning,John Smith,2,507.35080723512993,0.07258906102643946,941.0453770538516
2023-09-28,Product B,Central,CUST4116,returning,Robert Wilson,4,294.1439608588087,0.185699643817072,958.0861283855407
2023-09-28,Product A,Central,CUST3824,returning,Mike Brown,1,115.78504755937493,0.17081864507856684,96.00680261492509
2023-09-28,Product B,East,CUST3093,returning,Emily Davis,1,250.70084289612893,0.11077688670018879,222.92898402698262
2023-09-28,Product B,East,CUST4220,new,Emily Davis,3,248.06791685855006,0.09625261102102323,672.5721964511056
2023-09-28,Product D,South,CUST3194,returning,John Smith,2,69.87178242303622,0.07718250559304661,128.9578063707482
2023-09-28,Product A,Central,CUST2799,new,Emily Davis,2,90.17930199840086,0.10002260626542323,162.31866636264823
2023-09-28,Product A,South,CUST4146,new,Robert Wilson,3,113.4119901939877,0.19913063178835227,272.4845668028535
2023-09-28,Product D,East,CUST1694,returning,Sarah Johnson,4,73.09111279543005,0.00787635739867496,290.0616842735455
2023-09-28,Product D,North,CUST2179,returning,Emily Davis,3,62.486654134359675,0.09934311455262963,168.8371058840383
2023-09-28,Product B,East,CUST4152,new,Robert Wilson,4,244.57249847918595,0.14713495486433883,834.3493398175694
2023-09-28,Product C,Central,CUST1031,returning,Emily Davis,1,405.79833576350893,0.03035838299353749,393.4789544682602
2023-09-28,Product A,East,CUST2420,new,John Smith,4,81.34564022338256,0.17023433263629362,269.99127778833196
2023-10-01,Product D,East,CUST2915,new,Robert Wilson,3,81.6800440788622,0.09360264368996433,222.10372804910367
2023-10-01,Product B,West,CUST2019,returning,Sarah Johnson,2,260.3904195560477,0.0814126358006387,478.3826983255113
2023-10-01,Product B,East,CUST4189,returning,Emily Davis,2,258.23826127333706,0.13155807926193158,448.529863256552
2023-10-01,Product A,North,CUST2156,new,Sarah Johnson,3,91.91863445681344,0.11033476790016528,245.33043977496237
2023-10-01,Product E,South,CUST3664,returning,Emily Davis,4,1582.3538562420563,0.05778167638929489,5963.6911911493
2023-10-01,Product B,South,CUST1888,returning,Robert Wilson,2,208.76116915097174,0.08054800015474226,383.8917489317902
2023-10-01,Product A,West,CUST3707,returning,Robert Wilson,4,108.87319276313399,0.1862047978466982,354.40192765500007
2023-10-01,Product B,North,CUST1944,returning,Mike Brown,1,248.95343921561533,0.11008606261651584,221.54713531752813
2023-10-01,Product B,West,CUST1477,new,Emily Davis,1,233.7613679621335,0.09047448875625055,212.61192770479772
2023-10-01,Product A,South,CUST1878,returning,Mike Brown,3,92.42728205127867,0.19878305929057527,222.16291248963785
2023-10-01,Product C,East,CUST2109,returning,Emily Davis,2,585.6368729166416,0.04817163192525484,1114.8515780652876
2023-10-01,Product D,North,CUST1392,new,Sarah Johnson,2,72.90311701829648,0.03603662220700541,140.55186986519004
2023-10-01,Product C,Central,CUST2427,returning,Mike Brown,1,545.9242881931805,0.09244722752437778,495.45510131150155
2023-10-01,Product B,Central,CUST3611,returning,Emily Davis,3,257.2512133041684,0.12419100194892488,675.9087821140414
2023-10-01,Product C,North,CUST2209,returning,Robert Wilson,4,421.8666966035477,0.0473495535316624,1607.5659874779699
2023-10-02,Product D,East,CUST3322,returning,Emily Davis,4,77.07153867285102,0.05426601869600611,291.55669245720054
2023-10-02,Product A,East,CUST3917,returning,Robert Wilson,1,106.3095252309628,0.11430972044623597,94.15731312103938
2023-10-02,Product C,North,CUST1252,returning,Mike Brown,1,408.52436194659344,0.052613521224009856,387.0304567587913
2023-10-02,Product A,West,CUST2537,returning,John Smith,2,94.66560342024577,0.11670693371091538,167.2349422343507
2023-10-02,Product D,South,CUST2939,new,Mike Brown,4,85.90975532628872,0.0728052743905545,318.62028806773145
2023-10-02,Product C,West,CUST2604,new,Robert Wilson,1,592.7785045415194,0.005573518023731905,589.4746428623764
2023-10-02,Product C,East,CUST1781,returning,Mike Brown,1,427.23417853741455,0.09703061936456477,385.77938158021817
2023-10-02,Product A,West,CUST4396,returning,Robert Wilson,2,113.79712334131969,0.1703569443945323,188.82198625600952
2023-10-02,Product A,East,CUST2260,returning,Mike Brown,4,80.50705670233963,0.17547326697504873,265.5208817929384
2023-10-02,Product B,South,CUST4792,returning,Mike Brown,3,272.11235189033425,0.1243353516905824,714.8375007560941
2023-10-02,Product C,Central,CUST4124,returning,John Smith,3,556.4575210754493,0.04883988587157119,1587.840597761241
2023-10-02,Product D,East,CUST2396,returning,Emily Davis,4,84.95729886764781,0.07233183519607721,315.2487261089969
2023-10-02,Product B,North,CUST3648,returning,Mike Brown,2,223.95761424056118,0.1828933681941597,365.9945036787533
2023-10-02,Product C,West,CUST1724,new,John Smith,4,463.04725120687493,0.04019106544006238,1777.7475553271138
2023-10-02,Product B,West,CUST4411,returning,Sarah Johnson,4,229.27005985446547,0.18135564954339434,750.7625569148239
2023-10-02,Product B,North,CUST3292,returning,Mike Brown,3,294.7492417013262,0.19399487205680965,712.7082008059073
2023-10-02,Product A,North,CUST1659,returning,Mike Brown,2,107.92833985809361,0.18424878159829772,176.08534947862574
2023-10-02,Product B,East,CUST4185,returning,Emily Davis,2,240.18595085224857,0.0710588425794893,446.23723036166734
2023-10-02,Product A,East,CUST2443,returning,Emily Davis,4,101.44668661432463,0.10047964131735249,365.0134397219337
2023-10-02,Product E,North,CUST3021,returning,John Smith,3,1397.3078433222045,0.06910254866870436,3902.2509302216085
2023-10-02,Product B,East,CUST1830,returning,Sarah Johnson,3,284.00432135278237,0.17869991467706325,699.7583200773687
2023-10-02,Product C,North,CUST3913,returning,John Smith,3,519.8014425403311,0.016894172932228724,1533.0594812388983
2023-10-02,Product C,South,CUST3733,returning,Sarah Johnson,1,489.6801250829482,0.03102882877565252,474.4859243269093
2023-10-03,Product A,Central,CUST4809,returning,Emily Davis,3,85.21130314590398,0.173971048677261,211.16101013536525
2023-10-03,Product D,North,CUST2481,returning,Sarah Johnson,2,78.88873002617527,0.06971210372237521,146.77846139212815
2023-10-03,Product A,West,CUST2699,returning,Sarah Johnson,1,100.65146798715962,0.08192337284782275,92.40576024756685
2023-10-03,Product B,South,CUST3372,returning,Robert Wilson,2,275.0129406918184,0.1454127716708351,470.0450934809482
2023-10-03,Product B,Central,CUST1281,returning,Sarah Johnson,4,259.9318969616129,0.08640221952096497,949.892816559339
2023-10-03,Product D,South,CUST4786,returning,Emily Davis,4,68.2241194092856,0.021283274277604427,267.08834705419895
2023-10-03,Product C,West,CUST3150,returning,Emily Davis,2,493.53889101053846,0.06833826894351941,919.6225950851479
2023-10-03,Product D,East,CUST2558,returning,Sarah Johnson,3,85.2691375666091,0.09459418542034286,231.60951887100168
2023-10-03,Product B,West,CUST1008,returning,Emily Davis,3,247.58716964558656,0.13167598533974265,644.9576553750778
2023-10-03,Product A,Central,CUST4057,new,Sarah Johnson,4,83.0917215405634,0.07907571915144523,306.08473561684684
2023-10-03,Product A,East,CUST3809,new,John Smith,1,117.88818358992717,0.19216737623312935,95.23392066056141
2023-10-03,Product A,Central,CUST3996,returning,Emily Davis,2,89.56621595722234,0.08821320061304688,163.3305867616728
2023-10-03,Product C,South,CUST1368,new,Emily Davis,1,443.9886874665972,0.06796755617894944,413.8118614083932
2023-10-04,Product A,East,CUST2731,returning,John Smith,2,116.97071441748544,0.16440294636033193,195.48076865875575
2023-10-04,Product A,Central,CUST3004,returning,Emily Davis,1,95.65513174364169,0.10314196561305876,85.78907343462639
2023-10-04,Product C,East,CUST2434,returning,Mike Brown,3,423.104361195838,0.07498336138466634,1174.1357219305862
2023-10-04,Product E,North,CUST2377,returning,John Smith,2,1446.3163521208319,0.01631033894248395,2845.4528843993685
2023-10-04,Product A,North,CUST3541,returning,Emily Davis,2,84.68511722969241,0.17326837689092725,140.02372884097142
2023-10-04,Product E,East,CUST3572,returning,John Smith,2,1493.4722969955053,0.017326819637598967,2935.190343743427
2023-10-04,Product A,North,CUST2882,new,Sarah Johnson,3,111.64971590230527,0.15102206313475322,284.3644363749902
2023-10-04,Product A,South,CUST3428,returning,Mike Brown,1,83.79708943884178,0.12242618157768666,73.53813175152048
2023-10-04,Product B,East,CUST2304,returning,John Smith,1,275.24954845316864,0.10095990580175437,247.4603799693613
2023-10-04,Product A,Central,CUST2694,returning,John Smith,2,114.67730818278088,0.062219208259383624,215.08435372466184
2023-10-04,Product D,West,CUST3839,new,John Smith,1,75.4343174662709,0.028612769167490504,73.27593275330129
2023-10-04,Product A,South,CUST4574,returning,Sarah Johnson,2,88.20126333439285,0.17009428280283712,146.39746541045025
2023-10-04,Product C,West,CUST1246,returning,Sarah Johnson,3,517.6861703562097,0.020070154217437255,1521.8883872427782
2023-10-04,Product B,North,CUST4476,returning,Mike Brown,1,297.1732960023852,0.09438508459618462,269.12456931947304
2023-10-04,Product C,Central,CUST2090,returning,Mike Brown,1,424.5640496148598,0.06021512090718886,398.9988740344553
2023-10-05,Product C,Central,CUST2495,returning,Sarah Johnson,1,444.56698984137745,0.051877185664515296,421.50410556906166
2023-10-05,Product D,South,CUST2699,returning,Sarah Johnson,1,72.76096887130419,0.016062020742204253,71.59228068007043
2023-10-05,Product A,Central,CUST1730,returning,Robert Wilson,3,118.11828195599503,0.14645548862302318,302.4576337704533
2023-10-05,Product A,North,CUST1914,returning,Mike Brown,2,85.98504332781378,0.13177424919633493,149.30885760235358
2023-10-05,Product A,East,CUST1200,returning,Mike Brown,1,82.78845453874305,0.15318902134676196,70.10617220914212
2023-10-05,Product C,East,CUST3814,returning,Robert Wilson,3,433.44537140465405,0.06639882276638519,1213.9953270295393
2023-10-05,Product D,South,CUST4107,new,Robert Wilson,3,62.57601159279126,0.08057169507169076,172.6024688038029
2023-10-05,Product D,Central,CUST2365,new,Sarah Johnson,3,77.51159964510241,0.05835113447943,218.96612961148588
2023-10-05,Product D,Central,CUST2129,returning,Robert Wilson,4,61.48840818581264,0.07651218034658862,227.13518403790036
2023-10-05,Product B,West,CUST4499,returning,Mike Brown,1,237.0242411668888,0.11679410959065438,209.34120596840148
2023-10-05,Product B,Central,CUST4684,returning,Robert Wilson,4,257.0774216360039,0.1516920943799921,872.3232365209208
2023-10-05,Product A,North,CUST2761,new,Mike Brown,4,94.61861379803574,0.12589022327446275,330.82822152432345
2023-10-05,Product D,Central,CUST2612,new,Emily Davis,3,72.32464268574758,0.024348120483816172,211.69102071505813
2023-10-05,Product A,North,CUST1671,returning,John Smith,3,92.33923825580716,0.194797313857846,223.05540803968879
2023-10-06,Product C,North,CUST3917,returning,Robert Wilson,4,552.4022195230563,0.02019698827038501,2164.981433499258
2023-10-06,Product B,North,CUST2117,returning,Emily Davis,2,219.0098467940477,0.1547927995075873,370.21739897813853
2023-10-06,Product D,West,CUST2346,returning,Emily Davis,4,70.72507200493374,0.018358244370003496,277.7067353999243
2023-10-06,Product A,West,CUST1291,returning,Emily Davis,2,115.4255721352627,0.11864633582846479,203.46150188101925
2023-10-06,Product C,East,CUST3354,new,John Smith,4,446.7219052581122,0.04873483318687179,1699.8039508977463
2023-10-06,Product A,West,CUST4367,returning,John Smith,1,114.24810761428812,0.125909487415479,99.86318694638462
2023-10-06,Product C,South,CUST1627,returning,Mike Brown,4,423.586289987189,0.06609729329453419,1582.3535309694487
2023-10-06,Product B,West,CUST4341,returning,John Smith,1,200.53523708641887,0.13250742078687644,173.96283004321276
2023-10-06,Product D,North,CUST1897,new,Sarah Johnson,2,72.36750370789701,0.07950960623702694,133.22718396745108
2023-10-06,Product B,East,CUST4114,new,Robert Wilson,4,248.17335278921993,0.0921619907908514,901.2048101397005
2023-10-06,Product C,North,CUST4993,returning,Robert Wilson,3,462.4982266573721,0.06188960488919507,1301.6231824427819
2023-10-06,Product A,East,CUST4661,returning,Robert Wilson,3,101.44114331583445,0.0785050998340195,280.43248869764335
2023-10-06,Product A,North,CUST1556,returning,Robert Wilson,3,91.77640742860447,0.1947027758664508,221.7218584296145
2023-10-06,Product B,North,CUST1435,returning,Sarah Johnson,1,283.0507152999391,0.141015034972839,243.1363087828311
2023-10-06,Product A,West,CUST2797,new,Sarah Johnson,4,91.01489637713975,0.05104942782147301,345.47455197542445
2023-10-07,Product C,North,CUST2340,returning,John Smith,1,428.9656929388661,0.02102052162804593,419.94861031275497
2023-10-07,Product A,South,CUST1538,returning,Sarah Johnson,2,112.63549437115947,0.11477390115883208,199.41575854645563
2023-10-07,Product A,West,CUST2051,returning,Robert Wilson,3,97.91596649751149,0.16785650859546297,244.44040267646668
2023-10-07,Product D,North,CUST1230,returning,Sarah Johnson,4,66.77062354141587,0.021022588464253977,261.4677288048122
2023-10-07,Product B,Central,CUST3428,returning,John Smith,3,244.8195917767434,0.17125850422422612,608.6764640528181
2023-10-07,Product D,South,CUST1810,returning,Robert Wilson,1,85.6574753450902,0.03866881682441558,82.34520212132902
2023-10-07,Product C,North,CUST4952,returning,John Smith,4,407.6002695551249,0.027720418565694283,1585.205677902268
2023-10-07,Product C,Central,CUST2393,returning,Robert Wilson,2,535.2068146632472,0.03915888059513065,1028.4974298282978
2023-10-07,Product B,North,CUST1547,returning,Emily Davis,3,245.25900255395507,0.11680457471644522,649.8348871957824
2023-10-07,Product A,Central,CUST2555,returning,John Smith,1,115.75461900868333,0.09993491851970036,104.1866905897716
2023-10-07,Product C,North,CUST3997,returning,Robert Wilson,1,416.22293425022474,0.08244583961993368,381.9070849668925
2023-10-07,Product C,South,CUST4342,returning,Emily Davis,2,494.4355765295017,0.04088455900751581,948.4415920509324
2023-10-07,Product D,East,CUST1041,returning,Robert Wilson,2,76.22734577877317,0.049384659796084286,144.92576848065994
2023-10-07,Product B,South,CUST2811,returning,Sarah Johnson,3,251.2004036440316,0.10110458608654957,677.4086724264828
2023-10-07,Product D,North,CUST3455,returning,John Smith,3,74.89155841677274,0.010530343302684809,222.30877378851315
2023-10-07,Product C,North,CUST2517,returning,Robert Wilson,2,505.71968243339313,0.004948054103805866,1006.4347081667064
2023-10-07,Product A,East,CUST3995,returning,Mike Brown,3,108.96959211861694,0.11952888636491632,287.83373437511847
2023-10-08,Product B,East,CUST3389,returning,Mike Brown,1,215.6812929473291,0.13556921877146527,186.44154855884017
2023-10-08,Product C,East,CUST3688,returning,Emily Davis,1,470.7407916194956,0.020571718100825465,461.0568447557399
2023-10-08,Product D,Central,CUST2088,returning,Robert Wilson,2,62.78779900652732,0.018426543652582884,123.2616737745679
2023-10-08,Product A,Central,CUST4173,returning,Mike Brown,3,95.35028574141545,0.09529211417541639,258.7924662776577
2023-10-08,Product A,East,CUST3281,new,John Smith,3,84.76225298212749,0.1793684969093351,208.67572521022342
2023-10-08,Product B,South,CUST3160,returning,Robert Wilson,3,270.0045474579509,0.08532900679574318,740.8959827790895
2023-10-08,Product C,South,CUST1536,returning,Sarah Johnson,2,498.36243879413456,0.038505773454187125,958.3452152557028
2023-10-08,Product A,East,CUST1044,returning,Robert Wilson,1,87.60529162065207,0.09049485004214963,79.67746389254238
2023-10-08,Product C,North,CUST4415,new,Sarah Johnson,2,498.9078448427791,0.09663075644252304,901.3960048010249
2023-10-08,Product D,North,CUST4143,returning,Sarah Johnson,3,86.21473330384532,0.03824088584867783,248.75341658729633
2023-10-08,Product C,East,CUST4645,returning,Sarah Johnson,2,544.0475031367373,0.03469267554965362,1050.3460792536307
2023-10-08,Product D,South,CUST3377,new,Sarah Johnson,4,63.346779646617094,0.012114001641391581,250.31758661600443
2023-10-08,Product A,West,CUST3136,returning,Sarah Johnson,3,101.56595586909398,0.12956663322107576,265.2191907517654
2023-10-08,Product C,South,CUST1496,returning,Sarah Johnson,4,490.8435516468678,0.06281932998219229,1840.0363544253278
2023-10-08,Product C,Central,CUST4233,returning,Mike Brown,3,500.0051683380904,0.05828224555057548,1412.591233021359
2023-10-08,Product A,South,CUST1874,returning,John Smith,4,108.49590479164546,0.13438877731159232,375.66109121352514
2023-10-08,Product B,South,CUST1949,returning,Emily Davis,2,267.49610689950595,0.17048900223563138,443.7819250645868
2023-10-08,Product D,West,CUST1364,returning,Robert Wilson,3,67.33914129283531,0.09136656253520167,183.55978628651008
2023-10-08,Product C,North,CUST1445,returning,Robert Wilson,1,468.22655053247667,0.07828640620939986,431.5707765994651
2023-10-08,Product A,West,CUST1944,new,Robert Wilson,1,118.01958383330167,0.0532771095334445,111.73184153832331
2023-10-08,Product B,North,CUST4791,returning,Robert Wilson,3,200.5974840725937,0.10040049763123968,541.3721905443917
2023-10-08,Product B,North,CUST4122,returning,John Smith,3,293.2534031460067,0.13195674898490176,763.6699123143027
2023-10-08,Product A,West,CUST2824,returning,John Smith,1,103.22343025138676,0.09726656321580493,93.18324194748801
2023-10-09,Product C,East,CUST4878,returning,Mike Brown,3,406.15583027753667,0.035599852225526044,1175.0902282173615
2023-10-09,Product A,Central,CUST3727,returning,John Smith,1,116.9127848710232,0.057495759266424376,110.1907955369116
2023-10-09,Product E,West,CUST3990,returning,Sarah Johnson,3,1680.254024425342,0.026649889670593865,4906.426320167506
2023-10-09,Product B,Central,CUST1991,returning,John Smith,1,277.4118289631836,0.1262651881430411,242.3843721860421
2023-10-09,Product A,West,CUST4811,returning,Mike Brown,4,84.88481917464351,0.18975805949125524,275.1089624311883
2023-10-09,Product A,Central,CUST1733,new,Sarah Johnson,3,118.59284719160243,0.08556997346826045,325.3345812116746
2023-10-09,Product D,Central,CUST4185,returning,Mike Brown,1,66.5023071980864,0.0033222683285506482,66.28136868910666
2023-10-09,Product A,West,CUST1602,returning,Emily Davis,2,106.87223178454484,0.15463845153251343,180.69135069911792
2023-10-09,Product D,South,CUST3419,returning,John Smith,2,75.4350383287638,0.09885092387276466,135.95643019517618
2023-10-09,Product A,Central,CUST3649,new,Emily Davis,1,116.65508818054968,0.16450870116691438,97.46431113945559
2023-10-09,Product A,South,CUST3118,returning,Sarah Johnson,1,82.93462637522161,0.1813212162417837,67.89681905230852
2023-10-09,Product C,East,CUST4505,new,Emily Davis,1,530.45393380502,0.03774024351143124,510.43447317162196
2023-10-09,Product B,South,CUST4022,new,Robert Wilson,3,203.35344020836294,0.059270163916937055,573.9019454224206
2023-10-09,Product B,South,CUST2574,returning,Emily Davis,1,266.2810936249765,0.14066109250930936,228.82570408111363
2023-10-10,Product D,North,CUST1800,returning,Emily Davis,3,78.90221789088694,0.07710917218837077,218.45439955648257
2023-10-10,Product D,North,CUST3666,new,John Smith,4,71.90589632492197,0.02607607797680114,280.1234902614461
2023-10-10,Product E,Central,CUST4365,returning,Emily Davis,1,1733.0793353219465,0.08961411642089469,1577.7709619997588
2023-10-10,Product C,Central,CUST2720,returning,Mike Brown,2,498.10746743248234,0.04800359575072838,948.3930358508687
2023-10-10,Product A,Central,CUST2912,returning,Emily Davis,1,110.52269062514759,0.06206436800995138,103.66316968073842
2023-10-10,Product B,South,CUST4454,returning,Sarah Johnson,4,279.74441974612296,0.059884597618146546,1051.968150934818
2023-10-10,Product B,North,CUST3373,returning,Robert Wilson,3,206.97727506029335,0.1884272103722311,503.931373530709
2023-10-10,Product B,South,CUST1085,returning,Robert Wilson,1,267.2095293909246,0.19047731738960055,216.31217505160365
2023-10-10,Product A,Central,CUST2478,new,Emily Davis,3,92.7259133933623,0.08667318058397572,254.06719067101594
2023-10-10,Product E,South,CUST2890,new,Emily Davis,2,1596.258905496158,0.0648201719882578,2985.5782574082173
2023-10-10,Product C,North,CUST4694,returning,Robert Wilson,4,474.7299180139644,0.004501781855313325,1890.3711499314988
2023-10-10,Product A,Central,CUST3983,returning,Robert Wilson,4,95.04839049518884,0.05838926867987078,357.9943379399039
2023-10-10,Product D,East,CUST2587,returning,Emily Davis,2,75.00480306249393,0.05914594313323521,141.13714649168034
2023-10-11,Product A,West,CUST4194,returning,John Smith,1,112.71153079121402,0.05725708306798942,106.25799730998123
2023-10-11,Product C,North,CUST4927,returning,Mike Brown,3,476.42405940695613,0.05815365592699639,1346.1547757425833
2023-10-11,Product C,North,CUST4736,returning,Mike Brown,1,495.6589310965821,0.09420138344704351,448.9671740694012
2023-10-11,Product A,South,CUST1361,returning,Mike Brown,2,101.48755358263945,0.1966172345399272,163.0667029139964
2023-10-11,Product B,East,CUST1580,returning,Mike Brown,2,246.71693109321296,0.12766322704395894,430.44050300694266
2023-10-11,Product B,Central,CUST2428,returning,Emily Davis,3,223.62692095640259,0.10990845572076116,597.1452942494869
2023-10-11,Product B,North,CUST2811,returning,Mike Brown,2,237.71241518731674,0.12251525864603316,417.1780343145388
2023-10-11,Product A,North,CUST3063,returning,Robert Wilson,1,100.29060638360485,0.09254093267839839,91.00962012998393
2023-10-11,Product D,North,CUST3734,returning,Emily Davis,1,89.62929956976188,0.015100381947457454,88.27586291257539
2023-10-11,Product A,South,CUST3733,returning,Robert Wilson,1,119.6187688926885,0.12580515242305496,104.57011143948563
2023-10-11,Product C,West,CUST4843,new,Robert Wilson,1,471.2652586950836,0.057930553863485834,443.96460124225854
2023-10-11,Product B,East,CUST3253,returning,Mike Brown,2,204.33274777296907,0.11836492180476192,360.2938361213389
2023-10-11,Product A,East,CUST1807,new,Robert Wilson,1,85.06795816971156,0.06919878866097298,79.1813585105052
2023-10-11,Product D,South,CUST4568,returning,Sarah Johnson,4,76.16476207968151,0.08057984839073994,280.109668394336
2023-10-11,Product A,West,CUST3810,returning,Sarah Johnson,4,118.22091919244193,0.15440633332918402,399.8674421485248
2023-10-11,Product A,North,CUST2347,returning,Robert Wilson,1,117.37187596148519,0.13341221432447153,101.71303409004624
2023-10-11,Product D,West,CUST4811,returning,Emily Davis,3,79.40947856051245,0.024787027097077564,232.32346099100468
2023-10-11,Product D,North,CUST2206,returning,Emily Davis,4,66.36656806559785,0.06069996926457934,249.35247769528178
2023-10-12,Product E,Central,CUST4130,new,Robert Wilson,4,1435.1818942446596,0.0010071855444557466,5734.9455991484465
2023-10-12,Product D,West,CUST4356,returning,Mike Brown,2,71.96090457204417,0.01022023455453086,142.45089449712336
2023-10-12,Product A,East,CUST2708,returning,Robert Wilson,4,91.69368511135444,0.07179583806590363,340.44184057373474
2023-10-12,Product B,South,CUST2785,returning,Mike Brown,2,252.00971905153645,0.07005470634528066,468.71050437444876
2023-10-12,Product B,North,CUST3783,returning,Emily Davis,3,212.78310668486148,0.08831096605010363,581.9760749231374
2023-10-12,Product C,North,CUST3966,returning,Emily Davis,4,595.4673766995435,0.03362134940718481,2301.7878398677935
2023-10-12,Product B,East,CUST1372,returning,Robert Wilson,3,237.08623272579268,0.13726616328763214,613.6269455736134
2023-10-12,Product A,Central,CUST1266,returning,Robert Wilson,1,80.88658194159443,0.06628325196794926,75.52515624993354
2023-10-12,Product A,West,CUST4096,returning,John Smith,3,101.18160163867206,0.19673340050397342,243.8274032395731
2023-10-12,Product C,West,CUST4350,returning,Sarah Johnson,3,540.9894320245538,0.03669630419704616,1563.4113577787805
2023-10-12,Product D,South,CUST4092,returning,Robert Wilson,1,63.436093648799556,0.04865358478198907,60.34970028821949
2023-10-12,Product E,East,CUST4409,returning,Sarah Johnson,4,1725.4646277420147,0.026325010141690242,6720.167015670314
2023-10-12,Product A,West,CUST4913,new,Mike Brown,1,109.81362724146835,0.07367253087235497,101.723379398316
2023-10-12,Product B,East,CUST4025,returning,Sarah Johnson,1,251.9153554968454,0.1407121942163011,216.46779306810475
2023-10-12,Product D,Central,CUST1736,returning,Mike Brown,4,68.00608942388266,0.07787696375915264,250.839926649669
2023-10-12,Product A,North,CUST1184,returning,Emily Davis,3,109.57263035710116,0.14457860649179477,281.19231645129287
2023-10-13,Product B,South,CUST4987,returning,Mike Brown,1,269.1357904030666,0.07875601564426066,247.93972788365224
2023-10-13,Product A,East,CUST1721,returning,John Smith,2,91.88479032219557,0.1028568936958897,164.86761242351278
2023-10-13,Product B,South,CUST2263,returning,Robert Wilson,4,202.1139741048806,0.06894580706609213,752.7162521635375
2023-10-13,Product B,North,CUST1440,returning,John Smith,4,282.2678268189892,0.06617735953758642,1054.352349430783
2023-10-13,Product B,West,CUST1525,returning,Mike Brown,4,283.4466805065493,0.11314397525885578,1005.5055852004459
2023-10-13,Product C,East,CUST1925,returning,Mike Brown,1,503.4104434505919,0.011780079176147908,497.48022856864424
2023-10-13,Product C,West,CUST1969,returning,Robert Wilson,1,567.7732584819742,0.0922693513442933,515.3851882112067
2023-10-13,Product B,South,CUST1459,new,Sarah Johnson,2,246.82434038260527,0.10262372202797894,442.98861577088303
2023-10-13,Product D,North,CUST3451,returning,John Smith,1,61.42902790346456,0.0828640038986097,56.338772695784066
2023-10-13,Product C,East,CUST2480,new,John Smith,3,458.1762447069939,0.09585060696191366,1242.7793206688948
2023-10-13,Product B,East,CUST1803,returning,John Smith,2,222.76015312287257,0.17906754475645664,365.7420788671749
2023-10-13,Product A,South,CUST1278,new,Robert Wilson,1,82.84647365391606,0.19366556358376996,66.80196464280246
2023-10-13,Product A,East,CUST3388,returning,Sarah Johnson,2,98.94676050734803,0.18632880270969998,161.0202581800209
2023-10-13,Product D,Central,CUST2275,returning,Emily Davis,3,70.02470677825849,0.016210610971156093,206.6686904949206
2023-10-13,Product B,Central,CUST4953,returning,Sarah Johnson,1,296.70335085917304,0.17593712473717277,244.50221640912557
2023-10-13,Product A,Central,CUST4645,new,Robert Wilson,3,80.13465736286413,0.08090884349807427,220.95316473456108
2023-10-13,Product A,South,CUST2226,returning,Mike Brown,1,95.21252441742115,0.14882464137260304,81.04255461681824
2023-10-13,Product A,West,CUST4119,new,John Smith,1,91.98248472361358,0.12182871177920802,80.77637710348505
2023-10-13,Product C,West,CUST3351,returning,Robert Wilson,3,429.80941135119434,0.025331842313685283,1256.764641353724
2023-10-13,Product B,Central,CUST2603,returning,Emily Davis,4,293.62226523848364,0.08312214612605187,1076.863009605872
2023-10-13,Product B,North,CUST1332,returning,John Smith,2,229.37794465503268,0.1795479731329287,376.3871992216489
2023-10-14,Product A,North,CUST3490,returning,Mike Brown,1,117.52740147051577,0.15000194603506317,99.89806253749425
2023-10-14,Product A,West,CUST2723,returning,Emily Davis,1,95.65673888441492,0.062188462546803776,89.7079933609521
2023-10-14,Product C,Central,CUST3505,returning,John Smith,3,423.62575696676635,0.02149112697372947,1243.5646861033538
2023-10-14,Product A,West,CUST2503,returning,John Smith,2,102.76639269005206,0.18913487627594822,166.6593674465871
2023-10-14,Product A,Central,CUST2999,returning,John Smith,1,117.35473494506378,0.18989213459998977,95.06999382092961
2023-10-14,Product D,East,CUST2539,returning,Mike Brown,4,67.85299553187639,0.07399459820596402,251.3289615616965
2023-10-14,Product D,North,CUST2396,returning,Mike Brown,3,61.415592451867795,0.09406188029304485,166.91617903960133
2023-10-14,Product B,West,CUST1494,returning,Emily Davis,1,285.7190493496181,0.09098103323460932,259.7240350249795
2023-10-15,Product A,North,CUST1531,returning,Sarah Johnson,1,86.73358812862777,0.11224040313637479,76.9985752316063
2023-10-15,Product B,East,CUST1404,returning,Sarah Johnson,2,284.86698443343863,0.1471931880347256,485.8730096576845
2023-10-15,Product C,North,CUST2568,new,Sarah Johnson,2,472.39238724582964,0.05685840370214149,891.0658203719759
2023-10-15,Product C,West,CUST2122,returning,John Smith,1,525.313328381281,0.005822387807126118,522.2547504631931
2023-10-15,Product A,East,CUST1468,returning,Emily Davis,4,114.10580249138738,0.05684172226677792,430.47932862857647
2023-10-15,Product E,South,CUST1728,returning,Mike Brown,3,1696.252726475067,0.07526119924438215,4705.772136177002
2023-10-15,Product C,Central,CUST1777,returning,Emily Davis,3,526.9811075167114,0.08103984301231063,1452.8239238793108
2023-10-15,Product D,West,CUST2908,new,Mike Brown,3,80.64707635793677,0.0060190951184791236,240.4849618029333
2023-10-15,Product A,West,CUST3677,returning,Emily Davis,3,118.66064718967277,0.13903714860093705,306.4872274598366
2023-10-15,Product A,North,CUST2433,returning,John Smith,1,101.2633669892236,0.05923557854707921,95.26497285999174
2023-10-15,Product A,East,CUST1139,returning,Emily Davis,3,111.19438232724615,0.11572620107614646,294.97883663851604
2023-10-15,Product D,South,CUST3919,new,John Smith,1,63.996065292412624,0.06441704402114243,59.873627937291374
2023-10-15,Product B,North,CUST2871,returning,Sarah Johnson,1,210.57760705499706,0.19171263026357926,170.20722013187313
2023-10-15,Product B,Central,CUST2172,returning,Robert Wilson,4,261.31489603765993,0.15766510020529612,880.4586270749829
2023-10-16,Product E,East,CUST4533,returning,John Smith,3,1599.750725618865,0.08386513982792979,4396.76222197502
2023-10-16,Product A,West,CUST4637,returning,John Smith,4,95.5147195493079,0.1484613709341724,325.33789336249856
2023-10-16,Product A,West,CUST1532,returning,Robert Wilson,2,102.31253415260284,0.12482863773843111,179.08199978153343
2023-10-16,Product D,South,CUST3052,returning,Sarah Johnson,4,77.46189191035693,0.004252868426905365,308.52982670385205
2023-10-16,Product D,South,CUST3305,returning,Mike Brown,1,60.82150272352804,0.03576627550982089,58.64614410019701
2023-10-16,Product B,Central,CUST2014,new,Emily Davis,3,287.80345058027575,0.09049802413001613,785.2734208948801
2023-10-16,Product A,Central,CUST2411,returning,Robert Wilson,4,81.65545347963943,0.058602372981085185,307.4810005555438
2023-10-16,Product E,East,CUST3749,returning,John Smith,3,1738.8023341833302,0.03372832358244562,5040.466339230249
2023-10-16,Product A,North,CUST1849,returning,John Smith,2,92.08578451395361,0.07754651784277375,169.88970516415299
2023-10-16,Product A,South,CUST2449,returning,Robert Wilson,1,96.35069441596038,0.08381457058874764,88.27510233755902
2023-10-16,Product C,West,CUST4493,returning,Mike Brown,1,569.4923733829633,0.07262709954952278,528.1317940885848
2023-10-16,Product B,West,CUST3006,returning,Sarah Johnson,1,210.7242473600519,0.07758696577889226,194.37479239134473
2023-10-16,Product A,East,CUST4212,returning,Robert Wilson,3,81.26780724919772,0.11374512668312807,216.07197065513307
2023-10-16,Product A,Central,CUST1807,returning,Sarah Johnson,3,90.24759769605663,0.1518491720368008,229.63072412280042
2023-10-16,Product C,East,CUST1653,new,Mike Brown,4,409.89063686847237,0.098063656905288,1478.7810483436501
2023-10-17,Product A,East,CUST1236,returning,Mike Brown,4,91.17418219735896,0.09579210695467541,329.7616607392179
2023-10-17,Product A,South,CUST3970,returning,Mike Brown,3,96.64967508088816,0.13511517071363963,250.7725131987484
2023-10-17,Product D,South,CUST3912,returning,Mike Brown,1,86.47099034616191,0.039198433474264306,83.08146298362414
2023-10-17,Product A,Central,CUST2154,returning,Sarah Johnson,1,100.47239127136743,0.19185826323849836,81.19593277862401
2023-10-17,Product A,East,CUST3950,returning,Sarah Johnson,2,82.82278554068021,0.18977102668900808,134.21084099076361
2023-10-17,Product E,North,CUST4445,returning,Robert Wilson,3,1223.8756559096253,0.06015567624446081,3450.757764567746
2023-10-17,Product B,West,CUST2948,returning,Robert Wilson,1,223.0455766944314,0.07676904347803781,205.92258111959256
2023-10-17,Product E,South,CUST1062,returning,Robert Wilson,1,1636.94011425787,0.07225702680596961,1518.659688542172
2023-10-17,Product B,North,CUST4711,returning,Robert Wilson,3,284.25182143252624,0.07199499105084801,791.3613422769129
2023-10-17,Product E,West,CUST4030,returning,Robert Wilson,3,1250.7649116219843,0.09764444789914317,3385.903987125105
2023-10-17,Product A,East,CUST1336,returning,Mike Brown,1,91.49149944116458,0.16263437325442498,76.61183677144321
2023-10-17,Product C,South,CUST2840,returning,Sarah Johnson,4,576.3731724675038,0.08085395929267825,2119.0844777736975
2023-10-17,Product C,North,CUST4831,new,Emily Davis,1,525.6018357831438,0.0840721285995411,481.41337065302844
2023-10-17,Product D,West,CUST4309,returning,Emily Davis,1,61.186067794640756,0.07087936449015579,56.849238193705034
2023-10-18,Product A,South,CUST1843,returning,Emily Davis,1,82.4126465062178,0.10505951628145466,73.75441372880003
2023-10-18,Product A,East,CUST2903,new,Sarah Johnson,3,82.09765789599129,0.19454772726182712,198.37723541642157
2023-10-18,Product A,East,CUST2457,returning,Robert Wilson,4,100.74926060215574,0.08308484908379388,369.51409395888726
2023-10-18,Product E,East,CUST4675,returning,John Smith,1,1290.1896414737982,0.03238179864305918,1248.410980292233
2023-10-18,Product B,Central,CUST4326,returning,Robert Wilson,4,208.18879490854272,0.14767818868258184,709.7754030897585
2023-10-18,Product C,Central,CUST3357,new,John Smith,1,507.620827547201,0.049357620105719514,482.56587158337527
2023-10-18,Product A,East,CUST2252,returning,Mike Brown,1,118.74226953218687,0.11973670541437353,104.52446138497727
2023-10-19,Product C,West,CUST2338,new,Robert Wilson,1,464.65538449363237,0.09196720842164607,421.9223259036664
2023-10-19,Product A,East,CUST4087,new,Robert Wilson,3,103.99909585827163,0.10703930390174525,278.6013150935741
2023-10-19,Product A,North,CUST1020,returning,Sarah Johnson,3,91.03480671309664,0.0682402765832532,254.4676989728758
2023-10-19,Product D,North,CUST3386,returning,Sarah Johnson,3,72.63513765010826,0.06157380830413778,204.4881468248875
2023-10-19,Product D,North,CUST3663,new,John Smith,3,70.6722444812981,0.0888444071758803,193.18023244970487
2023-10-19,Product A,East,CUST2636,new,John Smith,2,114.91267784043384,0.14946888515824985,195.47361598615015
2023-10-19,Product B,West,CUST4318,returning,Robert Wilson,3,287.2663650286865,0.19808357661568532,691.0908480072517
2023-10-19,Product B,South,CUST1893,returning,Emily Davis,1,238.63555216575307,0.19607180711817224,191.84584820997102
2023-10-19,Product A,West,CUST2064,new,Sarah Johnson,4,81.80926101204629,0.08672485071923139,298.85746025330377
2023-10-19,Product C,West,CUST2673,returning,Sarah Johnson,4,470.54740132870694,0.0926696428902723,1707.7677667385203
2023-10-19,Product C,East,CUST4182,new,Emily Davis,2,559.1178027539094,0.0828433588032916,1025.5972120141184
2023-10-19,Product D,South,CUST1781,returning,Mike Brown,4,74.68988139675234,0.024092366094754014,291.56170172227206
2023-10-19,Product A,East,CUST1781,returning,Robert Wilson,4,90.44581333587351,0.11178029690007577,321.34301387128295
2023-10-19,Product A,North,CUST3650,returning,Sarah Johnson,1,109.7354769450076,0.17967450944403834,90.01880895630578
2023-10-19,Product A,Central,CUST3680,returning,John Smith,4,118.45169566039738,0.14915725705590524,403.1350625682865
2023-10-19,Product C,North,CUST2799,new,Emily Davis,3,587.6663662697568,0.09488079760021273,1595.7243381457906
2023-10-19,Product A,East,CUST1278,returning,Emily Davis,4,103.89090264575358,0.16130007587301648,348.53316866590944
2023-10-19,Product B,East,CUST2545,new,Mike Brown,1,282.71941377821486,0.12900478068688798,246.24725780783072
2023-10-20,Product C,South,CUST1245,returning,Sarah Johnson,4,549.336377130347,0.03689073436133422,2116.2838190664547
2023-10-20,Product B,South,CUST1592,returning,Emily Davis,2,223.46033838133286,0.1448328452370662,382.19188355185366
2023-10-20,Product A,South,CUST2381,returning,Mike Brown,4,108.7968580868182,0.08051990201594529,400.1461829360996
2023-10-20,Product B,West,CUST4543,returning,Emily Davis,4,229.9864263433422,0.12142420397882583,808.2420303946681
2023-10-20,Product A,North,CUST1560,returning,Robert Wilson,1,102.79066984865986,0.16046573217449228,86.29628975068816
2023-10-20,Product A,West,CUST4365,returning,John Smith,2,101.05967786455041,0.12776814426083816,176.2949407283974
2023-10-20,Product A,North,CUST3578,returning,Mike Brown,3,99.4273730347813,0.10729275487752252,266.27860881493353
2023-10-20,Product A,Central,CUST1544,returning,Robert Wilson,1,115.53173190040178,0.06875696696221412,107.58812042703848
2023-10-20,Product A,North,CUST2640,new,Emily Davis,4,86.21152249899545,0.0634302645684258,322.9724112721495
2023-10-20,Product A,West,CUST2657,returning,Emily Davis,3,105.85351315971825,0.19002367550534188,257.2165185718665
2023-10-20,Product B,East,CUST2350,new,Mike Brown,1,247.69559177576127,0.1293644424565444,215.6525896467461
2023-10-20,Product C,Central,CUST3459,new,Robert Wilson,1,566.722174473582,0.03245550142402525,548.3289221329279
2023-10-20,Product A,North,CUST1318,new,Mike Brown,3,90.0686646369894,0.06679783364787988,252.1568188790433
2023-10-20,Product A,South,CUST3684,returning,Robert Wilson,2,103.25576527219357,0.12898222812776106,179.8752132006979
2023-10-21,Product B,East,CUST2232,returning,Robert Wilson,3,200.98709320392277,0.1629813903358611,504.68981194195237
2023-10-21,Product C,South,CUST3181,new,Sarah Johnson,4,575.3121003726189,0.012437020169399361,2272.627728706341
2023-10-21,Product B,Central,CUST3717,new,Sarah Johnson,2,200.1853956481521,0.07158867287580341,371.70877768916654
2023-10-21,Product C,East,CUST3878,returning,John Smith,2,505.9324018095733,0.08584872939214344,924.997495911812
2023-10-21,Product D,South,CUST2888,returning,Robert Wilson,3,73.76491106542734,0.08069879482555249,203.43651492609987
2023-10-21,Product B,West,CUST1949,new,Mike Brown,2,262.03776861817676,0.15775059701707678,441.40230835527353
2023-10-21,Product E,West,CUST2781,new,Sarah Johnson,3,1200.817153463104,0.079963712733059,3314.3860666759524
2023-10-21,Product B,South,CUST2809,returning,Robert Wilson,3,270.7855750408793,0.07907211716877924,748.1219589708949
2023-10-21,Product E,South,CUST1242,new,Sarah Johnson,1,1530.550384539921,0.038847775018409816,1471.0919075469735
2023-10-21,Product A,East,CUST3800,returning,John Smith,2,113.22302088253365,0.19334537591305445,182.66374669597712
2023-10-21,Product C,East,CUST4610,new,Emily Davis,4,451.304555944837,0.07281083903440927,1673.7787702657674
2023-10-21,Product A,East,CUST1739,new,Sarah Johnson,2,92.9309726111434,0.0696360405271061,172.91925527234085
2023-10-21,Product E,West,CUST1512,new,Sarah Johnson,3,1709.6820360914173,0.0421996794290501,4912.602006728262
2023-10-21,Product A,East,CUST4908,new,John Smith,3,101.73424243350517,0.14234214377062968,261.75951681191725
2023-10-21,Product E,North,CUST3930,new,Mike Brown,1,1439.1966398646978,0.0493779291995931,1368.1320900771666
2023-10-21,Product E,Central,CUST1601,returning,Emily Davis,3,1748.7447217957229,0.09371839789044767,4754.565504448953
2023-10-21,Product A,West,CUST2998,new,Sarah Johnson,3,81.98451181390837,0.19509074335162652,197.97027738243835
2023-10-22,Product A,North,CUST4859,new,Sarah Johnson,2,86.29274375845083,0.10374577436113783,154.6804724709662
2023-10-22,Product B,West,CUST3384,returning,John Smith,1,249.16747722879234,0.17056011131622345,206.66944457626695
2023-10-22,Product A,North,CUST1150,new,John Smith,1,103.48921313053638,0.1958123636651255,83.22474569360212
2023-10-22,Product D,East,CUST3957,returning,Emily Davis,3,86.93458475523181,0.09323556115490034,236.4875698854286
2023-10-22,Product A,East,CUST2484,returning,Emily Davis,3,85.2303680134368,0.13193913029019488,221.9554421502921
2023-10-22,Product C,West,CUST2291,new,Sarah Johnson,4,515.9226789539606,0.06180841171113408,1936.1372704082519
2023-10-22,Product E,East,CUST3851,returning,John Smith,4,1611.0166799261294,0.020292539255311506,6313.300242831067
2023-10-22,Product A,East,CUST1082,returning,Sarah Johnson,4,116.77258032045637,0.18021432032454843,382.91395650184637
2023-10-22,Product A,East,CUST2132,returning,Emily Davis,2,118.82277112630545,0.05355000490198983,224.91962230004756
2023-10-22,Product C,East,CUST3863,returning,Robert Wilson,4,473.37398299537267,0.0634847734189571,1773.2877717699287
2023-10-22,Product A,Central,CUST2306,returning,Robert Wilson,1,104.59599395619352,0.1669987759405045,87.1285909972288
2023-10-22,Product D,South,CUST4013,new,Sarah Johnson,3,63.9360739358328,0.030301645681107638,185.9961170315643
2023-10-23,Product C,Central,CUST2050,new,Mike Brown,4,495.65278960649084,0.012805649758679772,1957.22253432351
2023-10-23,Product A,West,CUST4207,new,Emily Davis,2,94.04755863412437,0.07679067565395219,173.65116612601057
2023-10-23,Product A,South,CUST1926,returning,Mike Brown,4,104.65350668944507,0.052369504250410946,396.691417704207
2023-10-23,Product A,Central,CUST2642,returning,Emily Davis,2,94.0265575705164,0.16591817088071914,156.85168624841137
2023-10-23,Product A,South,CUST3941,returning,Emily Davis,4,91.69339300291915,0.19140842123875573,296.5700216408225
2023-10-23,Product A,East,CUST4513,new,Sarah Johnson,3,104.51272752444333,0.11613537871892206,277.1253069973338
2023-10-23,Product D,South,CUST3020,returning,Sarah Johnson,1,85.96372435150185,0.05719858747427331,81.04672074456815
2023-10-23,Product C,North,CUST2105,returning,Emily Davis,3,584.712628336294,0.011387620382900933,1734.1624286751357
2023-10-23,Product A,East,CUST2846,new,John Smith,1,90.6158210142797,0.1503035647170045,76.99594009607542
2023-10-23,Product D,North,CUST2580,new,John Smith,1,85.75200994873721,0.042045533252472456,82.14652096297122
2023-10-23,Product A,West,CUST1350,returning,Robert Wilson,1,103.01047248402682,0.08469501096169954,94.28599938782233
2023-10-23,Product D,North,CUST4627,returning,Emily Davis,4,83.7369290895115,0.0569520097950051,315.871770735208
2023-10-23,Product A,Central,CUST3557,new,Emily Davis,2,101.46366016552675,0.05958709636295839,190.8354705398101
2023-10-23,Product A,North,CUST4454,returning,Emily Davis,3,85.9070047443751,0.07769651716453077,237.696989027101
2023-10-23,Product A,Central,CUST2402,new,Robert Wilson,3,111.0341441434536,0.19337807463146645,268.6877253919195
2023-10-23,Product C,South,CUST2940,returning,Sarah Johnson,4,400.6565840576431,0.070335771047286,1489.904377171108
2023-10-23,Product D,Central,CUST2084,returning,Robert Wilson,2,86.75298424002976,0.09153688472898079,157.62377264351014
2023-10-23,Product C,South,CUST3284,returning,John Smith,3,458.38914480046003,0.01125267903127989,1359.6931166477925
2023-10-23,Product A,North,CUST4195,returning,Sarah Johnson,1,82.39003965987389,0.08562930100024024,75.33503815441682
2023-10-23,Product D,East,CUST1164,returning,Robert Wilson,4,66.41263369391108,0.06031291064929411,249.62837780778366
2023-10-23,Product B,West,CUST3308,returning,Emily Davis,4,248.16312612509395,0.09401151610829844,899.331737583596
2023-10-23,Product A,North,CUST1862,returning,Sarah Johnson,2,84.66186535482233,0.05550955714046116,159.92464540458158
2023-10-23,Product C,West,CUST1341,returning,Mike Brown,1,504.238225467468,0.003102880629050231,502.6736344452383
2023-10-24,Product A,Central,CUST3326,returning,John Smith,1,92.60371423866165,0.05914823107984228,87.12636835002162
2023-10-24,Product B,East,CUST1493,returning,Sarah Johnson,1,292.82141036637256,0.0788588395389769,269.7298537527139
2023-10-24,Product D,West,CUST3179,returning,John Smith,1,81.06576734892124,0.04929833868391053,77.06935969448303
2023-10-24,Product C,Central,CUST4382,new,John Smith,2,491.1681066877204,6.90474482049286e-05,982.268385566628
2023-10-24,Product C,East,CUST2542,new,Sarah Johnson,1,515.645423643306,0.08714619933027933,470.7088847707401
2023-10-24,Product E,East,CUST4749,returning,Sarah Johnson,3,1279.585814415961,0.09213842566534264,3485.0603759159076
2023-10-24,Product C,South,CUST4933,returning,John Smith,3,537.0419904226023,0.08981309563845041,1466.4257603247402
2023-10-24,Product B,West,CUST1103,new,Emily Davis,4,239.8847263471538,0.16608397084677265,800.1748737997083
2023-10-24,Product C,Central,CUST4646,returning,Mike Brown,1,461.51231833612394,0.00729771868860829,458.14433126557947
2023-10-24,Product C,Central,CUST4346,returning,John Smith,1,532.9034473063739,0.002648007805304331,531.492314818433
2023-10-24,Product E,South,CUST2229,returning,Mike Brown,1,1505.1893169696014,0.030715024558640582,1458.9573901334766
2023-10-24,Product C,North,CUST3677,returning,Sarah Johnson,2,438.92266213509856,0.005031458621786212,873.4284818448032
2023-10-24,Product A,North,CUST2250,returning,Robert Wilson,1,82.51743817609767,0.1093400175357672,73.49498003891657
2023-10-24,Product B,East,CUST4684,returning,Robert Wilson,2,215.5444439605193,0.08417946125089121,394.8000575845997
2023-10-24,Product B,West,CUST4649,returning,Mike Brown,4,203.189708826528,0.18703896223179456,660.7412662057349
2023-10-24,Product A,South,CUST3776,returning,John Smith,1,94.81571393235494,0.07231696032834597,87.95892970940503
2023-10-24,Product C,Central,CUST2254,new,Sarah Johnson,4,442.44222338375795,0.07955749049365231,1628.970521611657
2023-10-24,Product C,West,CUST4365,new,Mike Brown,1,568.0583061597697,0.09787333844257963,512.4605433058761
2023-10-25,Product C,West,CUST2348,returning,Mike Brown,2,438.6009409141173,0.03891581276292817,843.0648576397188
2023-10-25,Product E,North,CUST3346,new,Sarah Johnson,1,1687.789456138313,0.0021425148834860797,1684.1733421083459
2023-10-25,Product B,South,CUST2032,returning,Emily Davis,3,274.30105835333694,0.14244954588758058,705.6809914632641
2023-10-25,Product E,North,CUST4268,returning,John Smith,4,1655.839281440368,0.07476395333862432,6128.168762665997
2023-10-25,Product D,Central,CUST4901,new,Mike Brown,1,61.386334485528785,0.097653346052679,55.391753521107944
2023-10-25,Product A,South,CUST3779,new,Sarah Johnson,3,105.02991114883483,0.1692348365921718,261.76557389481434
2023-10-25,Product C,South,CUST1478,new,Sarah Johnson,3,566.0729166773461,0.008408965178669459,1683.9384876972554
2023-10-25,Product B,South,CUST4379,returning,Mike Brown,3,234.67395408027917,0.12127002238921757,618.6451152443925
2023-10-25,Product E,Central,CUST3087,new,Robert Wilson,2,1399.486485924786,0.08622085717629399,2557.6431230034227
2023-10-25,Product A,East,CUST1326,returning,John Smith,4,105.3586819297794,0.17885129160257868,346.0605823403724
2023-10-25,Product C,South,CUST1368,returning,Sarah Johnson,1,401.9105553233938,0.00914127042382834,398.23658225099166
2023-10-25,Product A,North,CUST4037,new,Emily Davis,1,104.09837771370785,0.18283424356005,85.06562956859369
2023-10-25,Product D,Central,CUST4399,returning,Emily Davis,1,88.59680697020063,0.03575808686955855,85.42875465019469
2023-10-25,Product D,North,CUST4197,returning,Mike Brown,4,74.04770842224379,0.056708143534187655,279.39440137863005
2023-10-25,Product C,North,CUST1609,returning,Robert Wilson,1,506.2359555266593,0.027981005859134822,492.0709642889632
2023-10-25,Product A,South,CUST4196,returning,John Smith,4,87.2377981694998,0.1981564584373975,279.80426016942096
2023-10-25,Product C,South,CUST1678,returning,Sarah Johnson,1,414.8870645394596,0.09500457939359577,375.4708934770446
2023-10-25,Product B,North,CUST3564,returning,Mike Brown,1,208.87931074169094,0.17189211493448958,172.97460425224324
2023-10-25,Product D,Central,CUST2527,returning,Emily Davis,1,73.32167277878737,0.0063658518917641075,72.85491786942123
2023-10-25,Product C,Central,CUST3753,returning,Mike Brown,3,432.29782105795454,0.06462235620980959,1213.0851518304687
2023-10-25,Product A,West,CUST1889,returning,Sarah Johnson,1,108.1262708400391,0.12685256171598358,94.41017639518388
2023-10-26,Product D,East,CUST2823,returning,Emily Davis,4,71.43561555516784,0.08643817438150601,261.04340544304006
2023-10-26,Product C,North,CUST2435,new,Sarah Johnson,2,512.8935321000403,0.05647817949330726,967.8524782662757
2023-10-26,Product B,West,CUST1271,new,Mike Brown,4,283.83519723005605,0.13598609933803907,980.950223615591
2023-10-26,Product A,South,CUST4362,new,Emily Davis,2,91.93752507540461,0.09579362447473458,166.2609926463896
2023-10-26,Product C,East,CUST3011,returning,Emily Davis,1,521.7082878030025,0.02746570003279515,507.37920446558206
2023-10-26,Product B,West,CUST3654,returning,Robert Wilson,3,260.85329847811903,0.17755184922002998,643.6149388745537
2023-10-26,Product E,North,CUST1768,new,Mike Brown,3,1432.4071204375678,0.08785914074542725,3919.671184914874
2023-10-26,Product C,West,CUST4491,new,Sarah Johnson,4,543.6213537510833,0.01713313963614842,2137.2296527522963
2023-10-26,Product A,North,CUST2550,returning,Emily Davis,3,113.35945367724223,0.08160233507755564,312.32717266218975
2023-10-26,Product D,West,CUST2709,returning,Mike Brown,3,81.4268173725457,0.028503742506241492,237.31754501116768
2023-10-26,Product A,Central,CUST1274,returning,Mike Brown,3,99.24800384459552,0.10053845242397538,267.8092893956734
2023-10-26,Product A,Central,CUST2528,returning,Mike Brown,4,113.98104307056605,0.18919375696984586,369.66616523481537
2023-10-26,Product C,East,CUST4118,returning,Robert Wilson,2,580.4322234086894,0.02522511024935602,1131.5815131618529
2023-10-26,Product B,Central,CUST4280,new,Robert Wilson,4,222.9078073481011,0.088074387853917,813.101354672233
2023-10-26,Product A,East,CUST2067,returning,Robert Wilson,3,108.96269925590806,0.05655089443490116,308.40228345883594
2023-10-26,Product A,Central,CUST2762,returning,Emily Davis,4,94.86053613389957,0.06853390112898533,353.4374941178254
2023-10-26,Product B,South,CUST2269,new,Robert Wilson,1,225.14801950137775,0.18578853156846686,183.31809957266825
2023-10-26,Product E,East,CUST2965,returning,Emily Davis,4,1757.2388494508116,0.007470216089602744,6976.447582097477
2023-10-26,Product D,West,CUST3601,returning,Mike Brown,4,72.86623292506657,0.06547342089657142,272.3817255504643
2023-10-27,Product A,West,CUST1440,returning,Emily Davis,4,87.2404765250885,0.1456765498871219,298.1263395776206
2023-10-27,Product C,West,CUST4460,returning,Robert Wilson,4,534.2817969257179,0.034424589947023986,2063.5574606015634
2023-10-27,Product A,East,CUST1649,returning,John Smith,2,82.92009358949744,0.08966520349331411,150.970093048221
2023-10-27,Product C,South,CUST2938,new,Robert Wilson,4,407.72624638920854,0.02992765076803118,1582.0958307132482
2023-10-27,Product A,North,CUST2654,returning,Emily Davis,3,118.61884059577774,0.1767803802918827,292.9480705364218
2023-10-27,Product C,East,CUST3135,returning,Sarah Johnson,3,505.7761175531187,0.048341743979633645,1443.9780539020583
2023-10-27,Product A,South,CUST3327,returning,Emily Davis,4,118.08825017007416,0.11271483489863154,419.11181019474384
2023-10-27,Product B,West,CUST4482,returning,Mike Brown,1,247.46802908250785,0.08705204599336412,225.9254308329302
2023-10-27,Product B,West,CUST1787,returning,Sarah Johnson,2,291.55219949929847,0.11209979786407415,517.7385137372019
2023-10-27,Product A,South,CUST4965,returning,John Smith,3,95.23208421590405,0.16327035646564764,239.05052363702046
2023-10-27,Product D,East,CUST1328,returning,Mike Brown,1,88.35139194064517,0.06608358896260283,82.51281487136576
2023-10-27,Product C,West,CUST2890,returning,Mike Brown,2,574.3946825761392,0.09668947063899906,1037.7135295599928
2023-10-27,Product C,West,CUST4670,returning,Robert Wilson,2,593.5430744247618,0.061430102517922136,1114.163325028092
2023-10-27,Product C,South,CUST4787,returning,Emily Davis,2,531.5202287850295,0.06426614084003772,994.7229498052036
2023-10-27,Product E,North,CUST4843,returning,Robert Wilson,4,1699.5937358278397,0.05570528748808528,6419.669512642405
2023-10-27,Product A,South,CUST2350,returning,Robert Wilson,2,118.93357064786365,0.09495018898100216,215.28161127732724
2023-10-27,Product A,North,CUST2899,returning,Robert Wilson,3,100.60953721305832,0.19824839277311979,241.99157448876636
2023-10-27,Product E,North,CUST2707,returning,Emily Davis,1,1380.0305016502844,0.07924289973960877,1270.6728829704089
2023-10-27,Product D,South,CUST2327,new,John Smith,3,73.65438722959601,0.01854353342638677,216.86572391401188
2023-10-28,Product A,South,CUST4420,new,Mike Brown,4,89.51354163749818,0.11700024612160721,316.16174093877663
2023-10-28,Product A,North,CUST3587,returning,Sarah Johnson,2,118.3198328422491,0.18509991456145808,192.8376837844456
2023-10-28,Product E,West,CUST4821,returning,Robert Wilson,1,1470.0607354792523,0.07953307962153272,1353.142277955892
2023-10-28,Product A,South,CUST2753,returning,John Smith,3,92.5780610692158,0.14894119833913685,236.36812114095906
2023-10-28,Product E,East,CUST4101,new,Robert Wilson,2,1653.231043813685,0.030640182924796013,3205.1514844285643
2023-10-28,Product A,South,CUST3445,new,Robert Wilson,1,112.4282474297801,0.13722289124947554,97.00051825935427
2023-10-28,Product B,South,CUST2325,returning,Emily Davis,1,272.0668872087373,0.12586934363807234,237.82200669012008
2023-10-28,Product A,South,CUST2499,returning,Mike Brown,3,81.99161691686416,0.09470286144919737,222.68032853997212
2023-10-28,Product B,Central,CUST1243,returning,Sarah Johnson,2,287.81587772581076,0.1114079874953419,511.5017800383456
2023-10-28,Product A,North,CUST3354,returning,Robert Wilson,2,104.27341617181645,0.0538634587610867,197.31377863993637
2023-10-28,Product A,East,CUST2500,new,Mike Brown,3,91.83560237751979,0.19920055421662708,220.62569846130017
2023-10-28,Product B,South,CUST2344,new,Emily Davis,3,201.1501550327136,0.1745249689489767,498.13329141464214
2023-10-28,Product A,North,CUST4756,new,Mike Brown,3,82.48975865979612,0.19548094556495044,199.09374791266387
2023-10-28,Product B,Central,CUST4712,returning,Mike Brown,3,283.27337857825114,0.14079672954680114,730.1682399202815
2023-10-28,Product A,West,CUST4100,new,John Smith,3,88.7471919799344,0.07440780339657262,246.43112510128063
2023-10-28,Product A,South,CUST2049,returning,Emily Davis,2,114.80468819229085,0.12084310128122892,201.8626672590199
2023-10-28,Product D,Central,CUST1645,returning,Mike Brown,4,76.73712266035085,0.09962462073748146,276.3688636753112
2023-10-28,Product C,West,CUST2063,new,Sarah Johnson,3,426.5062791438458,0.03554868754651839,1234.033622069799
2023-10-28,Product B,West,CUST4492,returning,John Smith,4,245.23806905326134,0.09851509007144785,884.3136743661254
2023-11-01,Product B,North,CUST1203,returning,Robert Wilson,2,292.4105805539367,0.08646679056372844,534.2535522531225
2023-11-01,Product B,South,CUST2560,new,Mike Brown,1,266.0562050459606,0.0827018971899207,244.05285212950912
2023-11-01,Product C,North,CUST4543,new,Robert Wilson,1,460.38487089823985,0.05083636332540517,436.98057833173715
2023-11-01,Product C,Central,CUST1594,returning,Robert Wilson,2,482.6697280993096,0.00040239474901532235,964.9510086704277
2023-11-01,Product A,Central,CUST4560,returning,Mike Brown,4,86.08541008723176,0.08532459277341051,314.96083011122664
2023-11-01,Product B,North,CUST1316,returning,John Smith,2,246.07152754868764,0.059814005597870396,462.7060076448278
2023-11-01,Product D,West,CUST1102,returning,Emily Davis,3,76.20380778600673,0.04485304133988262,218.3575057353735
2023-11-01,Product C,West,CUST3785,returning,John Smith,1,599.4840808402166,0.08296045882276701,549.7506064367675
2023-11-01,Product D,South,CUST2395,new,Emily Davis,3,72.47202400165956,0.003949936920534802,216.55729223504855
2023-11-01,Product D,North,CUST4861,returning,Emily Davis,3,85.53356372327659,0.04275274273629103,245.63030783429156
2023-11-01,Product C,North,CUST1667,returning,Sarah Johnson,3,590.8663237867953,0.0015814130611859546,1769.7957601948317
2023-11-01,Product E,North,CUST3885,returning,Emily Davis,2,1716.8659199381975,0.0966869215716558,3101.7348787761684
2023-11-01,Product B,Central,CUST2689,new,John Smith,3,286.40683294461644,0.1734402592209111,710.1970727881859
2023-11-02,Product A,South,CUST3111,new,John Smith,1,89.5127399349362,0.11900252730185097,78.86049765696548
2023-11-02,Product E,Central,CUST4348,returning,Mike Brown,1,1511.2848607461744,0.08721884263109887,1379.4723443059916
2023-11-02,Product B,East,CUST3971,returning,John Smith,3,244.65461520976896,0.17233142022426873,607.4788137187425
2023-11-02,Product C,West,CUST4231,new,Emily Davis,4,441.2630789887427,0.023770429885545875,1723.0962636342426
2023-11-02,Product A,South,CUST2731,returning,Sarah Johnson,4,84.76454011494606,0.07005421888732302,315.3057058714014
2023-11-02,Product A,West,CUST2774,returning,John Smith,1,113.44744833260845,0.11355263078634223,100.56519211844312
2023-11-02,Product C,West,CUST4436,new,Sarah Johnson,2,483.49108916858125,0.06144431434087466,907.5666214093901
2023-11-02,Product B,North,CUST4064,returning,Mike Brown,4,272.02380759451205,0.1851174467415136,886.669819518845
2023-11-02,Product C,South,CUST2373,returning,Sarah Johnson,3,535.469585861852,0.03588312337982535,1548.7657939386816
2023-11-02,Product C,East,CUST4423,returning,Mike Brown,4,594.4353678384207,0.024765403166271717,2318.855745190445
2023-11-02,Product D,West,CUST3404,returning,Sarah Johnson,1,81.69788978663311,0.08504647532438292,74.74977221884006
2023-11-02,Product C,North,CUST2783,returning,Mike Brown,3,499.4551651933558,0.057214437232065346,1412.6373569825093
2023-11-02,Product A,West,CUST4211,new,Sarah Johnson,1,82.91039726330243,0.1938526564717042,66.83799650468694
2023-11-02,Product B,Central,CUST4452,returning,John Smith,3,210.44748171722304,0.09188416029582919,573.3320747197924
2023-11-02,Product C,West,CUST1399,returning,Emily Davis,1,578.3838459889606,0.04198604260264598,554.099797190586
2023-11-02,Product C,East,CUST1185,returning,John Smith,2,509.8902988915014,0.07408912408179334,944.2259465376525
2023-11-02,Product D,West,CUST1511,returning,Mike Brown,3,73.34550183204493,0.04104025496857723,211.0061512081787
2023-11-03,Product B,West,CUST2956,returning,Mike Brown,3,254.374040869992,0.14369824012534574,653.4628165902042
2023-11-03,Product B,West,CUST2567,returning,Mike Brown,1,272.77790851215246,0.09923340567351512,245.70922765799304
2023-11-03,Product D,West,CUST4537,returning,Emily Davis,2,77.70997657774132,0.0934681388211977,140.89313939836194
2023-11-03,Product A,East,CUST4557,returning,Emily Davis,4,103.07709739889994,0.1383585725368079,355.2619893662025
2023-11-03,Product E,West,CUST1455,new,Emily Davis,3,1298.0360343950863,0.0592802558689901,3663.264378446929
2023-11-03,Product C,North,CUST3412,returning,Mike Brown,1,512.5827855581359,0.09991099813095344,461.3701278282781
2023-11-03,Product A,South,CUST4970,returning,Mike Brown,4,83.29710480303648,0.13858799090707757,287.0125056000295
2023-11-03,Product A,West,CUST4683,returning,Mike Brown,2,82.42393652035388,0.05080759814178784,156.47234855272703
2023-11-03,Product C,East,CUST4656,new,Sarah Johnson,1,478.24426737135803,0.05857609582346401,450.230585338791
2023-11-03,Product B,East,CUST1232,returning,Emily Davis,1,238.238466236877,0.13672294117119482,205.6658024328568
2023-11-03,Product B,North,CUST4847,returning,Mike Brown,4,248.87617146822254,0.15594398185690467,840.2617212006646
2023-11-03,Product A,North,CUST3195,returning,Robert Wilson,3,110.57069552910556,0.1888972452812276,269.0525872044845
2023-11-03,Product E,West,CUST4630,new,Sarah Johnson,4,1667.0225197686968,0.023077022643928802,6514.210413328222
2023-11-04,Product B,East,CUST4299,returning,Sarah Johnson,2,210.29659458224512,0.16728432468595195,350.2345415475977
2023-11-04,Product A,Central,CUST1512,new,John Smith,2,116.51862836743383,0.12215230481281374,204.5712187174482
2023-11-04,Product E,West,CUST3127,returning,John Smith,1,1204.9072241956103,0.07884862444624352,1109.9019469824448
2023-11-04,Product B,East,CUST4960,returning,Sarah Johnson,4,268.37450632878415,0.06246453547710214,1006.4424698282401
2023-11-04,Product C,South,CUST2267,returning,Sarah Johnson,2,400.12257876105457,0.010621418868654343,791.7454185064546
2023-11-04,Product A,Central,CUST4726,returning,Sarah Johnson,4,106.20631869162192,0.19946714673650612,340.0865893472641
2023-11-04,Product A,East,CUST3915,returning,John Smith,2,94.18557385121052,0.10216651839125014,169.12592337630076
2023-11-04,Product D,North,CUST4910,returning,Sarah Johnson,4,69.81647439620107,0.09028306150142225,254.05291737790552
2023-11-04,Product B,West,CUST1237,returning,Sarah Johnson,4,243.57683079060345,0.1866461393287533,792.4566227744173
2023-11-04,Product D,East,CUST2639,new,Emily Davis,3,65.00804696180799,0.07449900526167516,180.4950363874471
2023-11-04,Product A,South,CUST2905,returning,Emily Davis,1,82.83744717762482,0.1547063188828166,70.02197065912472
2023-11-04,Product D,East,CUST3520,new,Mike Brown,4,86.77109694676041,0.035520350227274615,334.75582877442673
2023-11-04,Product C,West,CUST4269,returning,John Smith,4,535.352618383593,0.08560265169472642,1958.1000586329703
2023-11-04,Product A,North,CUST1654,returning,Robert Wilson,3,82.13958504107661,0.06971658020896102,229.23928221668888
2023-11-04,Product D,West,CUST3846,returning,Robert Wilson,3,77.6967853155541,0.0505737665531036,221.30209869923593
2023-11-04,Product A,West,CUST4996,new,Emily Davis,1,104.76568252393466,0.13201276408604318,90.93527519258917
2023-11-04,Product C,North,CUST2779,returning,Sarah Johnson,3,500.2450690286625,0.07043986633280541,1395.0236196979154
2023-11-04,Product C,North,CUST1323,returning,Robert Wilson,1,468.16659867310796,0.028227178596274816,454.95157647955165
2023-11-05,Product D,North,CUST2225,new,John Smith,3,87.33949583358176,0.005467400559619451,260.5859274755531
2023-11-05,Product C,North,CUST4657,returning,Mike Brown,3,401.9053078711285,0.060028787069412864,1133.3382591685972
2023-11-05,Product D,Central,CUST1832,returning,Emily Davis,2,76.3108220239908,0.09540568050908989,138.0606722371678
2023-11-05,Product B,South,CUST2902,returning,Emily Davis,2,245.24230128628218,0.06698530782759132,457.62934048454736
2023-11-05,Product C,East,CUST4959,returning,John Smith,4,410.24777022369886,0.0704912368434663,1525.3155899534247
2023-11-05,Product B,Central,CUST1949,returning,John Smith,3,270.21010854690263,0.06892711715408988,754.7559142166128
2023-11-05,Product C,East,CUST3698,returning,Emily Davis,2,540.1953402125046,0.06933703982734565,1005.4795887872872
2023-11-05,Product D,North,CUST1794,returning,Mike Brown,3,83.62858049028408,0.04524258828932568,239.53502116182426
2023-11-05,Product C,West,CUST4940,returning,Robert Wilson,1,437.9445169459769,0.08840137423625062,399.22961980872157
2023-11-05,Product A,South,CUST4665,returning,John Smith,2,112.18896042593663,0.13430498985601635,194.24284646794837
2023-11-05,Product B,East,CUST2489,returning,Robert Wilson,3,218.51947745725178,0.06125250239331801,615.4038379239446
2023-11-05,Product A,North,CUST3019,returning,Mike Brown,1,87.15208489256014,0.1709804582855608,72.25078147708811
2023-11-05,Product C,North,CUST3027,new,John Smith,1,547.1574867297132,0.02219062808589576,535.0157184372807
2023-11-06,Product B,West,CUST1635,new,Emily Davis,4,219.0852471294084,0.19337471790831934,706.8787970715384
2023-11-06,Product C,South,CUST1294,returning,John Smith,1,583.6817353849419,0.0854348330373336,533.8149837753883
2023-11-06,Product A,South,CUST4753,returning,Mike Brown,1,95.05755912505155,0.1952306712341625,76.49940805118665
2023-11-06,Product A,South,CUST1972,returning,Robert Wilson,3,104.60143172143663,0.10797308315770932,279.9218779072875
2023-11-06,Product D,West,CUST2303,returning,Emily Davis,3,67.24415233243208,0.024498976186645274,196.79021833724605
2023-11-06,Product D,West,CUST4481,returning,Mike Brown,2,81.39636293948426,0.005287459888400292,161.93196587076014
2023-11-06,Product E,Central,CUST3751,new,Sarah Johnson,2,1781.500320093535,0.04486150487045102,3403.159069613898
2023-11-06,Product B,East,CUST3083,returning,Sarah Johnson,1,267.9170079263289,0.11028062030008208,238.37095410327132
2023-11-06,Product B,South,CUST4096,returning,Robert Wilson,3,205.9176905859469,0.14305033993093272,529.3832848495036
2023-11-06,Product A,North,CUST1415,returning,John Smith,4,105.0291657041863,0.18163015318274828,343.81080899471476
2023-11-06,Product B,East,CUST2071,returning,Emily Davis,2,211.14662260121756,0.18091317769208032,345.89483229496176
2023-11-06,Product B,North,CUST3160,returning,John Smith,2,202.2715624647782,0.10903264252305052,360.43471900395434
2023-11-06,Product A,Central,CUST2367,new,Mike Brown,4,105.4534169585291,0.19737597156649545,338.5577853253307
2023-11-06,Product C,East,CUST1846,returning,John Smith,3,588.7687746929091,0.017881999748448597,1734.7212348358682
2023-11-06,Product D,West,CUST1985,returning,Sarah Johnson,1,75.26237189450052,0.0015246315780355181,75.14762450567231
2023-11-06,Product A,West,CUST3680,returning,John Smith,3,118.10032623078502,0.05904840667670212,333.3800704165753
2023-11-06,Product B,North,CUST1690,returning,Emily Davis,3,278.1257114218247,0.15721303560590666,703.2021721474417
2023-11-06,Product B,Central,CUST1599,returning,Emily Davis,4,214.3278927896881,0.18238625819814858,700.9497215851318
2023-11-06,Product A,North,CUST1265,returning,Sarah Johnson,4,116.81967631601088,0.14978941042135135,397.2853035000901
2023-11-06,Product B,West,CUST4371,returning,Sarah Johnson,2,299.3883694577121,0.07585029475286797,553.3593467775282
2023-11-06,Product A,North,CUST1521,returning,Emily Davis,2,86.97399272964583,0.15484325232145785,147.0133136560093
2023-11-06,Product A,West,CUST3984,new,Mike Brown,1,110.44664044565087,0.07433341812550397,102.2367641408471
2023-11-07,Product A,Central,CUST2622,returning,Sarah Johnson,4,109.45313705220197,0.173384313691463,361.90272001211315
2023-11-07,Product A,South,CUST2172,new,Sarah Johnson,2,104.24067204547991,0.057868225718579434,196.41689861299133
2023-11-07,Product C,South,CUST3982,returning,Sarah Johnson,4,593.788185692799,0.06599300540729056,2218.4092749743554
2023-11-07,Product D,South,CUST4135,returning,Sarah Johnson,3,80.19236195027146,0.018202352111677145,236.19801702415668
2023-11-07,Product E,South,CUST3864,returning,John Smith,3,1524.5992997938458,0.09711380452888607,4129.618984226369
2023-11-07,Product D,Central,CUST2851,new,John Smith,2,78.72309071192399,0.0012037282502716075,157.2566590073707
2023-11-07,Product A,South,CUST1561,returning,Sarah Johnson,3,95.7238443925978,0.10200076453215383,257.8798172417877
2023-11-07,Product B,Central,CUST3526,returning,Mike Brown,2,210.26019121301937,0.05787423518974717,396.1830869114317
2023-11-07,Product B,East,CUST2629,new,Robert Wilson,4,281.3347485199875,0.1461221910863657,960.901994550061
2023-11-07,Product A,East,CUST4966,returning,Mike Brown,4,83.10564310184088,0.140647481203943,285.6681749029325
2023-11-07,Product B,Central,CUST2925,returning,John Smith,4,284.3666007083077,0.15400228238744373,962.2939806578778
2023-11-07,Product C,West,CUST2199,new,Sarah Johnson,4,475.3251128096936,0.08816853172285466,1733.6655820890508
2023-11-07,Product D,South,CUST3461,returning,Emily Davis,2,86.43487034068396,0.09194396230406277,156.97541176064712
2023-11-07,Product A,East,CUST4725,returning,Emily Davis,1,115.16521343393622,0.06200925765808794,108.02390404086258
2023-11-07,Product A,Central,CUST4512,returning,Mike Brown,1,110.70488807054355,0.13911076874100886,95.30464598766288
2023-11-07,Product D,East,CUST1352,new,Emily Davis,1,80.92558891764463,0.09456416967053796,73.27292779654827
2023-11-08,Product B,North,CUST4442,returning,Emily Davis,1,211.01195239233724,0.07813800444352169,194.5238995186686
2023-11-08,Product A,North,CUST1595,new,Emily Davis,1,111.66393861898058,0.18346877358384417,91.17709274701456
2023-11-08,Product C,North,CUST1704,returning,John Smith,4,458.5982952222095,0.08915261141048324,1670.852238459015
2023-11-08,Product A,Central,CUST1398,returning,Sarah Johnson,4,99.56747609499938,0.08082965641534395,366.07788484839045
2023-11-08,Product B,North,CUST3962,returning,Robert Wilson,2,216.73913304309156,0.0631638830778966,406.0980955703061
2023-11-08,Product C,Central,CUST4425,returning,Mike Brown,3,465.49175491983203,0.019912617369352494,1368.667787146575
2023-11-08,Product C,Central,CUST2771,returning,Sarah Johnson,4,524.0308225994307,0.024692019120356536,2044.3657740325978
2023-11-08,Product E,South,CUST2745,returning,Emily Davis,2,1576.83389444708,0.03440822019234581,3045.1556932003814
2023-11-08,Product B,Central,CUST1574,returning,Sarah Johnson,4,297.92120005390854,0.15421394600650948,1007.9103847784023
2023-11-08,Product A,East,CUST3465,returning,Emily Davis,3,110.67463456996376,0.06426251444126975,310.68721280288764
2023-11-08,Product B,North,CUST4184,new,Emily Davis,2,220.5724836215384,0.05063088819245209,418.8094057299296
2023-11-08,Product D,South,CUST2536,returning,Robert Wilson,3,83.3569747602166,0.09327065651444227,226.74664499782023
2023-11-08,Product E,West,CUST3869,returning,Emily Davis,3,1638.8195607364892,0.07030089140458794,4570.827254296317
2023-11-08,Product B,East,CUST3376,new,Sarah Johnson,3,284.7852269037126,0.18036941514433685,700.2560462560281
2023-11-08,Product A,South,CUST3172,new,Mike Brown,4,100.47993988143327,0.10474083007777715,359.8223502883472
2023-11-08,Product A,North,CUST3219,new,Mike Brown,2,108.53595387063393,0.0719212400139575,201.4598269643205
2023-11-08,Product A,North,CUST2578,returning,Sarah Johnson,4,87.29878904603258,0.12143311375771343,306.79130105958035
2023-11-08,Product B,East,CUST3792,returning,Robert Wilson,1,294.18243745161726,0.07657156305580687,271.6564283923798
2023-11-08,Product B,Central,CUST3934,returning,Robert Wilson,1,260.81183493670716,0.08775627289639526,237.9239603753919
2023-11-08,Product C,South,CUST3184,returning,Sarah Johnson,3,460.69552836161284,0.04524780298988751,1319.5502035679533
2023-11-08,Product A,Central,CUST4678,returning,Mike Brown,2,88.59947099622741,0.0977297620677983,159.8813315528666
2023-11-09,Product A,Central,CUST3638,new,Emily Davis,2,111.73099824193429,0.16941486011181311,185.60421360924752
2023-11-09,Product B,North,CUST4916,returning,John Smith,3,246.2081667731623,0.12382962337166657,647.1609066318395
2023-11-09,Product B,North,CUST2778,returning,John Smith,2,209.35013456034542,0.060154349327669124,393.5136268684157
2023-11-09,Product C,North,CUST4152,returning,Mike Brown,4,574.4017706999975,0.09123660356563018,2087.981216236983
2023-11-09,Product E,Central,CUST1098,returning,Sarah Johnson,1,1413.1824784659084,0.07298691760937669,1310.0386453431024
2023-11-09,Product B,North,CUST1828,returning,John Smith,1,261.1636357304159,0.16519857024836693,218.01977650688585
2023-11-09,Product D,North,CUST3574,returning,Emily Davis,3,70.61191192671549,0.016290561061188504,208.3848127914782
2023-11-09,Product B,West,CUST2438,new,John Smith,4,262.1069372052586,0.0832126731626493,961.1852732237375
2023-11-09,Product C,North,CUST4417,returning,Sarah Johnson,4,555.411557184582,0.005244387481394453,2209.9950550682456
2023-11-09,Product A,South,CUST3246,returning,Mike Brown,1,116.96467215144433,0.13033397812631242,101.72020112970668
2023-11-09,Product B,East,CUST1137,returning,Mike Brown,1,263.0391861402208,0.14278733055360532,225.48052292026577
2023-11-09,Product A,North,CUST4524,returning,Mike Brown,3,115.18607146881594,0.06619372643830837,322.6844284935171
2023-11-09,Product C,North,CUST4607,returning,Sarah Johnson,4,407.9522751187582,0.08174113488016427,1498.4231726944238
2023-11-09,Product C,North,CUST1623,returning,Emily Davis,2,428.65113801790795,0.00242539178191622,855.2229821409005
2023-11-10,Product A,West,CUST4470,returning,Mike Brown,3,100.77045497783952,0.10096274430437172,271.78917989543015
2023-11-10,Product C,East,CUST1393,new,Robert Wilson,1,563.5788434775054,0.028500414639075655,547.5166127565858
2023-11-10,Product D,West,CUST1717,returning,Mike Brown,1,65.38373638378421,0.01034311041457452,64.7074651790493
2023-11-10,Product A,North,CUST2522,returning,John Smith,3,90.36452423247502,0.15732719419440933,228.44318154080108
2023-11-10,Product A,East,CUST3775,returning,Mike Brown,2,88.51862352366328,0.056431329628554,167.04679980266712
2023-11-10,Product A,East,CUST1900,returning,Emily Davis,4,94.81129580092613,0.17654191033855987,312.2925140742254
2023-11-10,Product B,East,CUST4337,returning,Mike Brown,1,270.22433136914134,0.12865313891305413,235.45912292782003
2023-11-10,Product B,Central,CUST2420,new,Emily Davis,3,247.32606751031574,0.12858599419385647,646.5701976883347
2023-11-10,Product D,North,CUST2623,returning,Mike Brown,3,84.32809851733631,0.0373526245067452,243.5346681541513
2023-11-10,Product B,South,CUST4433,returning,Sarah Johnson,3,230.1526601328719,0.19119369744503234,558.4467661957747
2023-11-10,Product C,Central,CUST1199,new,Emily Davis,2,460.2919561452866,0.009100090568471908,912.2065153128507
2023-11-10,Product E,North,CUST1247,new,Emily Davis,2,1599.7166279671376,0.03839686179563915,3076.585059381795
2023-11-10,Product D,East,CUST2836,new,Robert Wilson,1,75.299049515626,0.01644965329173187,74.060406257897
2023-11-10,Product B,South,CUST4723,returning,Sarah Johnson,3,298.69237605131906,0.12319288299944432,785.6868033468086
2023-11-10,Product B,East,CUST1620,new,Mike Brown,3,299.612501956483,0.05152530866295333,852.5246259416865
2023-11-10,Product B,Central,CUST4983,returning,Robert Wilson,2,279.58885541380135,0.13741083971221793,482.34063203442605
2023-11-10,Product B,East,CUST1617,returning,Robert Wilson,1,269.49464313698314,0.1686065337799239,224.05608548539888
2023-11-10,Product A,West,CUST4542,new,Emily Davis,4,108.59651306518239,0.07045431571505213,403.781680192537
2023-11-10,Product A,Central,CUST4641,returning,John Smith,3,98.14635243534275,0.0582634936163547,277.28400917027295
2023-11-10,Product D,Central,CUST1760,returning,Robert Wilson,4,68.49799022750445,0.036193087569273585,264.07534587552453
2023-11-10,Product C,Central,CUST1308,new,Emily Davis,2,408.0013627147606,0.0059038652941375116,811.1851552589362
2023-11-10,Product A,South,CUST3229,returning,Emily Davis,3,90.03442749891076,0.19842998355134556,216.50669259374123
2023-11-11,Product B,South,CUST2206,new,Robert Wilson,1,265.3153895183886,0.05828913695631467,249.85038444213328
2023-11-11,Product A,South,CUST1745,returning,Robert Wilson,2,104.55916900993768,0.09563364546609288,189.11958902122402
2023-11-11,Product B,North,CUST2472,new,Sarah Johnson,2,298.5760342452324,0.17925243985628042,490.11110324832424
2023-11-11,Product A,West,CUST4740,returning,Sarah Johnson,4,83.00839948672007,0.0686167291242285,309.25053849641614
2023-11-11,Product E,Central,CUST4036,returning,John Smith,3,1563.299302251399,0.006540754584091069,4659.222435521675
2023-11-11,Product A,South,CUST4813,new,John Smith,1,91.18743429131179,0.14182762923678122,78.25453666959027
2023-11-11,Product B,West,CUST2308,new,John Smith,2,214.95990891649024,0.15358109347321452,363.89226210438613
2023-11-11,Product B,West,CUST4298,returning,John Smith,2,226.10773361572464,0.14396459207409235,387.1124519618786
2023-11-11,Product A,Central,CUST4271,new,Mike Brown,4,98.87323056853003,0.11435338887338393,350.26696633663664
2023-11-11,Product B,Central,CUST2751,new,Robert Wilson,3,255.77751194810273,0.1823158535838566,627.4356495891878
2023-11-11,Product A,West,CUST2895,returning,Mike Brown,4,117.77264969681767,0.15363787641512297,398.7132395904657
2023-11-11,Product B,Central,CUST1479,returning,Mike Brown,4,236.97423395011975,0.13718378958199937,817.8608420142041
2023-11-11,Product A,Central,CUST3820,returning,Robert Wilson,1,83.61862162010286,0.07187287697864028,77.60871071527774
2023-11-11,Product C,Central,CUST4483,new,Robert Wilson,4,542.1758170989857,0.0035459515677685907,2161.0131516413494
2023-11-11,Product A,Central,CUST4467,returning,Sarah Johnson,4,87.89306307742297,0.15105537570153338,298.46537365081707
2023-11-11,Product B,West,CUST3517,returning,Sarah Johnson,3,209.30661983159726,0.14679881891293822,535.7419657489783
2023-11-11,Product C,West,CUST1390,new,Robert Wilson,1,492.0922393784556,0.008851986241256304,487.73624564604853
2023-11-11,Product A,South,CUST2935,returning,Mike Brown,4,92.7051454353954,0.08040804111386098,341.0036251590386
2023-11-11,Product C,West,CUST4816,returning,Mike Brown,4,506.4841937337163,0.020564810569923566,1984.273768931688
2023-11-12,Product A,Central,CUST1012,returning,Sarah Johnson,4,109.79323084955348,0.19733987439293388,352.50659385803283
2023-11-12,Product A,Central,CUST2557,returning,Robert Wilson,3,81.44728230141074,0.09335516466375345,221.53127355224197
2023-11-12,Product C,West,CUST4408,returning,Robert Wilson,1,554.2173584373953,0.0011205393057471258,553.5963361033389
2023-11-12,Product C,West,CUST1960,returning,Emily Davis,1,544.409214636327,0.012595051789437539,537.5523523833355
2023-11-12,Product B,East,CUST3877,new,Emily Davis,3,251.24876354368075,0.19634474227263532,605.7521694581354
2023-11-12,Product B,West,CUST3693,returning,Sarah Johnson,4,265.91486354289617,0.10359384421032237,953.4708823832971
2023-11-12,Product E,South,CUST2476,returning,John Smith,2,1290.3791150956035,0.09082841669175588,2346.3520462787214
2023-11-12,Product C,West,CUST1202,returning,Robert Wilson,1,409.7023803788359,0.05637842960192129,386.6040035689081
2023-11-12,Product C,West,CUST3315,new,Robert Wilson,2,536.6164940180695,0.039705423618542325,1030.61981760477
2023-11-12,Product A,East,CUST4572,new,Robert Wilson,4,116.22717037118522,0.16555812389517965,387.9392723955456
2023-11-12,Product C,North,CUST4525,returning,John Smith,3,595.5892824506916,0.0016194175996961603,1783.8743240535016
2023-11-12,Product E,North,CUST1801,returning,Sarah Johnson,4,1613.7288033228317,0.08536174968395771,5903.912356623182
2023-11-12,Product E,Central,CUST3893,returning,Emily Davis,1,1568.6568772332416,0.04188029859362721,1502.9610588237667
2023-11-12,Product B,North,CUST3095,new,Robert Wilson,1,240.23663430194017,0.1328750968872464,208.31516824320389
2023-11-13,Product B,West,CUST4436,returning,Mike Brown,1,221.25391328399317,0.1293658163228239,192.6312201773901
2023-11-13,Product C,West,CUST4785,returning,Robert Wilson,4,576.9092573740116,0.07460492211241815,2135.4759486467624
2023-11-13,Product C,West,CUST3047,returning,Emily Davis,2,564.4535444188165,0.05990625133111591,1061.2784970442474
2023-11-13,Product C,Central,CUST4354,new,John Smith,3,400.3688633836484,0.02537158510000429,1170.6326120847543
2023-11-13,Product E,South,CUST1615,returning,Robert Wilson,4,1674.6730622023856,0.07335693162007988,6207.296739569662
2023-11-13,Product A,Central,CUST1444,returning,Sarah Johnson,2,106.93578966120766,0.10953857886384057,190.4443904640728
2023-11-13,Product C,West,CUST4229,returning,Sarah Johnson,2,573.3748673513801,0.06797901801325391,1068.7948138307072
2023-11-13,Product A,South,CUST4780,new,Emily Davis,4,80.34407273730861,0.09291721774212733,291.51490014594714
2023-11-13,Product B,West,CUST2796,new,Robert Wilson,1,288.48795362927626,0.07647477005322964,266.4259037123506
2023-11-13,Product E,South,CUST3692,returning,Robert Wilson,4,1707.83080793447,0.05983910639391692,6422.542954062681
2023-11-13,Product B,North,CUST2279,returning,Mike Brown,4,249.77515896436253,0.1869757432119708,812.2930519244509
2023-11-13,Product A,North,CUST1901,returning,John Smith,1,103.29858507166068,0.10982838896587455,91.95346789078584
2023-11-13,Product B,South,CUST2352,new,John Smith,3,267.0872115480165,0.08697274647534498,731.5737096337322
2023-11-13,Product B,East,CUST2076,returning,Emily Davis,1,236.97173885687513,0.16324129544215157,198.28816522269958
2023-11-13,Product A,Central,CUST1748,returning,John Smith,3,112.65468817268658,0.10280868287496811,303.2184241858873
2023-11-13,Product C,North,CUST4517,returning,John Smith,3,411.7934053858148,0.03267299348347149,1195.0166464053227
2023-11-13,Product A,West,CUST2538,returning,Emily Davis,1,114.84804302978846,0.1030696495051923,103.01069548835092
2023-11-13,Product E,South,CUST2974,returning,Mike Brown,1,1544.8721623583842,0.009132244005330848,1530.7640128146843
2023-11-13,Product B,West,CUST1593,returning,Emily Davis,3,283.3976135896087,0.09315796171622615,770.9906086570742
2023-11-13,Product B,South,CUST4018,returning,Mike Brown,1,212.52971936929737,0.07237266404026335,197.14837739081176
2023-11-13,Product D,Central,CUST1111,returning,Sarah Johnson,2,65.58393836028986,0.05136931921327387,124.42987219079292
2023-11-14,Product C,North,CUST4452,returning,Mike Brown,1,519.3503294439108,0.01453836549508597,511.79982453446195
2023-11-14,Product C,Central,CUST2849,returning,John Smith,3,405.1794830804426,0.0451708717619993,1160.6315178288683
2023-11-14,Product D,West,CUST3495,returning,Robert Wilson,3,79.48737303890728,0.013172070886544396,235.3210791799608
2023-11-14,Product A,North,CUST1557,returning,John Smith,2,85.21296031151876,0.18323962344185335,139.19713910334093
2023-11-14,Product D,Central,CUST1179,returning,Robert Wilson,4,81.6002605109008,0.05316941235594036,309.04649044577826
2023-11-14,Product A,South,CUST4255,returning,Sarah Johnson,3,94.24034324485555,0.14229507814106646,242.4912187163637
2023-11-14,Product A,North,CUST4632,returning,Robert Wilson,3,113.64697738271587,0.14085695031243406,292.917032209081
2023-11-14,Product D,South,CUST1767,returning,Sarah Johnson,2,65.5121809278527,0.08422370815744713,119.9890042412547
2023-11-14,Product C,Central,CUST2540,returning,Robert Wilson,3,409.37867333752513,0.04360312452908891,1174.5854521933077
2023-11-14,Product A,North,CUST3330,new,Mike Brown,4,83.39994150338308,0.0663657312152054,311.4601736088228
2023-11-14,Product A,East,CUST4750,new,Emily Davis,4,118.61687687235451,0.10158530189848103,426.2685825000857
2023-11-14,Product C,West,CUST1383,returning,Robert Wilson,4,525.19970127063,0.015427131737003986,2068.389505163572
2023-11-14,Product B,North,CUST4806,returning,Emily Davis,4,232.5826242340136,0.15962102022281938,781.8301938707187
2023-11-14,Product A,South,CUST1350,returning,Sarah Johnson,4,101.76807765227838,0.18414144852864606,332.1134256776484
2023-11-14,Product A,East,CUST3954,returning,John Smith,3,110.68252716172242,0.14630565774709228,283.46714167264867
2023-11-14,Product A,Central,CUST3315,returning,Robert Wilson,1,82.20857539604096,0.1423021059499827,70.5101219900364
2023-11-15,Product C,South,CUST1700,new,Emily Davis,1,575.856463485903,0.026804360208463142,560.4209994102551
2023-11-15,Product A,South,CUST3168,returning,Sarah Johnson,2,116.31058606548672,0.18430677096720838,189.74751503690655
2023-11-15,Product B,East,CUST1242,new,Emily Davis,4,255.8892901168811,0.15346000438619029,866.4820741326618
2023-11-15,Product A,Central,CUST1926,returning,Sarah Johnson,2,82.99998342217934,0.05672729727048489,156.58323737828812
2023-11-15,Product C,Central,CUST2108,new,John Smith,2,565.0507596618539,0.010621409313068531,1118.09824852165
2023-11-15,Product D,East,CUST4218,returning,Mike Brown,3,61.98273718687413,0.06948664925444432,173.0272934044182
2023-11-15,Product C,South,CUST2179,returning,Robert Wilson,1,409.04033279545405,0.015479113600679096,402.7087510168536
2023-11-15,Product A,East,CUST4568,returning,John Smith,2,84.00264279774005,0.13691042449505927,145.00361062718926
2023-11-15,Product A,West,CUST3178,returning,Robert Wilson,1,98.22017653345037,0.1565930455946181,82.83957995123635
2023-11-15,Product B,West,CUST1407,new,Emily Davis,1,279.9841436499327,0.12423984065621436,245.19895825659844
2023-11-15,Product B,West,CUST2366,new,Robert Wilson,4,265.1073174226283,0.07818460504888627,977.5200260574815
2023-11-15,Product C,North,CUST3935,returning,John Smith,3,440.0435436799065,0.06074148003194174,1239.9439426748656
2023-11-15,Product D,West,CUST3149,new,Robert Wilson,3,72.12107934112427,0.01153847169618939,213.86673692534424
2023-11-15,Product A,East,CUST2218,returning,John Smith,2,96.29624390430268,0.16997193557521195,159.8571698785313
2023-11-15,Product D,North,CUST2205,returning,Mike Brown,1,76.76613880680972,0.08834839380594531,69.98397374454383
2023-11-16,Product A,South,CUST4726,new,Mike Brown,3,85.05693022838594,0.06913193277483483,237.53034073741003
2023-11-16,Product D,West,CUST4716,returning,John Smith,4,82.01615762988791,0.07930114474963385,302.04872976748555
2023-11-16,Product C,West,CUST1100,returning,Sarah Johnson,3,483.6799119272656,0.06370251388046282,1358.604856872054
2023-11-16,Product A,South,CUST4112,returning,Sarah Johnson,2,92.17675219370349,0.055349075577795843,174.14970834003688
2023-11-16,Product E,West,CUST2679,new,Mike Brown,3,1349.3885902864115,0.07487759857650343,3745.0488392976954
2023-11-16,Product B,West,CUST4143,returning,Emily Davis,4,212.40601638502585,0.11078117921868144,755.5017096670005
2023-11-16,Product D,Central,CUST2750,returning,Emily Davis,2,63.985675033762746,0.0954584889354527,115.75539836304966
2023-11-16,Product D,West,CUST1453,returning,Mike Brown,4,65.36609753806619,0.05289117329654475,247.63523178184593
2023-11-16,Product A,Central,CUST3376,returning,Emily Davis,4,81.62879117486158,0.0961376380325029,295.1247679834479
2023-11-16,Product A,East,CUST4403,returning,Robert Wilson,2,111.61133343414811,0.0774755953226972,205.92835786315484
2023-11-16,Product B,South,CUST3421,returning,Robert Wilson,2,296.8549381672039,0.07639499636683462,548.3534124888869
2023-11-16,Product A,Central,CUST2250,new,Mike Brown,4,96.49436902605028,0.14361189319247397,330.5465200312239
2023-11-16,Product A,West,CUST4037,returning,Sarah Johnson,3,100.96884781756413,0.175437029449997,249.76551926838562
2023-11-16,Product C,South,CUST1239,returning,John Smith,4,442.5258700961961,0.0496233996921005,1682.2649278812721
2023-11-16,Product C,Central,CUST2181,returning,Emily Davis,2,527.8323389087847,0.09227702583368132,958.2510810708926
2023-11-16,Product C,West,CUST3347,new,Mike Brown,3,500.08637748775,0.02659156794386516,1460.364889808949
2023-11-16,Product B,South,CUST2857,new,Mike Brown,3,248.08017768884284,0.18746572149341373,604.7209445705689
2023-11-16,Product E,South,CUST4413,new,Emily Davis,1,1204.0005270907623,0.08284754400232167,1104.2520404437919
2023-11-16,Product D,Central,CUST2137,returning,John Smith,4,76.79754049708086,0.060776988183710606,288.520069143007
2023-11-16,Product E,Central,CUST4808,returning,John Smith,3,1659.2182434401,0.0993572171490861,4483.08880838669
2023-11-16,Product B,West,CUST1077,returning,Robert Wilson,2,295.6731890538092,0.1618602866139552,495.63088385899493
2023-11-16,Product C,East,CUST1353,returning,John Smith,3,532.3613392510181,0.0644913996165072,1494.085834143005
2023-11-16,Product D,Central,CUST1571,returning,Emily Davis,3,70.24056875791499,0.03137537857422434,204.1102329655997
2023-11-16,Product A,North,CUST2650,returning,Sarah Johnson,2,100.32686850195181,0.14865536218358288,170.82548305609893
2023-11-17,Product A,North,CUST4947,returning,Robert Wilson,3,86.82824566166043,0.0651362506468841,243.51773786703987
2023-11-17,Product A,South,CUST4735,new,Sarah Johnson,1,99.29055533251504,0.11461360896156342,87.91050645005768
2023-11-17,Product C,West,CUST4606,returning,Robert Wilson,1,521.2041687232077,0.06971955144372251,484.8660478692273
2023-11-17,Product E,Central,CUST3854,new,Robert Wilson,3,1376.5876071858825,0.086339546774377,3773.200971258688
2023-11-17,Product A,West,CUST3927,returning,Sarah Johnson,3,81.62975351356793,0.0566702758278671,231.0113185985797
2023-11-17,Product A,East,CUST1052,returning,Emily Davis,4,105.57235107524656,0.14967207407966854,359.08447329738993
2023-11-17,Product C,North,CUST3121,returning,John Smith,4,542.4727426193306,0.04939179716049006,2062.7161558031275
2023-11-17,Product A,South,CUST3206,returning,Robert Wilson,3,110.41794082779278,0.16412600804903843,276.8864549481966
2023-11-17,Product C,Central,CUST3224,returning,Sarah Johnson,1,588.4856374619889,0.07623168099769335,543.6243880752622
2023-11-17,Product B,West,CUST3860,new,Emily Davis,4,241.66491705971154,0.13814547720323134,833.1200070768734
2023-11-17,Product A,South,CUST1318,returning,Mike Brown,3,81.03518115214014,0.18085571493283026,199.1385165904753
2023-11-17,Product A,South,CUST3049,returning,Robert Wilson,1,98.28681997160736,0.16094187220978048,82.46835515183122
2023-11-17,Product C,West,CUST4367,returning,John Smith,2,408.79920601455865,0.016473561954090322,804.1296539349897
2023-11-17,Product E,Central,CUST4697,returning,Robert Wilson,4,1671.1467492975596,0.06864362435394149,6225.7327183938705
2023-11-17,Product C,North,CUST3529,new,Mike Brown,1,494.12378485889906,0.02047333938656981,484.0074209125064
2023-11-17,Product C,West,CUST1271,new,Emily Davis,4,460.5030455987671,0.08669388507928906,1682.3209899398598
2023-11-17,Product C,West,CUST4426,returning,Robert Wilson,2,576.1186109307669,0.08550767859520608,1053.7120918291646
2023-11-17,Product C,Central,CUST3201,returning,Robert Wilson,2,489.98169380701336,0.0731866727623117,908.2431278456725
2023-11-17,Product A,West,CUST2388,returning,Robert Wilson,2,100.46027009386391,0.08524085682576453,183.79390118823045
2023-11-17,Product B,South,CUST2178,returning,Emily Davis,4,291.7390757524896,0.18138528896698203,955.2875967766561
2023-11-17,Product D,Central,CUST3205,returning,John Smith,2,70.47096207018046,0.022230472067883478,137.80871863256488
2023-11-18,Product A,West,CUST2986,returning,Mike Brown,1,95.41206948467746,0.17011921885289133,79.18064275480634
2023-11-18,Product C,South,CUST3263,new,Sarah Johnson,2,443.5215440278496,0.07444812735630406,821.0043912655993
2023-11-18,Product B,East,CUST3690,new,Emily Davis,1,269.0183123568506,0.14645945636013735,229.61803657814463
2023-11-18,Product C,North,CUST3800,new,Robert Wilson,3,514.0984800446219,0.05239594298099424,1461.4854161927642
2023-11-18,Product C,South,CUST2787,new,Robert Wilson,4,496.12302404094163,0.09812148952087303,1789.770775745778
2023-11-18,Product D,Central,CUST3706,returning,Mike Brown,1,85.0091362969413,0.04203543747216215,81.43574006356873
2023-11-18,Product A,East,CUST1836,returning,Sarah Johnson,3,113.05435687363882,0.13261020239868276,294.186587179718
2023-11-18,Product A,Central,CUST4883,returning,John Smith,3,97.24682442990247,0.12552396283594763,255.12005296274842
2023-11-18,Product A,Central,CUST4424,new,John Smith,4,89.08471513755258,0.13003301164310327,310.0030453473947
2023-11-18,Product C,West,CUST4976,returning,John Smith,4,577.1569704705378,0.08912496502376169,2102.8715026565233
2023-11-18,Product D,Central,CUST1091,new,John Smith,1,71.11006151994219,0.02074841521610611,69.63464043748358
2023-11-18,Product C,South,CUST4646,returning,Mike Brown,2,412.32275452197734,0.015200615413299723,812.1103898086727
2023-11-18,Product B,South,CUST2408,returning,John Smith,1,274.89444547972454,0.12606155249532852,240.240824910208
2023-11-18,Product D,West,CUST4263,new,Robert Wilson,3,65.64985632900414,0.06276952471467862,184.58713814893682
2023-11-18,Product C,Central,CUST2505,new,Emily Davis,1,482.80144681262004,0.09636901182891153,436.27434847371904
2023-11-19,Product C,North,CUST3238,returning,Emily Davis,2,436.53557634473395,0.09067916477364033,793.9017897756275
2023-11-19,Product A,Central,CUST4939,new,Mike Brown,4,113.88359251755749,0.1348149902678163,394.12150840255606
2023-11-19,Product A,North,CUST4536,new,Robert Wilson,2,83.1363336894504,0.11415785410366902,147.29133647483235
2023-11-19,Product B,South,CUST2626,returning,John Smith,1,255.6928759305988,0.1967105419727589,205.39539172771734
2023-11-19,Product B,West,CUST4475,new,Sarah Johnson,3,216.18286033716163,0.09661731969133078,585.8875554245393
2023-11-19,Product C,South,CUST3942,returning,Mike Brown,1,588.3833423052054,0.030469761357318492,570.4554422785443
2023-11-19,Product E,South,CUST1627,returning,Robert Wilson,4,1385.3524888734726,0.060281582200512975,5207.364995755044
2023-11-19,Product B,West,CUST2992,returning,Sarah Johnson,4,299.59285705532426,0.19096516120517332,969.5242352473433
2023-11-19,Product B,East,CUST1233,returning,Sarah Johnson,1,287.7623203565851,0.09872527054396375,259.3529074270225
2023-11-19,Product D,South,CUST3797,returning,Sarah Johnson,3,70.56117374201536,0.05088366597166352,200.91228764027443
2023-11-19,Product B,East,CUST2320,returning,Emily Davis,3,289.8779055250233,0.18053152799881866,712.637412922481
2023-11-19,Product C,West,CUST2106,returning,Emily Davis,1,549.1288589384535,0.024748541480707754,535.5387205947615
2023-11-19,Product A,West,CUST4829,returning,Mike Brown,1,108.51856254307066,0.1011561955025278,97.54123761481051
2023-11-19,Product C,East,CUST2743,returning,Sarah Johnson,3,570.1854891869554,0.014613569001178984,1685.5591325917526
2023-11-19,Product B,West,CUST3562,returning,Robert Wilson,2,230.6665587609927,0.15872321298252637,388.10884285365046
2023-11-19,Product A,East,CUST3850,returning,John Smith,1,106.99902469465117,0.07704450999763421,98.755337266827
2023-11-20,Product B,Central,CUST1731,returning,Sarah Johnson,3,238.72226864152643,0.1561133440536066,604.3636109515029
2023-11-20,Product A,South,CUST1715,returning,Mike Brown,1,93.88360252478152,0.1008696635950592,84.41359512101455
2023-11-20,Product A,East,CUST2652,returning,John Smith,1,111.17655064785288,0.13799066124627218,95.83522490887599
2023-11-20,Product B,Central,CUST3740,returning,Sarah Johnson,2,260.46012175027107,0.10419656233686139,466.6421448761049
2023-11-20,Product B,South,CUST3053,returning,John Smith,3,236.92965649266392,0.12084442638791686,624.8940841785653
2023-11-20,Product B,South,CUST3445,new,Robert Wilson,2,224.43117499336384,0.17197056534152672,371.6712378989839
2023-11-20,Product B,West,CUST3907,returning,Robert Wilson,2,236.64479125863096,0.12586160761286458,413.72059479521783
2023-11-20,Product C,West,CUST4495,returning,Mike Brown,1,448.28117330898357,0.0051636387626218805,445.96641126593164
2023-11-20,Product B,Central,CUST2484,returning,Robert Wilson,2,214.28242951523671,0.17477638445663413,353.66184246396017
2023-11-20,Product D,North,CUST3013,new,Sarah Johnson,2,74.13821035313019,0.0010847562720400106,148.11557692890364
2023-11-20,Product A,Central,CUST4138,new,Sarah Johnson,4,106.03285210804903,0.05353502916209901,401.42552111321635
2023-11-20,Product D,West,CUST2611,returning,Emily Davis,1,81.08744090267221,0.04526152496286226,77.4172996720813
2023-11-21,Product C,East,CUST3161,new,Mike Brown,3,508.00774345663945,0.0020494788720483827,1520.8997769587643
2023-11-21,Product E,Central,CUST3191,new,Sarah Johnson,3,1708.1380178677553,0.07043324318897025,4763.48495236485
2023-11-21,Product B,East,CUST3882,new,John Smith,4,265.0272436713776,0.15879134094237252,891.7728490501547
2023-11-21,Product B,South,CUST4685,returning,Robert Wilson,3,231.29189789788845,0.1824381158379742,567.2863195104256
2023-11-21,Product C,West,CUST4383,returning,John Smith,3,401.95553199163044,0.0441308191155138,1152.650715350483
2023-11-21,Product C,North,CUST2582,returning,Robert Wilson,3,432.57147061766415,0.0008171092407713965,1296.6540374151853
2023-11-21,Product A,East,CUST3319,new,Robert Wilson,2,111.7087644733732,0.16858795658439663,185.75202427647912
2023-11-21,Product D,East,CUST1293,returning,Mike Brown,2,87.82041326642322,0.09982891634898851,158.1067931534317
2023-11-21,Product C,Central,CUST3717,returning,John Smith,1,499.30642272971033,0.04574279798355568,476.46674990289335
2023-11-21,Product A,Central,CUST3937,new,John Smith,3,83.37443739670431,0.07513537056318961,231.33020444221643
2023-11-21,Product C,North,CUST1646,new,Robert Wilson,3,419.48539399544046,0.05122714861350365,1193.9890601281256
2023-11-21,Product A,West,CUST1622,returning,John Smith,1,99.21134155557085,0.0508890840397822,94.16256725744988
2023-11-21,Product B,Central,CUST2237,returning,John Smith,1,223.97911737954098,0.13098732890940168,194.64069106250955
2023-11-22,Product C,East,CUST1926,returning,Robert Wilson,2,587.1835608176876,0.04458575945775174,1122.007071635048
2023-11-22,Product D,South,CUST3865,returning,John Smith,3,89.33351520528824,0.02292654296538076,261.85621959205713
2023-11-22,Product A,East,CUST4012,returning,Sarah Johnson,1,91.76665294032203,0.17969075182328798,75.27703408116882
2023-11-22,Product C,West,CUST2447,new,Robert Wilson,3,443.12377832582166,0.023261699447722564,1298.4478985288015
2023-11-22,Product E,North,CUST3313,returning,Sarah Johnson,3,1464.0640120345722,0.011620062717052904,4341.154489178851
2023-11-22,Product A,South,CUST1638,returning,Sarah Johnson,4,96.80110873848767,0.11898699196640505,341.13214396272855
2023-11-22,Product A,West,CUST3256,new,Mike Brown,1,83.78955873050519,0.17577454554934024,69.06148712287089
2023-11-22,Product B,Central,CUST2627,returning,Sarah Johnson,4,248.77883076603442,0.06979062271389117,925.6656049953566
2023-11-22,Product B,East,CUST1912,returning,John Smith,1,290.5087676092986,0.1694600998448168,241.27912284443218
2023-11-22,Product A,North,CUST4002,new,John Smith,1,119.83861215283547,0.13064711921562994,104.18204270426833
2023-11-22,Product A,Central,CUST1241,returning,Robert Wilson,3,91.16835350989197,0.12354800567568264,239.71405575902762
2023-11-22,Product B,South,CUST4054,returning,Sarah Johnson,3,249.78628141665533,0.11169364305361998,665.6602249812371
2023-11-22,Product C,North,CUST1974,returning,Mike Brown,2,507.2849102666904,0.038457310437680185,975.5521939844272
2023-11-22,Product A,North,CUST4873,new,John Smith,4,109.61593883009897,0.10971476996058162,390.3578052693659
2023-11-22,Product A,East,CUST2202,returning,Emily Davis,2,99.88266103166632,0.17131595227789154,165.54233568195312
2023-11-22,Product B,East,CUST4647,new,Emily Davis,3,219.8368791194003,0.1063847529894986,589.348761108902
2023-11-22,Product C,South,CUST4270,returning,Sarah Johnson,4,453.83868408989895,0.07426486579951658,1680.5376604853336
2023-11-22,Product A,South,CUST2268,returning,Mike Brown,3,111.02588605539658,0.17559148849848788,274.5920563831979
2023-11-23,Product C,South,CUST3992,new,John Smith,4,496.82120841791505,0.07417340284009952,1839.881155145712
2023-11-23,Product A,North,CUST1534,new,Mike Brown,1,119.77353313857617,0.10069594496319063,107.7128240376072
2023-11-23,Product A,East,CUST1147,new,John Smith,2,96.84918034679768,0.08113029422786147,177.98355569906954
2023-11-23,Product D,East,CUST3354,new,Robert Wilson,2,64.77473008333742,0.05585841423206646,122.31303275714411
2023-11-23,Product A,South,CUST4779,new,Mike Brown,1,89.17647882824788,0.1259091272954665,77.94834620370055
2023-11-23,Product E,North,CUST1065,returning,Emily Davis,2,1687.2559080880771,0.050551166876183974,3203.9263062309788
2023-11-23,Product D,South,CUST1548,returning,Sarah Johnson,3,75.21491059434592,0.06970251137120222,209.91672730007872
2023-11-23,Product B,Central,CUST1482,new,Mike Brown,3,205.10122125084303,0.15978527213879096,516.987200391836
2023-11-23,Product D,West,CUST4166,returning,Emily Davis,3,63.71937446543951,0.056615008461702844,180.3357046227127
2023-11-23,Product A,West,CUST2170,new,Emily Davis,4,115.44925513529904,0.13371892606009933,400.0460188966738
2023-11-23,Product C,North,CUST1570,returning,Robert Wilson,3,416.58002670677536,0.05084486863787977,1186.1972099151149
2023-11-23,Product A,East,CUST1505,returning,Sarah Johnson,2,91.05079266203985,0.10956239117505037,162.15010019920607
2023-11-23,Product C,South,CUST1687,returning,Emily Davis,1,580.9919263663895,0.09903906405290797,523.4510297567663
2023-11-23,Product A,North,CUST1355,new,Mike Brown,4,105.01419393108267,0.0593634393058166,395.1207608136224
2023-11-23,Product B,West,CUST4138,new,Emily Davis,3,264.6459868220819,0.11673859359006777,701.2547595636494
2023-11-24,Product B,East,CUST1283,returning,Mike Brown,2,273.2308857374054,0.15255178172021278,463.09805459434466
2023-11-24,Product A,South,CUST1345,returning,Sarah Johnson,2,89.52470113583583,0.15075444271584498,152.05690941360066
2023-11-24,Product A,Central,CUST3827,returning,Robert Wilson,4,87.75970548104183,0.11350374126010233,311.1946023082355
2023-11-24,Product B,South,CUST4072,returning,John Smith,3,266.7841377813216,0.05771472063503678,754.1602973982403
2023-11-24,Product B,North,CUST3083,returning,Mike Brown,3,222.13372080781394,0.19142495481563526,538.8353500174477
2023-11-24,Product E,Central,CUST2784,new,Mike Brown,2,1711.8044880477128,0.09863299793326558,3085.9281590318956
2023-11-24,Product B,North,CUST3784,returning,Sarah Johnson,2,246.23800607161175,0.12969758604200227,428.60306218465564
2023-11-24,Product E,North,CUST3075,returning,Mike Brown,2,1658.7108999484985,0.07578994122539447,3065.994596662961
2023-11-24,Product D,Central,CUST2750,new,Robert Wilson,1,79.0665077288585,0.08241640398711658,72.55013048602642
2023-11-24,Product A,Central,CUST3779,new,Robert Wilson,2,100.46079534989056,0.14097041121431103,172.59759143699947
2023-11-24,Product B,East,CUST3726,returning,John Smith,2,259.01651274510346,0.07772272687963172,477.77008613540227
2023-11-24,Product A,Central,CUST3962,returning,Emily Davis,1,119.01159080863093,0.1207225286351179,104.64421062932504
2023-11-24,Product C,North,CUST1761,returning,Sarah Johnson,4,566.4507221431126,0.02919403999443672,2199.654948423956
2023-11-25,Product C,West,CUST1861,returning,Sarah Johnson,4,597.890902745023,0.055374010032964306,2259.1331435912084
2023-11-25,Product A,West,CUST2129,returning,Mike Brown,4,111.90114918109634,0.12747512090856372,390.5461466377154
2023-11-25,Product B,North,CUST1868,returning,Mike Brown,3,209.4763376244615,0.10600188008654914,561.8143560078717
2023-11-25,Product C,West,CUST2913,returning,John Smith,2,571.569274045211,0.055542375342210716,1079.6459177842341
2023-11-25,Product D,North,CUST4545,returning,Mike Brown,4,77.57183310338368,0.0933650111811559,281.31735215337403
2023-11-25,Product C,West,CUST3338,returning,Emily Davis,3,420.81654181074623,0.0893910922393944,1149.5978745176367
2023-11-25,Product E,East,CUST3090,returning,Emily Davis,1,1424.1658089107773,0.04324331642829713,1362.5801561896867
2023-11-25,Product C,East,CUST4796,returning,Sarah Johnson,4,422.9163496468671,0.04229246134268691,1620.1207051129468
2023-11-25,Product E,Central,CUST2451,new,Robert Wilson,4,1682.7112945726583,0.07043609698180438,6256.750714543044
2023-11-25,Product E,North,CUST4217,returning,John Smith,3,1740.555848906753,0.0012091851010781697,5215.353584119981
2023-11-25,Product B,West,CUST3425,returning,Mike Brown,2,240.54529783257274,0.12458430510927226,421.15425810959744
2023-11-25,Product A,East,CUST4960,returning,Robert Wilson,1,85.33845539548085,0.13399893639221136,73.90319313913224
2023-11-26,Product D,West,CUST4775,returning,Emily Davis,3,69.01049408210172,0.030771646411357125,200.6607826786027
2023-11-26,Product C,East,CUST2342,new,Emily Davis,4,532.4998522525261,0.031050241566140946,2063.8624128246033
2023-11-26,Product B,Central,CUST3976,new,John Smith,1,213.05513286454604,0.09339128947555562,193.15763927694024
2023-11-26,Product B,East,CUST1278,returning,John Smith,4,240.07780308880078,0.16875259482622468,798.2562034295448
2023-11-26,Product D,Central,CUST3071,returning,Emily Davis,2,88.76389922518719,0.05221014589470707,168.25904619291418
2023-11-26,Product D,South,CUST4933,new,John Smith,4,76.90487572938352,0.008502157629926921,305.00407341368947
2023-11-26,Product C,North,CUST4952,returning,Sarah Johnson,1,513.0287213181606,0.06376407299716651,480.31592048238645
2023-11-26,Product D,North,CUST1175,returning,Mike Brown,2,88.914244210486,0.03991452055578261,170.73054956448937
2023-11-26,Product A,East,CUST3283,new,Mike Brown,3,106.86063759408277,0.08418660758399224,293.59320909232355
2023-11-26,Product C,West,CUST4900,new,Robert Wilson,3,555.4230509805826,0.055209798698739744,1574.2747684299145
2023-11-26,Product A,North,CUST4615,new,Sarah Johnson,1,87.07060422298302,0.08520311203276108,79.651917776612
2023-11-26,Product A,West,CUST1926,new,Emily Davis,1,112.5706208414126,0.06823429530376152,104.88944385639188
2023-11-26,Product D,East,CUST2633,returning,Sarah Johnson,3,67.2745830325014,0.08216289905856623,185.24132477278457
2023-11-27,Product C,Central,CUST1977,returning,Robert Wilson,4,400.4237043358724,0.03353398193126772,1547.9836122792879
2023-11-27,Product B,East,CUST4612,new,Emily Davis,4,293.65954218273896,0.18071709406094388,962.3609723048288
2023-11-27,Product C,West,CUST1554,returning,Robert Wilson,1,569.9626130714323,0.057801884073591325,537.0177001843962
2023-11-27,Product A,North,CUST3703,new,John Smith,1,108.14668227531679,0.06996624165599764,100.58006536894759
2023-11-27,Product A,North,CUST2403,returning,Robert Wilson,2,116.05690386407316,0.18769139778049865,188.54804271149663
2023-11-27,Product A,West,CUST3237,returning,Mike Brown,3,99.9512382958018,0.11213182883927078,266.2305694528314
2023-11-27,Product C,East,CUST1634,new,Sarah Johnson,4,519.6757246649994,0.0674354487407644,1938.524635890133
2023-11-27,Product E,North,CUST3309,returning,John Smith,2,1784.1947761086485,0.05107428616499084,3386.1366030791874
2023-11-27,Product A,West,CUST3876,returning,Emily Davis,4,113.74152981099475,0.07716105545002447,419.8604532891119
2023-11-27,Product D,West,CUST2584,new,Sarah Johnson,1,86.93373137751325,0.0719753227589857,80.67664800297378
2023-11-28,Product A,West,CUST4878,returning,Mike Brown,2,109.534930850121,0.061056076578738794,205.69431544817832
2023-11-28,Product B,South,CUST1198,returning,Robert Wilson,4,215.3231517905983,0.10503228693861709,770.8290749088031
2023-11-28,Product B,South,CUST3144,returning,Mike Brown,3,227.67249266006127,0.15335526546678185,578.2731513260809
2023-11-28,Product B,East,CUST4534,new,Sarah Johnson,2,287.83339279746923,0.06736565521918716,536.8866153954122
2023-11-28,Product A,East,CUST3968,returning,Emily Davis,4,84.23384447890017,0.07345219546258344,312.18673467868456
2023-11-28,Product D,East,CUST2350,new,Sarah Johnson,3,80.47062679682804,0.045625152902665084,230.3974264351484
2023-11-28,Product B,West,CUST3508,new,John Smith,4,206.5837347179259,0.05636592150352196,779.7578085716435
2023-11-28,Product C,East,CUST2641,new,Mike Brown,2,544.078725879148,0.08284301800160808,998.0112043936995
2023-11-28,Product B,East,CUST4999,new,Emily Davis,2,273.6336226546644,0.07605461573075133,505.645045265301
2023-11-28,Product C,North,CUST1842,new,Mike Brown,3,455.02357479310615,0.055696121030645834,1289.0415800988967
2023-11-28,Product B,South,CUST2100,returning,John Smith,3,227.4926447228436,0.14708012259892153,582.0989959399647
2023-11-28,Product A,South,CUST2605,returning,John Smith,3,94.60875016629471,0.1347060824102888,245.59312820897816
2023-11-28,Product B,West,CUST2976,new,Sarah Johnson,4,261.41915464162315,0.09957240116764418,941.5560868109641
2023-11-28,Product A,North,CUST3534,new,Mike Brown,4,108.64483188523977,0.173739086088976,359.07591234083105
2023-11-28,Product D,Central,CUST4107,returning,Mike Brown,3,82.51206877965765,0.07818635785854552,228.18225192720726
2023-11-28,Product C,Central,CUST2889,returning,John Smith,1,592.2128139516236,0.05112443169674448,561.9362703948169
